Starting a Gradle Daemon (subsequent builds will be faster)
Calculating task graph as no cached configuration is available for tasks: :composeApp:compileKotlinIosArm64 :composeApp:compileKotlinIosSimulatorArm64 :composeApp:compileKotlinIosX64 :common:compileKotlinIosArm64
> Task :common:checkKotlinGradlePluginConfigurationErrors SKIPPED
> Task :composeApp:checkKotlinGradlePluginConfigurationErrors SKIPPED
> Task :composeApp:convertXmlValueResourcesForAppleMain NO-SOURCE
> Task :composeApp:convertXmlValueResourcesForCommonMain NO-SOURCE
> Task :composeApp:copyNonXmlValueResourcesForCommonMain NO-SOURCE
> Task :composeApp:copyNonXmlValueResourcesForAppleMain NO-SOURCE
> Task :composeApp:prepareComposeResourcesTaskForAppleMain NO-SOURCE
> Task :composeApp:prepareComposeResourcesTaskForCommonMain NO-SOURCE
> Task :composeApp:generateResourceAccessorsForAppleMain SKIPPED
> Task :composeApp:generateResourceAccessorsForCommonMain SKIPPED
> Task :composeApp:copyNonXmlValueResourcesForIosArm64Main NO-SOURCE
> Task :composeApp:convertXmlValueResourcesForIosMain NO-SOURCE
> Task :composeApp:convertXmlValueResourcesForIosArm64Main NO-SOURCE
> Task :composeApp:copyNonXmlValueResourcesForIosMain NO-SOURCE
> Task :composeApp:prepareComposeResourcesTaskForIosArm64Main NO-SOURCE
> Task :composeApp:generateResourceAccessorsForIosArm64Main SKIPPED
> Task :composeApp:convertXmlValueResourcesForNativeMain NO-SOURCE
> Task :composeApp:copyNonXmlValueResourcesForNativeMain NO-SOURCE
> Task :composeApp:prepareComposeResourcesTaskForNativeMain NO-SOURCE
> Task :composeApp:generateResourceAccessorsForNativeMain SKIPPED
> Task :composeApp:generateComposeResClass SKIPPED
> Task :composeApp:generateExpectResourceCollectorsForCommonMain SKIPPED
> Task :composeApp:prepareComposeResourcesTaskForIosMain NO-SOURCE
> Task :composeApp:generateResourceAccessorsForIosMain SKIPPED
> Task :composeApp:generateActualResourceCollectorsForIosArm64Main SKIPPED
> Task :composeApp:convertXmlValueResourcesForIosSimulatorArm64Main NO-SOURCE
> Task :composeApp:copyNonXmlValueResourcesForIosSimulatorArm64Main NO-SOURCE
> Task :composeApp:prepareComposeResourcesTaskForIosSimulatorArm64Main NO-SOURCE
> Task :composeApp:generateResourceAccessorsForIosSimulatorArm64Main SKIPPED
> Task :composeApp:generateActualResourceCollectorsForIosSimulatorArm64Main SKIPPED

> Task :common:compileKotlinIosSimulatorArm64
Kotlin/Native bundle directory /Users/runner/.konan/kotlin-native-prebuilt-macos-aarch64-2.2.10 is not empty. Native bundle files will be overwritten.
Downloading native dependencies (LLVM, sysroot etc). This is a one-time action performed only on the first run of the compiler.
Downloading dependency https://download.jetbrains.com/kotlin/native/resources/llvm/19-aarch64-macos/llvm-19-aarch64-macos-essentials-75.tar.gz to /Users/runner/.konan/dependencies/cache/llvm-19-aarch64-macos-essentials-75.tar.gz

> Task :common:compileKotlinIosArm64
> Task :common:compileKotlinIosX64

> Task :common:compileKotlinIosSimulatorArm64 FROM-CACHE
Done.
Extracting dependency: /Users/runner/.konan/dependencies/cache/llvm-19-aarch64-macos-essentials-75.tar.gz into /Users/runner/.konan/dependencies
Downloading dependency https://download.jetbrains.com/kotlin/native/libffi-3.3-1-macos-arm64.tar.gz to /Users/runner/.konan/dependencies/cache/libffi-3.3-1-macos-arm64.tar.gz
Done.
Extracting dependency: /Users/runner/.konan/dependencies/cache/libffi-3.3-1-macos-arm64.tar.gz into /Users/runner/.konan/dependencies

> Task :common:compileKotlinIosArm64 FROM-CACHE
> Task :common:compileKotlinIosX64 FROM-CACHE
> Task :composeApp:convertXmlValueResourcesForIosX64Main NO-SOURCE
> Task :composeApp:copyNonXmlValueResourcesForIosX64Main NO-SOURCE
> Task :composeApp:prepareComposeResourcesTaskForIosX64Main NO-SOURCE
> Task :composeApp:generateResourceAccessorsForIosX64Main SKIPPED
> Task :composeApp:generateActualResourceCollectorsForIosX64Main SKIPPED
> Task :composeApp:compileKotlinIosX64
> Task :composeApp:compileKotlinIosSimulatorArm64
> Task :composeApp:compileKotlinIosArm64
gradle/actions: Writing build results to /Users/runner/work/_temp/.gradle-actions/build-results/__run_4-1788697121051.json

BUILD SUCCESSFUL in 1m 17s
6 actionable tasks: 3 executed, 3 from cache
Configuration cache entry stored.
Calculating task graph as no cached configuration is available for tasks: :composeApp:linkDebugFrameworkIosSimulatorArm64 :composeApp:linkDebugFrameworkIosArm64
> Task :common:checkKotlinGradlePluginConfigurationErrors SKIPPED
> Task :composeApp:checkKotlinGradlePluginConfigurationErrors SKIPPED
> Task :composeApp:convertXmlValueResourcesForAppleMain NO-SOURCE
> Task :composeApp:copyNonXmlValueResourcesForAppleMain NO-SOURCE
> Task :composeApp:convertXmlValueResourcesForCommonMain NO-SOURCE
> Task :composeApp:copyNonXmlValueResourcesForCommonMain NO-SOURCE
> Task :composeApp:prepareComposeResourcesTaskForAppleMain NO-SOURCE
> Task :composeApp:generateResourceAccessorsForAppleMain SKIPPED
> Task :composeApp:prepareComposeResourcesTaskForCommonMain NO-SOURCE
> Task :composeApp:generateResourceAccessorsForCommonMain SKIPPED
> Task :composeApp:convertXmlValueResourcesForIosMain NO-SOURCE
> Task :composeApp:convertXmlValueResourcesForIosSimulatorArm64Main NO-SOURCE
> Task :composeApp:copyNonXmlValueResourcesForIosMain NO-SOURCE
> Task :composeApp:copyNonXmlValueResourcesForIosSimulatorArm64Main NO-SOURCE
> Task :composeApp:prepareComposeResourcesTaskForIosMain NO-SOURCE
> Task :composeApp:generateResourceAccessorsForIosMain SKIPPED
> Task :composeApp:prepareComposeResourcesTaskForIosSimulatorArm64Main NO-SOURCE
> Task :composeApp:convertXmlValueResourcesForNativeMain NO-SOURCE
> Task :composeApp:generateResourceAccessorsForIosSimulatorArm64Main SKIPPED
> Task :composeApp:generateComposeResClass SKIPPED
> Task :composeApp:generateExpectResourceCollectorsForCommonMain SKIPPED
> Task :composeApp:copyNonXmlValueResourcesForNativeMain NO-SOURCE
> Task :composeApp:prepareComposeResourcesTaskForNativeMain NO-SOURCE
> Task :composeApp:generateResourceAccessorsForNativeMain SKIPPED
> Task :composeApp:generateActualResourceCollectorsForIosSimulatorArm64Main SKIPPED
> Task :composeApp:convertXmlValueResourcesForIosArm64Main NO-SOURCE
> Task :composeApp:copyNonXmlValueResourcesForIosArm64Main NO-SOURCE
> Task :composeApp:prepareComposeResourcesTaskForIosArm64Main NO-SOURCE
> Task :composeApp:generateResourceAccessorsForIosArm64Main SKIPPED
> Task :composeApp:generateActualResourceCollectorsForIosArm64Main SKIPPED
> Task :common:compileKotlinIosSimulatorArm64 UP-TO-DATE
> Task :common:compileKotlinIosArm64 UP-TO-DATE
> Task :composeApp:compileKotlinIosSimulatorArm64 UP-TO-DATE
> Task :composeApp:compileKotlinIosArm64 UP-TO-DATE
> Task :composeApp:linkDebugFrameworkIosSimulatorArm64
> Task :composeApp:linkDebugFrameworkIosArm64
w: The number of threads 4 is more than the number of processors 3
i: <org.jetbrains.compose.material3:material3> @ /opt/buildAgent/work/42d4a48e2f801fd0/compose/material3/material3/src/skikoMain/kotlin/androidx/compose/material3/internal/KotlinxDatetimeCalendarModel.kt:131:5: Function 'toCalendarMonth' uses unlinked class symbol 'kotlinx.datetime/Instant|null[0]'
i: <org.jetbrains.compose.material3:material3> @ /opt/buildAgent/work/42d4a48e2f801fd0/compose/material3/material3/src/skikoMain/kotlin/androidx/compose/material3/internal/KotlinxDatetimeCalendarModel.kt:40:29: Can not get instance of singleton 'System': No class found for symbol 'kotlinx.datetime/Clock.System|null[0]'
i: <org.jetbrains.compose.material3:material3> @ /opt/buildAgent/work/42d4a48e2f801fd0/compose/material3/material3/src/skikoMain/kotlin/androidx/compose/material3/internal/KotlinxDatetimeCalendarModel.kt:40:42: Function 'now' can not be called: No function found for symbol 'kotlinx.datetime/Clock.System.now|now(){}[0]'
i: <org.jetbrains.compose.material3:material3> @ /opt/buildAgent/work/42d4a48e2f801fd0/compose/material3/material3/src/skikoMain/kotlin/androidx/compose/material3/internal/KotlinxDatetimeCalendarModel.kt:40:48: Function 'toLocalDateTime' can not be called: No function found for symbol 'kotlinx.datetime/toLocalDateTime|toLocalDateTime@kotlinx.datetime.Instant(kotlinx.datetime.TimeZone){}[0]'
i: <org.jetbrains.compose.material3:material3> @ /opt/buildAgent/work/42d4a48e2f801fd0/compose/material3/material3/src/skikoMain/kotlin/androidx/compose/material3/internal/KotlinxDatetimeCalendarModel.kt:47:22: Function 'toInstant' can not be called: No function found for symbol 'kotlinx.datetime/toInstant|toInstant@kotlinx.datetime.LocalDateTime(kotlinx.datetime.TimeZone){}[0]'
i: <org.jetbrains.compose.material3:material3> @ /opt/buildAgent/work/42d4a48e2f801fd0/compose/material3/material3/src/skikoMain/kotlin/androidx/compose/material3/internal/KotlinxDatetimeCalendarModel.kt:48:22: Function 'toEpochMilliseconds' can not be called: No function found for symbol 'kotlinx.datetime/Instant.toEpochMilliseconds|toEpochMilliseconds(){}[0]'
i: <org.jetbrains.compose.material3:material3> @ /opt/buildAgent/work/42d4a48e2f801fd0/compose/material3/material3/src/skikoMain/kotlin/androidx/compose/material3/internal/KotlinxDatetimeCalendarModel.kt:67:16: Can not get instance of singleton 'Companion': No class found for symbol 'kotlinx.datetime/Instant.Companion|null[0]'
i: <org.jetbrains.compose.material3:material3> @ /opt/buildAgent/work/42d4a48e2f801fd0/compose/material3/material3/src/skikoMain/kotlin/androidx/compose/material3/internal/KotlinxDatetimeCalendarModel.kt:68:14: Function 'fromEpochMilliseconds' can not be called: No function found for symbol 'kotlinx.datetime/Instant.Companion.fromEpochMilliseconds|fromEpochMilliseconds(kotlin.Long){}[0]'
i: <org.jetbrains.compose.material3:material3> @ /opt/buildAgent/work/42d4a48e2f801fd0/compose/material3/material3/src/skikoMain/kotlin/androidx/compose/material3/internal/KotlinxDatetimeCalendarModel.kt:69:14: Function 'toLocalDateTime' can not be called: No function found for symbol 'kotlinx.datetime/toLocalDateTime|toLocalDateTime@kotlinx.datetime.Instant(kotlinx.datetime.TimeZone){}[0]'
i: <org.jetbrains.compose.material3:material3> @ /opt/buildAgent/work/42d4a48e2f801fd0/compose/material3/material3/src/skikoMain/kotlin/androidx/compose/material3/internal/KotlinxDatetimeCalendarModel.kt:71:14: Function 'atStartOfDayIn' can not be called: No function found for symbol 'kotlinx.datetime/atStartOfDayIn|atStartOfDayIn@kotlinx.datetime.LocalDate(kotlinx.datetime.TimeZone){}[0]'
i: <org.jetbrains.compose.material3:material3> @ /opt/buildAgent/work/42d4a48e2f801fd0/compose/material3/material3/src/skikoMain/kotlin/androidx/compose/material3/internal/KotlinxDatetimeCalendarModel.kt:72:14: Function 'toCalendarDate' can not be called: Function uses unlinked class symbol 'kotlinx.datetime/Instant|null[0]'
i: <org.jetbrains.compose.material3:material3> @ /opt/buildAgent/work/42d4a48e2f801fd0/compose/material3/material3/src/skikoMain/kotlin/androidx/compose/material3/internal/KotlinxDatetimeCalendarModel.kt:76:16: Can not get instance of singleton 'Companion': No class found for symbol 'kotlinx.datetime/Instant.Companion|null[0]'
i: <org.jetbrains.compose.material3:material3> @ /opt/buildAgent/work/42d4a48e2f801fd0/compose/material3/material3/src/skikoMain/kotlin/androidx/compose/material3/internal/KotlinxDatetimeCalendarModel.kt:77:14: Function 'fromEpochMilliseconds' can not be called: No function found for symbol 'kotlinx.datetime/Instant.Companion.fromEpochMilliseconds|fromEpochMilliseconds(kotlin.Long){}[0]'
i: <org.jetbrains.compose.material3:material3> @ /opt/buildAgent/work/42d4a48e2f801fd0/compose/material3/material3/src/skikoMain/kotlin/androidx/compose/material3/internal/KotlinxDatetimeCalendarModel.kt:78:14: Function 'toCalendarMonth' can not be called: Function uses unlinked class symbol 'kotlinx.datetime/Instant|null[0]'
i: <org.jetbrains.compose.material3:material3> @ /opt/buildAgent/work/42d4a48e2f801fd0/compose/material3/material3/src/skikoMain/kotlin/androidx/compose/material3/internal/KotlinxDatetimeCalendarModel.kt:93:25: Can not read value from variable 'instant': Variable uses unlinked class symbol 'kotlinx.datetime/Instant|null[0]'
i: <org.jetbrains.compose.material3:material3> @ /opt/buildAgent/work/42d4a48e2f801fd0/compose/material3/material3/src/skikoMain/kotlin/androidx/compose/material3/internal/KotlinxDatetimeCalendarModel.kt:93:33: Function 'toEpochMilliseconds' can not be called: No function found for symbol 'kotlinx.datetime/Instant.toEpochMilliseconds|toEpochMilliseconds(){}[0]'
i: <org.jetbrains.compose.material3:material3> @ /opt/buildAgent/work/42d4a48e2f801fd0/compose/material3/material3/src/skikoMain/kotlin/androidx/compose/material3/internal/KotlinxDatetimeCalendarModel.kt:105:16: Can not get instance of singleton 'Companion': No class found for symbol 'kotlinx.datetime/Instant.Companion|null[0]'
i: <org.jetbrains.compose.material3:material3> @ /opt/buildAgent/work/42d4a48e2f801fd0/compose/material3/material3/src/skikoMain/kotlin/androidx/compose/material3/internal/KotlinxDatetimeCalendarModel.kt:106:14: Function 'fromEpochMilliseconds' can not be called: No function found for symbol 'kotlinx.datetime/Instant.Companion.fromEpochMilliseconds|fromEpochMilliseconds(kotlin.Long){}[0]'
i: <org.jetbrains.compose.material3:material3> @ /opt/buildAgent/work/42d4a48e2f801fd0/compose/material3/material3/src/skikoMain/kotlin/androidx/compose/material3/internal/KotlinxDatetimeCalendarModel.kt:107:14: Function 'toLocalDateTime' can not be called: No function found for symbol 'kotlinx.datetime/toLocalDateTime|toLocalDateTime@kotlinx.datetime.Instant(kotlinx.datetime.TimeZone){}[0]'
i: <org.jetbrains.compose.material3:material3> @ /opt/buildAgent/work/42d4a48e2f801fd0/compose/material3/material3/src/skikoMain/kotlin/androidx/compose/material3/internal/KotlinxDatetimeCalendarModel.kt:111:14: Function 'toInstant' can not be called: No function found for symbol 'kotlinx.datetime/toInstant|toInstant@kotlinx.datetime.LocalDateTime(kotlinx.datetime.TimeZone){}[0]'
i: <org.jetbrains.compose.material3:material3> @ /opt/buildAgent/work/42d4a48e2f801fd0/compose/material3/material3/src/skikoMain/kotlin/androidx/compose/material3/internal/KotlinxDatetimeCalendarModel.kt:112:14: Function 'toCalendarMonth' can not be called: Function uses unlinked class symbol 'kotlinx.datetime/Instant|null[0]'
i: <org.jetbrains.compose.material3:material3> @ /opt/buildAgent/work/42d4a48e2f801fd0/compose/material3/material3/src/skikoMain/kotlin/androidx/compose/material3/internal/KotlinxDatetimeCalendarModel.kt:161:1: Function 'toCalendarDate' uses unlinked class symbol 'kotlinx.datetime/Instant|null[0]'
i: <org.jetbrains.compose.material3:material3> @ /opt/buildAgent/work/42d4a48e2f801fd0/compose/material3/material3/src/darwinMain/kotlin/androidx/compose/material3/internal/PlatformDateFormat.darwin.kt:73:16: Can not get instance of singleton 'Companion': No class found for symbol 'kotlinx.datetime/Instant.Companion|null[0]'
i: <org.jetbrains.compose.material3:material3> @ /opt/buildAgent/work/42d4a48e2f801fd0/compose/material3/material3/src/darwinMain/kotlin/androidx/compose/material3/internal/PlatformDateFormat.darwin.kt:74:14: Function 'fromEpochMilliseconds' can not be called: No function found for symbol 'kotlinx.datetime/Instant.Companion.fromEpochMilliseconds|fromEpochMilliseconds(kotlin.Long){}[0]'
i: <org.jetbrains.compose.material3:material3> @ /opt/buildAgent/work/42d4a48e2f801fd0/compose/material3/material3/src/darwinMain/kotlin/androidx/compose/material3/internal/PlatformDateFormat.darwin.kt:75:14: Function 'toCalendarDate' can not be called: Function uses unlinked class symbol 'kotlinx.datetime/Instant|null[0]'
i: <missing declarations>: No class found for symbol 'kotlinx.datetime/Instant|null[0]'
i: <missing declarations>: No class found for symbol 'kotlinx.datetime/Instant.Companion|null[0]'
i: <missing declarations>: No class found for symbol 'kotlinx.datetime/Clock.System|null[0]'
i: <missing declarations>: No function found for symbol 'kotlinx.datetime/Instant.Companion.fromEpochMilliseconds|fromEpochMilliseconds(kotlin.Long){}[0]'
i: <missing declarations>: No function found for symbol 'kotlinx.datetime/toLocalDateTime|toLocalDateTime@kotlinx.datetime.Instant(kotlinx.datetime.TimeZone){}[0]'
i: <missing declarations>: No function found for symbol 'kotlinx.datetime/Clock.System.now|now(){}[0]'
i: <missing declarations>: No function found for symbol 'kotlinx.datetime/Instant.toEpochMilliseconds|toEpochMilliseconds(){}[0]'
i: <missing declarations>: No function found for symbol 'kotlinx.datetime/toInstant|toInstant@kotlinx.datetime.LocalDateTime(kotlinx.datetime.TimeZone){}[0]'
i: <missing declarations>: No function found for symbol 'kotlinx.datetime/atStartOfDayIn|atStartOfDayIn@kotlinx.datetime.LocalDate(kotlinx.datetime.TimeZone){}[0]'

> Task :composeApp:linkDebugFrameworkIosSimulatorArm64
w: The number of threads 4 is more than the number of processors 3
i: <org.jetbrains.compose.material3:material3> @ /opt/buildAgent/work/42d4a48e2f801fd0/compose/material3/material3/src/skikoMain/kotlin/androidx/compose/material3/internal/KotlinxDatetimeCalendarModel.kt:131:5: Function 'toCalendarMonth' uses unlinked class symbol 'kotlinx.datetime/Instant|null[0]'
i: <org.jetbrains.compose.material3:material3> @ /opt/buildAgent/work/42d4a48e2f801fd0/compose/material3/material3/src/skikoMain/kotlin/androidx/compose/material3/internal/KotlinxDatetimeCalendarModel.kt:40:29: Can not get instance of singleton 'System': No class found for symbol 'kotlinx.datetime/Clock.System|null[0]'
i: <org.jetbrains.compose.material3:material3> @ /opt/buildAgent/work/42d4a48e2f801fd0/compose/material3/material3/src/skikoMain/kotlin/androidx/compose/material3/internal/KotlinxDatetimeCalendarModel.kt:40:42: Function 'now' can not be called: No function found for symbol 'kotlinx.datetime/Clock.System.now|now(){}[0]'
i: <org.jetbrains.compose.material3:material3> @ /opt/buildAgent/work/42d4a48e2f801fd0/compose/material3/material3/src/skikoMain/kotlin/androidx/compose/material3/internal/KotlinxDatetimeCalendarModel.kt:40:48: Function 'toLocalDateTime' can not be called: No function found for symbol 'kotlinx.datetime/toLocalDateTime|toLocalDateTime@kotlinx.datetime.Instant(kotlinx.datetime.TimeZone){}[0]'
i: <org.jetbrains.compose.material3:material3> @ /opt/buildAgent/work/42d4a48e2f801fd0/compose/material3/material3/src/skikoMain/kotlin/androidx/compose/material3/internal/KotlinxDatetimeCalendarModel.kt:47:22: Function 'toInstant' can not be called: No function found for symbol 'kotlinx.datetime/toInstant|toInstant@kotlinx.datetime.LocalDateTime(kotlinx.datetime.TimeZone){}[0]'
i: <org.jetbrains.compose.material3:material3> @ /opt/buildAgent/work/42d4a48e2f801fd0/compose/material3/material3/src/skikoMain/kotlin/androidx/compose/material3/internal/KotlinxDatetimeCalendarModel.kt:48:22: Function 'toEpochMilliseconds' can not be called: No function found for symbol 'kotlinx.datetime/Instant.toEpochMilliseconds|toEpochMilliseconds(){}[0]'
i: <org.jetbrains.compose.material3:material3> @ /opt/buildAgent/work/42d4a48e2f801fd0/compose/material3/material3/src/skikoMain/kotlin/androidx/compose/material3/internal/KotlinxDatetimeCalendarModel.kt:67:16: Can not get instance of singleton 'Companion': No class found for symbol 'kotlinx.datetime/Instant.Companion|null[0]'
i: <org.jetbrains.compose.material3:material3> @ /opt/buildAgent/work/42d4a48e2f801fd0/compose/material3/material3/src/skikoMain/kotlin/androidx/compose/material3/internal/KotlinxDatetimeCalendarModel.kt:68:14: Function 'fromEpochMilliseconds' can not be called: No function found for symbol 'kotlinx.datetime/Instant.Companion.fromEpochMilliseconds|fromEpochMilliseconds(kotlin.Long){}[0]'
i: <org.jetbrains.compose.material3:material3> @ /opt/buildAgent/work/42d4a48e2f801fd0/compose/material3/material3/src/skikoMain/kotlin/androidx/compose/material3/internal/KotlinxDatetimeCalendarModel.kt:69:14: Function 'toLocalDateTime' can not be called: No function found for symbol 'kotlinx.datetime/toLocalDateTime|toLocalDateTime@kotlinx.datetime.Instant(kotlinx.datetime.TimeZone){}[0]'
i: <org.jetbrains.compose.material3:material3> @ /opt/buildAgent/work/42d4a48e2f801fd0/compose/material3/material3/src/skikoMain/kotlin/androidx/compose/material3/internal/KotlinxDatetimeCalendarModel.kt:71:14: Function 'atStartOfDayIn' can not be called: No function found for symbol 'kotlinx.datetime/atStartOfDayIn|atStartOfDayIn@kotlinx.datetime.LocalDate(kotlinx.datetime.TimeZone){}[0]'
i: <org.jetbrains.compose.material3:material3> @ /opt/buildAgent/work/42d4a48e2f801fd0/compose/material3/material3/src/skikoMain/kotlin/androidx/compose/material3/internal/KotlinxDatetimeCalendarModel.kt:72:14: Function 'toCalendarDate' can not be called: Function uses unlinked class symbol 'kotlinx.datetime/Instant|null[0]'
i: <org.jetbrains.compose.material3:material3> @ /opt/buildAgent/work/42d4a48e2f801fd0/compose/material3/material3/src/skikoMain/kotlin/androidx/compose/material3/internal/KotlinxDatetimeCalendarModel.kt:76:16: Can not get instance of singleton 'Companion': No class found for symbol 'kotlinx.datetime/Instant.Companion|null[0]'
i: <org.jetbrains.compose.material3:material3> @ /opt/buildAgent/work/42d4a48e2f801fd0/compose/material3/material3/src/skikoMain/kotlin/androidx/compose/material3/internal/KotlinxDatetimeCalendarModel.kt:77:14: Function 'fromEpochMilliseconds' can not be called: No function found for symbol 'kotlinx.datetime/Instant.Companion.fromEpochMilliseconds|fromEpochMilliseconds(kotlin.Long){}[0]'
i: <org.jetbrains.compose.material3:material3> @ /opt/buildAgent/work/42d4a48e2f801fd0/compose/material3/material3/src/skikoMain/kotlin/androidx/compose/material3/internal/KotlinxDatetimeCalendarModel.kt:78:14: Function 'toCalendarMonth' can not be called: Function uses unlinked class symbol 'kotlinx.datetime/Instant|null[0]'
i: <org.jetbrains.compose.material3:material3> @ /opt/buildAgent/work/42d4a48e2f801fd0/compose/material3/material3/src/skikoMain/kotlin/androidx/compose/material3/internal/KotlinxDatetimeCalendarModel.kt:93:25: Can not read value from variable 'instant': Variable uses unlinked class symbol 'kotlinx.datetime/Instant|null[0]'
i: <org.jetbrains.compose.material3:material3> @ /opt/buildAgent/work/42d4a48e2f801fd0/compose/material3/material3/src/skikoMain/kotlin/androidx/compose/material3/internal/KotlinxDatetimeCalendarModel.kt:93:33: Function 'toEpochMilliseconds' can not be called: No function found for symbol 'kotlinx.datetime/Instant.toEpochMilliseconds|toEpochMilliseconds(){}[0]'
i: <org.jetbrains.compose.material3:material3> @ /opt/buildAgent/work/42d4a48e2f801fd0/compose/material3/material3/src/skikoMain/kotlin/androidx/compose/material3/internal/KotlinxDatetimeCalendarModel.kt:105:16: Can not get instance of singleton 'Companion': No class found for symbol 'kotlinx.datetime/Instant.Companion|null[0]'
i: <org.jetbrains.compose.material3:material3> @ /opt/buildAgent/work/42d4a48e2f801fd0/compose/material3/material3/src/skikoMain/kotlin/androidx/compose/material3/internal/KotlinxDatetimeCalendarModel.kt:106:14: Function 'fromEpochMilliseconds' can not be called: No function found for symbol 'kotlinx.datetime/Instant.Companion.fromEpochMilliseconds|fromEpochMilliseconds(kotlin.Long){}[0]'
i: <org.jetbrains.compose.material3:material3> @ /opt/buildAgent/work/42d4a48e2f801fd0/compose/material3/material3/src/skikoMain/kotlin/androidx/compose/material3/internal/KotlinxDatetimeCalendarModel.kt:107:14: Function 'toLocalDateTime' can not be called: No function found for symbol 'kotlinx.datetime/toLocalDateTime|toLocalDateTime@kotlinx.datetime.Instant(kotlinx.datetime.TimeZone){}[0]'
i: <org.jetbrains.compose.material3:material3> @ /opt/buildAgent/work/42d4a48e2f801fd0/compose/material3/material3/src/skikoMain/kotlin/androidx/compose/material3/internal/KotlinxDatetimeCalendarModel.kt:111:14: Function 'toInstant' can not be called: No function found for symbol 'kotlinx.datetime/toInstant|toInstant@kotlinx.datetime.LocalDateTime(kotlinx.datetime.TimeZone){}[0]'
i: <org.jetbrains.compose.material3:material3> @ /opt/buildAgent/work/42d4a48e2f801fd0/compose/material3/material3/src/skikoMain/kotlin/androidx/compose/material3/internal/KotlinxDatetimeCalendarModel.kt:112:14: Function 'toCalendarMonth' can not be called: Function uses unlinked class symbol 'kotlinx.datetime/Instant|null[0]'
i: <org.jetbrains.compose.material3:material3> @ /opt/buildAgent/work/42d4a48e2f801fd0/compose/material3/material3/src/skikoMain/kotlin/androidx/compose/material3/internal/KotlinxDatetimeCalendarModel.kt:161:1: Function 'toCalendarDate' uses unlinked class symbol 'kotlinx.datetime/Instant|null[0]'
i: <org.jetbrains.compose.material3:material3> @ /opt/buildAgent/work/42d4a48e2f801fd0/compose/material3/material3/src/darwinMain/kotlin/androidx/compose/material3/internal/PlatformDateFormat.darwin.kt:73:16: Can not get instance of singleton 'Companion': No class found for symbol 'kotlinx.datetime/Instant.Companion|null[0]'
i: <org.jetbrains.compose.material3:material3> @ /opt/buildAgent/work/42d4a48e2f801fd0/compose/material3/material3/src/darwinMain/kotlin/androidx/compose/material3/internal/PlatformDateFormat.darwin.kt:74:14: Function 'fromEpochMilliseconds' can not be called: No function found for symbol 'kotlinx.datetime/Instant.Companion.fromEpochMilliseconds|fromEpochMilliseconds(kotlin.Long){}[0]'
i: <org.jetbrains.compose.material3:material3> @ /opt/buildAgent/work/42d4a48e2f801fd0/compose/material3/material3/src/darwinMain/kotlin/androidx/compose/material3/internal/PlatformDateFormat.darwin.kt:75:14: Function 'toCalendarDate' can not be called: Function uses unlinked class symbol 'kotlinx.datetime/Instant|null[0]'
i: <missing declarations>: No class found for symbol 'kotlinx.datetime/Instant|null[0]'
i: <missing declarations>: No class found for symbol 'kotlinx.datetime/Instant.Companion|null[0]'
i: <missing declarations>: No class found for symbol 'kotlinx.datetime/Clock.System|null[0]'
i: <missing declarations>: No function found for symbol 'kotlinx.datetime/Instant.Companion.fromEpochMilliseconds|fromEpochMilliseconds(kotlin.Long){}[0]'
i: <missing declarations>: No function found for symbol 'kotlinx.datetime/toLocalDateTime|toLocalDateTime@kotlinx.datetime.Instant(kotlinx.datetime.TimeZone){}[0]'
i: <missing declarations>: No function found for symbol 'kotlinx.datetime/Clock.System.now|now(){}[0]'
i: <missing declarations>: No function found for symbol 'kotlinx.datetime/Instant.toEpochMilliseconds|toEpochMilliseconds(){}[0]'
i: <missing declarations>: No function found for symbol 'kotlinx.datetime/toInstant|toInstant@kotlinx.datetime.LocalDateTime(kotlinx.datetime.TimeZone){}[0]'
i: <missing declarations>: No function found for symbol 'kotlinx.datetime/atStartOfDayIn|atStartOfDayIn@kotlinx.datetime.LocalDate(kotlinx.datetime.TimeZone){}[0]'
gradle/actions: Writing build results to /Users/runner/work/_temp/.gradle-actions/build-results/__run_5-1788697197998.json

BUILD SUCCESSFUL in 13m 6s
6 actionable tasks: 2 executed, 4 up-to-date
Configuration cache entry stored.
Calculating task graph as no cached configuration is available for tasks: :composeApp:iosSimulatorArm64Test
> Task :composeApp:checkKotlinGradlePluginConfigurationErrors SKIPPED
> Task :composeApp:convertXmlValueResourcesForAppleMain NO-SOURCE
> Task :composeApp:copyNonXmlValueResourcesForAppleMain NO-SOURCE
> Task :composeApp:convertXmlValueResourcesForCommonMain NO-SOURCE
> Task :composeApp:copyNonXmlValueResourcesForCommonMain NO-SOURCE
> Task :composeApp:prepareComposeResourcesTaskForAppleMain NO-SOURCE
> Task :composeApp:generateResourceAccessorsForAppleMain SKIPPED
> Task :composeApp:convertXmlValueResourcesForIosMain NO-SOURCE
> Task :composeApp:prepareComposeResourcesTaskForCommonMain NO-SOURCE
> Task :composeApp:copyNonXmlValueResourcesForIosMain NO-SOURCE
> Task :composeApp:generateResourceAccessorsForCommonMain SKIPPED
> Task :composeApp:convertXmlValueResourcesForIosSimulatorArm64Main NO-SOURCE
> Task :composeApp:prepareComposeResourcesTaskForIosMain NO-SOURCE
> Task :composeApp:generateResourceAccessorsForIosMain SKIPPED
> Task :composeApp:convertXmlValueResourcesForNativeMain NO-SOURCE
> Task :composeApp:copyNonXmlValueResourcesForIosSimulatorArm64Main NO-SOURCE
> Task :composeApp:copyNonXmlValueResourcesForNativeMain NO-SOURCE
> Task :composeApp:prepareComposeResourcesTaskForIosSimulatorArm64Main NO-SOURCE
> Task :common:checkKotlinGradlePluginConfigurationErrors SKIPPED
> Task :composeApp:generateResourceAccessorsForIosSimulatorArm64Main SKIPPED
> Task :composeApp:prepareComposeResourcesTaskForNativeMain NO-SOURCE
> Task :composeApp:generateComposeResClass SKIPPED
> Task :composeApp:generateExpectResourceCollectorsForCommonMain SKIPPED
> Task :composeApp:convertXmlValueResourcesForAppleTest NO-SOURCE
> Task :composeApp:copyNonXmlValueResourcesForAppleTest NO-SOURCE
> Task :composeApp:prepareComposeResourcesTaskForAppleTest NO-SOURCE
> Task :composeApp:generateResourceAccessorsForNativeMain SKIPPED
> Task :composeApp:generateResourceAccessorsForAppleTest SKIPPED
> Task :composeApp:generateActualResourceCollectorsForIosSimulatorArm64Main SKIPPED
> Task :composeApp:convertXmlValueResourcesForCommonTest NO-SOURCE
> Task :composeApp:convertXmlValueResourcesForIosSimulatorArm64Test NO-SOURCE
> Task :composeApp:copyNonXmlValueResourcesForIosSimulatorArm64Test NO-SOURCE
> Task :composeApp:prepareComposeResourcesTaskForIosSimulatorArm64Test NO-SOURCE
> Task :composeApp:generateResourceAccessorsForIosSimulatorArm64Test SKIPPED
> Task :composeApp:convertXmlValueResourcesForIosTest NO-SOURCE
> Task :composeApp:copyNonXmlValueResourcesForCommonTest NO-SOURCE
> Task :composeApp:copyNonXmlValueResourcesForIosTest NO-SOURCE
> Task :composeApp:prepareComposeResourcesTaskForIosTest NO-SOURCE
> Task :composeApp:generateResourceAccessorsForIosTest SKIPPED
> Task :composeApp:convertXmlValueResourcesForNativeTest NO-SOURCE
> Task :composeApp:copyNonXmlValueResourcesForNativeTest NO-SOURCE
> Task :composeApp:prepareComposeResourcesTaskForNativeTest NO-SOURCE
> Task :composeApp:generateResourceAccessorsForNativeTest SKIPPED
> Task :composeApp:iosSimulatorArm64ResolveResourcesFromDependencies
> Task :composeApp:prepareComposeResourcesTaskForCommonTest NO-SOURCE
> Task :composeApp:generateResourceAccessorsForCommonTest SKIPPED
> Task :composeApp:assembleIosSimulatorArm64MainResources
> Task :composeApp:assembleIosSimulatorArm64TestResources
> Task :composeApp:iosSimulatorArm64ResolveSelfResourcesCopyHierarchicalMultiplatformResources
> Task :composeApp:iosSimulatorArm64AggregateResources
> Task :composeApp:iosSimulatorArm64ProcessResources
> Task :composeApp:copyTestComposeResourcesForIosSimulatorArm64
> Task :common:compileKotlinIosSimulatorArm64 UP-TO-DATE
> Task :composeApp:compileKotlinIosSimulatorArm64 UP-TO-DATE
> Task :composeApp:iosSimulatorArm64MainKlibrary
> Task :composeApp:compileTestKotlinIosSimulatorArm64

> Task :composeApp:linkDebugTestIosSimulatorArm64
w: The number of threads 4 is more than the number of processors 3

> Task :composeApp:iosSimulatorArm64Test
gradle/actions: Writing build results to /Users/runner/work/_temp/.gradle-actions/build-results/__run_6-1788697987683.json

BUILD SUCCESSFUL in 28s
12 actionable tasks: 10 executed, 2 up-to-date
Configuration cache entry stored.
Command line invocation:
    /Applications/Xcode_26.6.app/Contents/Developer/usr/bin/xcodebuild -project iosApp/iosApp.xcodeproj -scheme iosApp -configuration Debug -destination "platform=iOS Simulator,name=iPhone 17 Pro" -derivedDataPath build/DerivedData CODE_SIGNING_ALLOWED=NO CODE_SIGNING_REQUIRED=NO build

Build settings from command line:
    CODE_SIGNING_ALLOWED = NO
    CODE_SIGNING_REQUIRED = NO

--- xcodebuild: WARNING: Using the first of multiple matching destinations:
{ platform:iOS Simulator, arch:arm64, id:0130C0CE-9E1A-4769-A6A0-FA820D0295E6, OS:26.5, name:iPhone 17 Pro }
{ platform:iOS Simulator, arch:x86_64, id:0130C0CE-9E1A-4769-A6A0-FA820D0295E6, OS:26.5, name:iPhone 17 Pro }
ComputePackagePrebuildTargetDependencyGraph

Prepare packages

CreateBuildRequest

SendProjectDescription

CreateBuildOperation

ComputeTargetDependencyGraph
note: Building targets in dependency order
note: Target dependency graph (1 target)
    Target 'iosApp' in project 'iosApp' (no dependencies)

GatherProvisioningInputs

CreateBuildDescription

ExecuteExternalTool /Applications/Xcode_26.6.app/Contents/Developer/Toolchains/XcodeDefault.xctoolchain/usr/bin/clang -v -E -dM -isysroot /Applications/Xcode_26.6.app/Contents/Developer/Platforms/iPhoneSimulator.platform/Developer/SDKs/iPhoneSimulator26.5.sdk -x c -c /dev/null

ExecuteExternalTool /Applications/Xcode_26.6.app/Contents/Developer/Toolchains/XcodeDefault.xctoolchain/usr/bin/swiftc --version

ExecuteExternalTool /Applications/Xcode_26.6.app/Contents/Developer/Toolchains/XcodeDefault.xctoolchain/usr/bin/ld -version_details

Build description signature: b4bfd077efa4869747f0cd1f96c56b45
Build description path: /Users/runner/work/echo-nightly/echo-nightly/build/DerivedData/Build/Intermediates.noindex/XCBuildData/b4bfd077efa4869747f0cd1f96c56b45.xcbuilddata
CreateBuildDirectory /Users/runner/work/echo-nightly/echo-nightly/build/DerivedData/Build/Products
    cd /Users/runner/work/echo-nightly/echo-nightly/iosApp/iosApp.xcodeproj
    builtin-create-build-directory /Users/runner/work/echo-nightly/echo-nightly/build/DerivedData/Build/Products

ClangStatCache /Applications/Xcode_26.6.app/Contents/Developer/Toolchains/XcodeDefault.xctoolchain/usr/bin/clang-stat-cache /Applications/Xcode_26.6.app/Contents/Developer/Platforms/iPhoneSimulator.platform/Developer/SDKs/iPhoneSimulator26.5.sdk /Users/runner/work/echo-nightly/echo-nightly/build/DerivedData/SDKStatCaches.noindex/iphonesimulator26.5-23F81a-688ef53f1462e2c8f657fdc38a81448ff45c64a1807a658693f2a61704f17a36.sdkstatcache
    cd /Users/runner/work/echo-nightly/echo-nightly/iosApp/iosApp.xcodeproj
    /Applications/Xcode_26.6.app/Contents/Developer/Toolchains/XcodeDefault.xctoolchain/usr/bin/clang-stat-cache /Applications/Xcode_26.6.app/Contents/Developer/Platforms/iPhoneSimulator.platform/Developer/SDKs/iPhoneSimulator26.5.sdk -o /Users/runner/work/echo-nightly/echo-nightly/build/DerivedData/SDKStatCaches.noindex/iphonesimulator26.5-23F81a-688ef53f1462e2c8f657fdc38a81448ff45c64a1807a658693f2a61704f17a36.sdkstatcache

CreateBuildDirectory /Users/runner/work/echo-nightly/echo-nightly/build/DerivedData/Build/Intermediates.noindex
    cd /Users/runner/work/echo-nightly/echo-nightly/iosApp/iosApp.xcodeproj
    builtin-create-build-directory /Users/runner/work/echo-nightly/echo-nightly/build/DerivedData/Build/Intermediates.noindex

WriteAuxiliaryFile /Users/runner/work/echo-nightly/echo-nightly/build/DerivedData/Build/Intermediates.noindex/iosApp.build/Debug-iphonesimulator/iosApp-7b79493a8b7fc1f2fff3c51cd12ba024-VFS-iphonesimulator/all-product-headers.yaml
    cd /Users/runner/work/echo-nightly/echo-nightly/iosApp/iosApp.xcodeproj
    write-file /Users/runner/work/echo-nightly/echo-nightly/build/DerivedData/Build/Intermediates.noindex/iosApp.build/Debug-iphonesimulator/iosApp-7b79493a8b7fc1f2fff3c51cd12ba024-VFS-iphonesimulator/all-product-headers.yaml

CreateBuildDirectory /Users/runner/work/echo-nightly/echo-nightly/build/DerivedData/Build/Products/Debug-iphonesimulator
    cd /Users/runner/work/echo-nightly/echo-nightly/iosApp/iosApp.xcodeproj
    builtin-create-build-directory /Users/runner/work/echo-nightly/echo-nightly/build/DerivedData/Build/Products/Debug-iphonesimulator

CreateBuildDirectory /Users/runner/work/echo-nightly/echo-nightly/build/DerivedData/Build/Intermediates.noindex/SwiftExplicitPrecompiledModules
    cd /Users/runner/work/echo-nightly/echo-nightly/iosApp/iosApp.xcodeproj
    builtin-create-build-directory /Users/runner/work/echo-nightly/echo-nightly/build/DerivedData/Build/Intermediates.noindex/SwiftExplicitPrecompiledModules

CreateBuildDirectory /Users/runner/work/echo-nightly/echo-nightly/build/DerivedData/Build/Intermediates.noindex/ExplicitPrecompiledModules
    cd /Users/runner/work/echo-nightly/echo-nightly/iosApp/iosApp.xcodeproj
    builtin-create-build-directory /Users/runner/work/echo-nightly/echo-nightly/build/DerivedData/Build/Intermediates.noindex/ExplicitPrecompiledModules

CreateBuildDirectory /Users/runner/work/echo-nightly/echo-nightly/build/DerivedData/Build/Intermediates.noindex/EagerLinkingTBDs/Debug-iphonesimulator
    cd /Users/runner/work/echo-nightly/echo-nightly/iosApp/iosApp.xcodeproj
    builtin-create-build-directory /Users/runner/work/echo-nightly/echo-nightly/build/DerivedData/Build/Intermediates.noindex/EagerLinkingTBDs/Debug-iphonesimulator

WriteAuxiliaryFile /Users/runner/work/echo-nightly/echo-nightly/build/DerivedData/Build/Intermediates.noindex/iosApp.build/Debug-iphonesimulator/iosApp.build/iosApp.hmap (in target 'iosApp' from project 'iosApp')
    cd /Users/runner/work/echo-nightly/echo-nightly/iosApp
    write-file /Users/runner/work/echo-nightly/echo-nightly/build/DerivedData/Build/Intermediates.noindex/iosApp.build/Debug-iphonesimulator/iosApp.build/iosApp.hmap

WriteAuxiliaryFile /Users/runner/work/echo-nightly/echo-nightly/build/DerivedData/Build/Intermediates.noindex/iosApp.build/Debug-iphonesimulator/iosApp.build/iosApp.DependencyStaticMetadataFileList (in target 'iosApp' from project 'iosApp')
    cd /Users/runner/work/echo-nightly/echo-nightly/iosApp
    write-file /Users/runner/work/echo-nightly/echo-nightly/build/DerivedData/Build/Intermediates.noindex/iosApp.build/Debug-iphonesimulator/iosApp.build/iosApp.DependencyStaticMetadataFileList

WriteAuxiliaryFile /Users/runner/work/echo-nightly/echo-nightly/build/DerivedData/Build/Intermediates.noindex/iosApp.build/Debug-iphonesimulator/iosApp.build/iosApp.DependencyMetadataFileList (in target 'iosApp' from project 'iosApp')
    cd /Users/runner/work/echo-nightly/echo-nightly/iosApp
    write-file /Users/runner/work/echo-nightly/echo-nightly/build/DerivedData/Build/Intermediates.noindex/iosApp.build/Debug-iphonesimulator/iosApp.build/iosApp.DependencyMetadataFileList

WriteAuxiliaryFile /Users/runner/work/echo-nightly/echo-nightly/build/DerivedData/Build/Intermediates.noindex/iosApp.build/Debug-iphonesimulator/iosApp.build/iosApp-project-headers.hmap (in target 'iosApp' from project 'iosApp')
    cd /Users/runner/work/echo-nightly/echo-nightly/iosApp
    write-file /Users/runner/work/echo-nightly/echo-nightly/build/DerivedData/Build/Intermediates.noindex/iosApp.build/Debug-iphonesimulator/iosApp.build/iosApp-project-headers.hmap

WriteAuxiliaryFile /Users/runner/work/echo-nightly/echo-nightly/build/DerivedData/Build/Intermediates.noindex/iosApp.build/Debug-iphonesimulator/iosApp.build/iosApp-own-target-headers.hmap (in target 'iosApp' from project 'iosApp')
    cd /Users/runner/work/echo-nightly/echo-nightly/iosApp
    write-file /Users/runner/work/echo-nightly/echo-nightly/build/DerivedData/Build/Intermediates.noindex/iosApp.build/Debug-iphonesimulator/iosApp.build/iosApp-own-target-headers.hmap

WriteAuxiliaryFile /Users/runner/work/echo-nightly/echo-nightly/build/DerivedData/Build/Intermediates.noindex/iosApp.build/Debug-iphonesimulator/iosApp.build/iosApp-generated-files.hmap (in target 'iosApp' from project 'iosApp')
    cd /Users/runner/work/echo-nightly/echo-nightly/iosApp
    write-file /Users/runner/work/echo-nightly/echo-nightly/build/DerivedData/Build/Intermediates.noindex/iosApp.build/Debug-iphonesimulator/iosApp.build/iosApp-generated-files.hmap

WriteAuxiliaryFile /Users/runner/work/echo-nightly/echo-nightly/build/DerivedData/Build/Intermediates.noindex/iosApp.build/Debug-iphonesimulator/iosApp.build/iosApp-all-target-headers.hmap (in target 'iosApp' from project 'iosApp')
    cd /Users/runner/work/echo-nightly/echo-nightly/iosApp
    write-file /Users/runner/work/echo-nightly/echo-nightly/build/DerivedData/Build/Intermediates.noindex/iosApp.build/Debug-iphonesimulator/iosApp.build/iosApp-all-target-headers.hmap

WriteAuxiliaryFile /Users/runner/work/echo-nightly/echo-nightly/build/DerivedData/Build/Intermediates.noindex/iosApp.build/Debug-iphonesimulator/iosApp.build/iosApp-all-non-framework-target-headers.hmap (in target 'iosApp' from project 'iosApp')
    cd /Users/runner/work/echo-nightly/echo-nightly/iosApp
    write-file /Users/runner/work/echo-nightly/echo-nightly/build/DerivedData/Build/Intermediates.noindex/iosApp.build/Debug-iphonesimulator/iosApp.build/iosApp-all-non-framework-target-headers.hmap

WriteAuxiliaryFile /Users/runner/work/echo-nightly/echo-nightly/build/DerivedData/Build/Intermediates.noindex/iosApp.build/Debug-iphonesimulator/iosApp.build/iosApp-DebugDylibPath-normal-arm64.txt (in target 'iosApp' from project 'iosApp')
    cd /Users/runner/work/echo-nightly/echo-nightly/iosApp
    write-file /Users/runner/work/echo-nightly/echo-nightly/build/DerivedData/Build/Intermediates.noindex/iosApp.build/Debug-iphonesimulator/iosApp.build/iosApp-DebugDylibPath-normal-arm64.txt

WriteAuxiliaryFile /Users/runner/work/echo-nightly/echo-nightly/build/DerivedData/Build/Intermediates.noindex/iosApp.build/Debug-iphonesimulator/iosApp.build/iosApp-DebugDylibInstallName-normal-arm64.txt (in target 'iosApp' from project 'iosApp')
    cd /Users/runner/work/echo-nightly/echo-nightly/iosApp
    write-file /Users/runner/work/echo-nightly/echo-nightly/build/DerivedData/Build/Intermediates.noindex/iosApp.build/Debug-iphonesimulator/iosApp.build/iosApp-DebugDylibInstallName-normal-arm64.txt

WriteAuxiliaryFile /Users/runner/work/echo-nightly/echo-nightly/build/DerivedData/Build/Intermediates.noindex/iosApp.build/Debug-iphonesimulator/iosApp.build/Script-E6000000000000000000000C.sh (in target 'iosApp' from project 'iosApp')
    cd /Users/runner/work/echo-nightly/echo-nightly/iosApp
    write-file /Users/runner/work/echo-nightly/echo-nightly/build/DerivedData/Build/Intermediates.noindex/iosApp.build/Debug-iphonesimulator/iosApp.build/Script-E6000000000000000000000C.sh

WriteAuxiliaryFile /Users/runner/work/echo-nightly/echo-nightly/build/DerivedData/Build/Intermediates.noindex/iosApp.build/Debug-iphonesimulator/iosApp.build/Objects-normal/arm64/iosApp_const_extract_protocols.json (in target 'iosApp' from project 'iosApp')
    cd /Users/runner/work/echo-nightly/echo-nightly/iosApp
    write-file /Users/runner/work/echo-nightly/echo-nightly/build/DerivedData/Build/Intermediates.noindex/iosApp.build/Debug-iphonesimulator/iosApp.build/Objects-normal/arm64/iosApp_const_extract_protocols.json

WriteAuxiliaryFile /Users/runner/work/echo-nightly/echo-nightly/build/DerivedData/Build/Intermediates.noindex/iosApp.build/Debug-iphonesimulator/iosApp.build/Objects-normal/arm64/iosApp.SwiftFileList (in target 'iosApp' from project 'iosApp')
    cd /Users/runner/work/echo-nightly/echo-nightly/iosApp
    write-file /Users/runner/work/echo-nightly/echo-nightly/build/DerivedData/Build/Intermediates.noindex/iosApp.build/Debug-iphonesimulator/iosApp.build/Objects-normal/arm64/iosApp.SwiftFileList

WriteAuxiliaryFile /Users/runner/work/echo-nightly/echo-nightly/build/DerivedData/Build/Intermediates.noindex/iosApp.build/Debug-iphonesimulator/iosApp.build/Objects-normal/arm64/iosApp.SwiftConstValuesFileList (in target 'iosApp' from project 'iosApp')
    cd /Users/runner/work/echo-nightly/echo-nightly/iosApp
    write-file /Users/runner/work/echo-nightly/echo-nightly/build/DerivedData/Build/Intermediates.noindex/iosApp.build/Debug-iphonesimulator/iosApp.build/Objects-normal/arm64/iosApp.SwiftConstValuesFileList

WriteAuxiliaryFile /Users/runner/work/echo-nightly/echo-nightly/build/DerivedData/Build/Intermediates.noindex/iosApp.build/Debug-iphonesimulator/iosApp.build/Objects-normal/arm64/iosApp.LinkFileList (in target 'iosApp' from project 'iosApp')
    cd /Users/runner/work/echo-nightly/echo-nightly/iosApp
    write-file /Users/runner/work/echo-nightly/echo-nightly/build/DerivedData/Build/Intermediates.noindex/iosApp.build/Debug-iphonesimulator/iosApp.build/Objects-normal/arm64/iosApp.LinkFileList

WriteAuxiliaryFile /Users/runner/work/echo-nightly/echo-nightly/build/DerivedData/Build/Intermediates.noindex/iosApp.build/Debug-iphonesimulator/iosApp.build/Objects-normal/arm64/iosApp-OutputFileMap.json (in target 'iosApp' from project 'iosApp')
    cd /Users/runner/work/echo-nightly/echo-nightly/iosApp
    write-file /Users/runner/work/echo-nightly/echo-nightly/build/DerivedData/Build/Intermediates.noindex/iosApp.build/Debug-iphonesimulator/iosApp.build/Objects-normal/arm64/iosApp-OutputFileMap.json

MkDir /Users/runner/work/echo-nightly/echo-nightly/build/DerivedData/Build/Products/Debug-iphonesimulator/iosApp.app/Frameworks (in target 'iosApp' from project 'iosApp')
    cd /Users/runner/work/echo-nightly/echo-nightly/iosApp
    /bin/mkdir -p /Users/runner/work/echo-nightly/echo-nightly/build/DerivedData/Build/Products/Debug-iphonesimulator/iosApp.app/Frameworks

MkDir /Users/runner/work/echo-nightly/echo-nightly/build/DerivedData/Build/Products/Debug-iphonesimulator/iosApp.app (in target 'iosApp' from project 'iosApp')
    cd /Users/runner/work/echo-nightly/echo-nightly/iosApp
    /bin/mkdir -p /Users/runner/work/echo-nightly/echo-nightly/build/DerivedData/Build/Products/Debug-iphonesimulator/iosApp.app

PhaseScriptExecution Compile\ Kotlin\ Framework /Users/runner/work/echo-nightly/echo-nightly/build/DerivedData/Build/Intermediates.noindex/iosApp.build/Debug-iphonesimulator/iosApp.build/Script-E6000000000000000000000C.sh (in target 'iosApp' from project 'iosApp')
    cd /Users/runner/work/echo-nightly/echo-nightly/iosApp
    export ACTION\=build
    export AD_HOC_CODE_SIGNING_ALLOWED\=YES
    export AGGREGATE_TRACKED_DOMAINS\=YES
    export ALLOW_BUILD_REQUEST_OVERRIDES\=NO
    export ALLOW_TARGET_PLATFORM_SPECIALIZATION\=NO
    export ALTERNATE_GROUP\=staff
    export ALTERNATE_MODE\=u+w,go-w,a+rX
    export ALTERNATE_OWNER\=runner
    export ALTERNATIVE_DISTRIBUTION_WEB\=NO
    export ALWAYS_EMBED_SWIFT_STANDARD_LIBRARIES\=NO
    export ALWAYS_SEARCH_USER_PATHS\=NO
    export ALWAYS_USE_SEPARATE_HEADERMAPS\=NO
    export ANDROID_DEPLOYMENT_TARGET\=21.0
    export APPLICATION_EXTENSION_API_ONLY\=NO
    export APPLY_RULES_IN_COPY_FILES\=NO
    export APPLY_RULES_IN_COPY_HEADERS\=NO
    export APP_SHORTCUTS_ENABLE_FLEXIBLE_MATCHING\=YES
    export ARCHS\=arm64
    export ARCHS_BASE\=arm64
    export ARCHS_STANDARD\=arm64\ x86_64
    export ARCHS_STANDARD_32_64_BIT\=arm64\ x86_64
    export ARCHS_STANDARD_64_BIT\=arm64\ x86_64
    export ARCHS_STANDARD_INCLUDING_64_BIT\=arm64\ x86_64
    export ARCHS_UNIVERSAL_IPHONE_OS\=arm64\ x86_64
    export ASSETCATALOG_COMPILER_GENERATE_SWIFT_ASSET_SYMBOL_EXTENSIONS\=YES
    export ASSETCATALOG_FILTER_FOR_DEVICE_MODEL\=iPhone18,1
    export ASSETCATALOG_FILTER_FOR_DEVICE_OS_VERSION\=26.5
    export ASSETCATALOG_FILTER_FOR_THINNING_DEVICE_CONFIGURATION\=iPhone18,1
    export AUTOMATICALLY_MERGE_DEPENDENCIES\=NO
    export AUTOMATION_APPLE_EVENTS\=NO
    export AVAILABLE_PLATFORMS\=android\ appletvos\ appletvsimulator\ driverkit\ freebsd\ iphoneos\ iphonesimulator\ linux\ macosx\ none\ openbsd\ qnx\ watchos\ watchsimulator\ webassembly\ xros\ xrsimulator
    export BUILD_ACTIVE_RESOURCES_ONLY\=YES
    export BUILD_COMPONENTS\=headers\ build
    export BUILD_DIR\=/Users/runner/work/echo-nightly/echo-nightly/build/DerivedData/Build/Products
    export BUILD_LIBRARY_FOR_DISTRIBUTION\=NO
    export BUILD_ONLY_KNOWN_LOCALIZATIONS\=NO
    export BUILD_ROOT\=/Users/runner/work/echo-nightly/echo-nightly/build/DerivedData/Build/Products
    export BUILD_STYLE\=
    export BUILD_VARIANTS\=normal
    export BUILT_PRODUCTS_DIR\=/Users/runner/work/echo-nightly/echo-nightly/build/DerivedData/Build/Products/Debug-iphonesimulator
    export BUNDLE_CONTENTS_FOLDER_PATH_deep\=Contents/
    export BUNDLE_EXECUTABLE_FOLDER_NAME_deep\=MacOS
    export BUNDLE_EXTENSIONS_FOLDER_PATH\=Extensions
    export BUNDLE_FORMAT\=shallow
    export BUNDLE_FRAMEWORKS_FOLDER_PATH\=Frameworks
    export BUNDLE_PLUGINS_FOLDER_PATH\=PlugIns
    export BUNDLE_PRIVATE_HEADERS_FOLDER_PATH\=PrivateHeaders
    export BUNDLE_PUBLIC_HEADERS_FOLDER_PATH\=Headers
    export CACHE_ROOT\=/var/folders/d8/hvxvltxn0fl4rmnd52sncbth0000gn/C/com.apple.DeveloperTools/26.6-17F113/Xcode
    export CCHROOT\=/var/folders/d8/hvxvltxn0fl4rmnd52sncbth0000gn/C/com.apple.DeveloperTools/26.6-17F113/Xcode
    export CHMOD\=/bin/chmod
    export CHOWN\=chown
    export CLANG_ANALYZER_NONNULL\=YES
    export CLANG_CACHE_FINE_GRAINED_OUTPUTS\=YES
    export CLANG_CXX_LANGUAGE_STANDARD\=gnu++20
    export CLANG_ENABLE_EXPLICIT_MODULES\=YES
    export CLANG_ENABLE_MODULES\=YES
    export CLANG_ENABLE_OBJC_ARC\=YES
    export CLANG_ENABLE_OBJC_WEAK\=YES
    export CLANG_MODULES_BUILD_SESSION_FILE\=/Users/runner/work/echo-nightly/echo-nightly/build/DerivedData/ModuleCache.noindex/Session.modulevalidation
    export CLASS_FILE_DIR\=/Users/runner/work/echo-nightly/echo-nightly/build/DerivedData/Build/Intermediates.noindex/iosApp.build/Debug-iphonesimulator/iosApp.build/JavaClasses
    export CLEAN_PRECOMPS\=YES
    export CLONE_HEADERS\=NO
    export CODESIGNING_FOLDER_PATH\=/Users/runner/work/echo-nightly/echo-nightly/build/DerivedData/Build/Products/Debug-iphonesimulator/iosApp.app
    export CODE_SIGNING_ALLOWED\=NO
    export CODE_SIGNING_REQUIRED\=NO
    export CODE_SIGN_CONTEXT_CLASS\=XCiPhoneSimulatorCodeSignContext
    export CODE_SIGN_IDENTITY\=-
    export CODE_SIGN_INJECT_BASE_ENTITLEMENTS\=YES
    export CODE_SIGN_STYLE\=Automatic
    export COLOR_DIAGNOSTICS\=NO
    export COMBINE_HIDPI_IMAGES\=NO
    export COMPILATION_CACHE_CAS_PATH\=/Users/runner/work/echo-nightly/echo-nightly/build/DerivedData/CompilationCache.noindex
    export COMPILATION_CACHE_KEEP_CAS_DIRECTORY\=YES
    export COMPILER_INDEX_STORE_ENABLE\=Default
    export COMPOSITE_SDK_DIRS\=/Users/runner/work/echo-nightly/echo-nightly/build/DerivedData/Build/Intermediates.noindex/CompositeSDKs
    export COMPRESS_PNG_FILES\=YES
    export CONFIGURATION\=Debug
    export CONFIGURATION_BUILD_DIR\=/Users/runner/work/echo-nightly/echo-nightly/build/DerivedData/Build/Products/Debug-iphonesimulator
    export CONFIGURATION_TEMP_DIR\=/Users/runner/work/echo-nightly/echo-nightly/build/DerivedData/Build/Intermediates.noindex/iosApp.build/Debug-iphonesimulator
    export CONTENTS_FOLDER_PATH\=iosApp.app
    export CONTENTS_FOLDER_PATH_SHALLOW_BUNDLE_NO\=iosApp.app/Contents
    export CONTENTS_FOLDER_PATH_SHALLOW_BUNDLE_YES\=iosApp.app
    export COPYING_PRESERVES_HFS_DATA\=NO
    export COPY_HEADERS_RUN_UNIFDEF\=NO
    export COPY_PHASE_STRIP\=NO
    export CORRESPONDING_DEVICE_PLATFORM_DIR\=/Applications/Xcode_26.6.app/Contents/Developer/Platforms/iPhoneOS.platform
    export CORRESPONDING_DEVICE_PLATFORM_NAME\=iphoneos
    export CORRESPONDING_DEVICE_SDK_DIR\=/Applications/Xcode_26.6.app/Contents/Developer/Platforms/iPhoneOS.platform/Developer/SDKs/iPhoneOS26.5.sdk
    export CORRESPONDING_DEVICE_SDK_NAME\=iphoneos26.5
    export CP\=/bin/cp
    export CREATE_INFOPLIST_SECTION_IN_BINARY\=NO
    export CURRENT_ARCH\=undefined_arch
    export CURRENT_PROJECT_VERSION\=1
    export CURRENT_VARIANT\=normal
    export DEAD_CODE_STRIPPING\=YES
    export DEBUGGING_SYMBOLS\=YES
    export DEBUG_INFORMATION_FORMAT\=dwarf
    export DEBUG_INFORMATION_VERSION\=compiler-default
    export DEFAULT_COMPILER\=com.apple.compilers.llvm.clang.1_0
    export DEFAULT_DEXT_INSTALL_PATH\=/System/Library/DriverExtensions
    export DEFAULT_KEXT_INSTALL_PATH\=/System/Library/Extensions
    export DEFINES_MODULE\=NO
    export DEPLOYMENT_LOCATION\=NO
    export DEPLOYMENT_POSTPROCESSING\=NO
    export DEPLOYMENT_TARGET_SETTING_NAME\=IPHONEOS_DEPLOYMENT_TARGET
    export DEPLOYMENT_TARGET_SUGGESTED_VALUES\=12.0\ 12.1\ 12.2\ 12.3\ 12.4\ 13.0\ 13.1\ 13.2\ 13.3\ 13.4\ 13.5\ 13.6\ 14.0\ 14.1\ 14.2\ 14.3\ 14.4\ 14.5\ 14.6\ 14.7\ 15.0\ 15.1\ 15.2\ 15.3\ 15.4\ 15.5\ 15.6\ 16.0\ 16.1\ 16.2\ 16.3\ 16.4\ 16.5\ 16.6\ 17.0\ 17.1\ 17.2\ 17.3\ 17.4\ 17.5\ 17.6\ 18.0\ 18.1\ 18.2\ 18.3\ 18.4\ 18.5\ 18.6\ 26.0\ 26.2\ 26.3\ 26.4\ 26.5
    export DERIVED_FILES_DIR\=/Users/runner/work/echo-nightly/echo-nightly/build/DerivedData/Build/Intermediates.noindex/iosApp.build/Debug-iphonesimulator/iosApp.build/DerivedSources
    export DERIVED_FILE_DIR\=/Users/runner/work/echo-nightly/echo-nightly/build/DerivedData/Build/Intermediates.noindex/iosApp.build/Debug-iphonesimulator/iosApp.build/DerivedSources
    export DERIVED_SOURCES_DIR\=/Users/runner/work/echo-nightly/echo-nightly/build/DerivedData/Build/Intermediates.noindex/iosApp.build/Debug-iphonesimulator/iosApp.build/DerivedSources
    export DEVELOPER_APPLICATIONS_DIR\=/Applications/Xcode_26.6.app/Contents/Developer/Applications
    export DEVELOPER_BIN_DIR\=/Applications/Xcode_26.6.app/Contents/Developer/usr/bin
    export DEVELOPER_DIR\=/Applications/Xcode_26.6.app/Contents/Developer
    export DEVELOPER_FRAMEWORKS_DIR\=/Applications/Xcode_26.6.app/Contents/Developer/Library/Frameworks
    export DEVELOPER_FRAMEWORKS_DIR_QUOTED\=/Applications/Xcode_26.6.app/Contents/Developer/Library/Frameworks
    export DEVELOPER_LIBRARY_DIR\=/Applications/Xcode_26.6.app/Contents/Developer/Library
    export DEVELOPER_SDK_DIR\=/Applications/Xcode_26.6.app/Contents/Developer/Platforms/MacOSX.platform/Developer/SDKs
    export DEVELOPER_TOOLS_DIR\=/Applications/Xcode_26.6.app/Contents/Developer/Tools
    export DEVELOPER_USR_DIR\=/Applications/Xcode_26.6.app/Contents/Developer/usr
    export DEVELOPMENT_LANGUAGE\=en
    export DIAGNOSE_MISSING_TARGET_DEPENDENCIES\=YES
    export DIFF\=/usr/bin/diff
    export DOCUMENTATION_FOLDER_PATH\=iosApp.app/en.lproj/Documentation
    export DONT_GENERATE_INFOPLIST_FILE\=NO
    export DSTROOT\=/tmp/iosApp.dst
    export DT_TOOLCHAIN_DIR\=/Applications/Xcode_26.6.app/Contents/Developer/Toolchains/XcodeDefault.xctoolchain
    export DUMP_DEPENDENCIES\=NO
    export DUMP_DEPENDENCIES_OUTPUT_PATH\=/Users/runner/work/echo-nightly/echo-nightly/build/DerivedData/Build/Intermediates.noindex/iosApp.build/Debug-iphonesimulator/iosApp.build/iosApp-BuildDependencyInfo.json
    export DWARF_DSYM_FILE_NAME\=iosApp.app.dSYM
    export DWARF_DSYM_FILE_SHOULD_ACCOMPANY_PRODUCT\=NO
    export DWARF_DSYM_FOLDER_PATH\=/Users/runner/work/echo-nightly/echo-nightly/build/DerivedData/Build/Products/Debug-iphonesimulator
    export DYNAMIC_LIBRARY_EXTENSION\=dylib
    export EAGER_COMPILATION_ALLOW_SCRIPTS\=NO
    export EAGER_LINKING\=NO
    export EFFECTIVE_PLATFORM_NAME\=-iphonesimulator
    export EFFECTIVE_SWIFT_VERSION\=5
    export EMBEDDED_CONTENT_CONTAINS_SWIFT\=NO
    export EMBED_ASSET_PACKS_IN_PRODUCT_BUNDLE\=NO
    export ENABLE_APP_SANDBOX\=NO
    export ENABLE_CODE_COVERAGE\=YES
    export ENABLE_COHORT_ARCHS\=NO
    export ENABLE_CPLUSPLUS_BOUNDS_SAFE_BUFFERS\=NO
    export ENABLE_C_BOUNDS_SAFETY\=NO
    export ENABLE_DEBUG_DYLIB\=YES
    export ENABLE_DEFAULT_HEADER_SEARCH_PATHS\=YES
    export ENABLE_DEFAULT_SEARCH_PATHS\=YES
    export ENABLE_ENHANCED_SECURITY\=NO
    export ENABLE_HARDENED_RUNTIME\=NO
    export ENABLE_HEADER_DEPENDENCIES\=YES
    export ENABLE_INCOMING_NETWORK_CONNECTIONS\=NO
    export ENABLE_ON_DEMAND_RESOURCES\=YES
    export ENABLE_OUTGOING_NETWORK_CONNECTIONS\=NO
    export ENABLE_POINTER_AUTHENTICATION\=NO
    export ENABLE_PREVIEWS\=NO
    export ENABLE_RESOURCE_ACCESS_AUDIO_INPUT\=NO
    export ENABLE_RESOURCE_ACCESS_BLUETOOTH\=NO
    export ENABLE_RESOURCE_ACCESS_CALENDARS\=NO
    export ENABLE_RESOURCE_ACCESS_CAMERA\=NO
    export ENABLE_RESOURCE_ACCESS_CONTACTS\=NO
    export ENABLE_RESOURCE_ACCESS_LOCATION\=NO
    export ENABLE_RESOURCE_ACCESS_PHOTO_LIBRARY\=NO
    export ENABLE_RESOURCE_ACCESS_PRINTING\=NO
    export ENABLE_RESOURCE_ACCESS_USB\=NO
    export ENABLE_SDK_IMPORTS\=NO
    export ENABLE_SECURITY_COMPILER_WARNINGS\=NO
    export ENABLE_STRICT_OBJC_MSGSEND\=YES
    export ENABLE_TESTABILITY\=YES
    export ENABLE_TESTING_SEARCH_PATHS\=NO
    export ENABLE_USER_SCRIPT_SANDBOXING\=NO
    export ENABLE_XOJIT_PREVIEWS\=YES
    export ENFORCE_VALID_ARCHS\=YES
    export ENTITLEMENTS_ALLOWED\=NO
    export ENTITLEMENTS_DESTINATION\=__entitlements
    export ENTITLEMENTS_REQUIRED\=NO
    export EXCLUDED_INSTALLSRC_SUBDIRECTORY_PATTERNS\=.DS_Store\ .svn\ .git\ .hg\ CVS
    export EXCLUDED_RECURSIVE_SEARCH_PATH_SUBDIRECTORIES\=\*.nib\ \*.lproj\ \*.framework\ \*.gch\ \*.xcode\*\ \*.xcassets\ \*.icon\ \(\*\)\ .DS_Store\ CVS\ .svn\ .git\ .hg\ \*.pbproj\ \*.pbxproj
    export EXECUTABLES_FOLDER_PATH\=iosApp.app/Executables
    export EXECUTABLE_BLANK_INJECTION_DYLIB_PATH\=iosApp.app/__preview.dylib
    export EXECUTABLE_DEBUG_DYLIB_INSTALL_NAME\=@rpath/iosApp.debug.dylib
    export EXECUTABLE_DEBUG_DYLIB_PATH\=iosApp.app/iosApp.debug.dylib
    export EXECUTABLE_FOLDER_PATH\=iosApp.app
    export EXECUTABLE_FOLDER_PATH_SHALLOW_BUNDLE_NO\=iosApp.app/MacOS
    export EXECUTABLE_FOLDER_PATH_SHALLOW_BUNDLE_YES\=iosApp.app
    export EXECUTABLE_NAME\=iosApp
    export EXECUTABLE_PATH\=iosApp.app/iosApp
    export EXTENSIONS_FOLDER_PATH\=iosApp.app/Extensions
    export FILE_LIST\=/Users/runner/work/echo-nightly/echo-nightly/build/DerivedData/Build/Intermediates.noindex/iosApp.build/Debug-iphonesimulator/iosApp.build/Objects/LinkFileList
    export FIXED_FILES_DIR\=/Users/runner/work/echo-nightly/echo-nightly/build/DerivedData/Build/Intermediates.noindex/iosApp.build/Debug-iphonesimulator/iosApp.build/FixedFiles
    export FRAMEWORKS_FOLDER_PATH\=iosApp.app/Frameworks
    export FRAMEWORK_FLAG_PREFIX\=-framework
    export FRAMEWORK_SEARCH_PATHS\=/Users/runner/work/echo-nightly/echo-nightly/build/DerivedData/Build/Products/Debug-iphonesimulator\ \ /Users/runner/work/echo-nightly/echo-nightly/build/DerivedData/Build/Products/Debug-iphonesimulator
    export FRAMEWORK_VERSION\=A
    export FULL_PRODUCT_NAME\=iosApp.app
    export FUSE_BUILD_PHASES\=YES
    export FUSE_BUILD_SCRIPT_PHASES\=NO
    export GCC3_VERSION\=3.3
    export GCC_C_LANGUAGE_STANDARD\=gnu17
    export GCC_DYNAMIC_NO_PIC\=NO
    export GCC_INLINES_ARE_PRIVATE_EXTERN\=YES
    export GCC_OBJC_LEGACY_DISPATCH\=YES
    export GCC_OPTIMIZATION_LEVEL\=0
    export GCC_PFE_FILE_C_DIALECTS\=c\ objective-c\ c++\ objective-c++
    export GCC_PREPROCESSOR_DEFINITIONS\=DEBUG\=1\ 
    export GCC_SYMBOLS_PRIVATE_EXTERN\=NO
    export GCC_TREAT_WARNINGS_AS_ERRORS\=NO
    export GCC_VERSION\=com.apple.compilers.llvm.clang.1_0
    export GCC_VERSION_IDENTIFIER\=com_apple_compilers_llvm_clang_1_0
    export GCC_WARN_64_TO_32_BIT_CONVERSION\=NO
    export GENERATED_MODULEMAP_DIR\=/Users/runner/work/echo-nightly/echo-nightly/build/DerivedData/Build/Intermediates.noindex/GeneratedModuleMaps-iphonesimulator
    export GENERATE_INFOPLIST_FILE\=NO
    export GENERATE_INTERMEDIATE_TEXT_BASED_STUBS\=YES
    export GENERATE_PKGINFO_FILE\=YES
    export GENERATE_PRELINK_OBJECT_FILE\=NO
    export GENERATE_PROFILING_CODE\=NO
    export GENERATE_TEXT_BASED_STUBS\=NO
    export GID\=20
    export GROUP\=staff
    export HEADERMAP_INCLUDES_FLAT_ENTRIES_FOR_TARGET_BEING_BUILT\=YES
    export HEADERMAP_INCLUDES_FRAMEWORK_ENTRIES_FOR_ALL_PRODUCT_TYPES\=YES
    export HEADERMAP_INCLUDES_FRAMEWORK_ENTRIES_FOR_TARGETS_NOT_BEING_BUILT\=YES
    export HEADERMAP_INCLUDES_NONPUBLIC_NONPRIVATE_HEADERS\=YES
    export HEADERMAP_INCLUDES_PROJECT_HEADERS\=YES
    export HEADERMAP_USES_FRAMEWORK_PREFIX_ENTRIES\=YES
    export HEADERMAP_USES_VFS\=NO
    export HEADER_SEARCH_PATHS\=/Users/runner/work/echo-nightly/echo-nightly/build/DerivedData/Build/Products/Debug-iphonesimulator/include\ 
    export HOME\=/Users/runner
    export HOST_ARCH\=arm64
    export HOST_PLATFORM\=macosx
    export ICONV\=/usr/bin/iconv
    export IMPLICIT_DEPENDENCY_DOMAIN\=default
    export INDEX_STORE_COMPRESS\=NO
    export INDEX_STORE_ONLY_PROJECT_FILES\=NO
    export INFOPLIST_ENABLE_CFBUNDLEICONS_MERGE\=YES
    export INFOPLIST_EXPAND_BUILD_SETTINGS\=YES
    export INFOPLIST_FILE\=iosApp/Info.plist
    export INFOPLIST_KEY_UIApplicationSupportsIndirectInputEvents\=YES
    export INFOPLIST_OUTPUT_FORMAT\=binary
    export INFOPLIST_PATH\=iosApp.app/Info.plist
    export INFOPLIST_PREPROCESS\=NO
    export INFOSTRINGS_PATH\=iosApp.app/en.lproj/InfoPlist.strings
    export INLINE_PRIVATE_FRAMEWORKS\=NO
    export INSTALLAPI_IGNORE_SKIP_INSTALL\=YES
    export INSTALLHDRS_COPY_PHASE\=NO
    export INSTALLHDRS_SCRIPT_PHASE\=NO
    export INSTALL_DIR\=/tmp/iosApp.dst/Applications
    export INSTALL_GROUP\=staff
    export INSTALL_MODE_FLAG\=u+w,go-w,a+rX
    export INSTALL_OWNER\=runner
    export INSTALL_PATH\=/Applications
    export INSTALL_ROOT\=/tmp/iosApp.dst
    export IPHONEOS_DEPLOYMENT_TARGET\=15.0
    export IS_UNOPTIMIZED_BUILD\=YES
    export JAVAC_DEFAULT_FLAGS\=-J-Xms64m\ -J-XX:NewSize\=4M\ -J-Dfile.encoding\=UTF8
    export JAVA_APP_STUB\=/System/Library/Frameworks/JavaVM.framework/Resources/MacOS/JavaApplicationStub
    export JAVA_ARCHIVE_CLASSES\=YES
    export JAVA_ARCHIVE_TYPE\=JAR
    export JAVA_COMPILER\=/usr/bin/javac
    export JAVA_FOLDER_PATH\=iosApp.app/Java
    export JAVA_FRAMEWORK_RESOURCES_DIRS\=Resources
    export JAVA_JAR_FLAGS\=cv
    export JAVA_SOURCE_SUBDIR\=.
    export JAVA_USE_DEPENDENCIES\=YES
    export JAVA_ZIP_FLAGS\=-urg
    export JIKES_DEFAULT_FLAGS\=+E\ +OLDCSO
    export KEEP_PRIVATE_EXTERNS\=NO
    export LD_DEPENDENCY_INFO_FILE\=/Users/runner/work/echo-nightly/echo-nightly/build/DerivedData/Build/Intermediates.noindex/iosApp.build/Debug-iphonesimulator/iosApp.build/Objects-normal/undefined_arch/iosApp_dependency_info.dat
    export LD_EXPORT_SYMBOLS\=YES
    export LD_GENERATE_MAP_FILE\=NO
    export LD_MAP_FILE_PATH\=/Users/runner/work/echo-nightly/echo-nightly/build/DerivedData/Build/Intermediates.noindex/iosApp.build/Debug-iphonesimulator/iosApp.build/iosApp-LinkMap-normal-undefined_arch.txt
    export LD_NO_PIE\=NO
    export LD_QUOTE_LINKER_ARGUMENTS_FOR_COMPILER_DRIVER\=YES
    export LD_RUNPATH_SEARCH_PATHS\=\ @executable_path/Frameworks
    export LD_RUNPATH_SEARCH_PATHS_YES\=@loader_path/../Frameworks
    export LD_SHARED_CACHE_ELIGIBLE\=Automatic
    export LD_WARN_DUPLICATE_LIBRARIES\=NO
    export LD_WARN_UNUSED_DYLIBS\=NO
    export LEGACY_DEVELOPER_DIR\=/Applications/Xcode_26.6.app/Contents/PlugIns/Xcode3Core.ideplugin/Contents/SharedSupport/Developer
    export LEX\=lex
    export LIBRARY_DEXT_INSTALL_PATH\=/Library/DriverExtensions
    export LIBRARY_FLAG_NOSPACE\=YES
    export LIBRARY_FLAG_PREFIX\=-l
    export LIBRARY_KEXT_INSTALL_PATH\=/Library/Extensions
    export LIBRARY_SEARCH_PATHS\=/Users/runner/work/echo-nightly/echo-nightly/build/DerivedData/Build/Products/Debug-iphonesimulator\ 
    export LINKER_DISPLAYS_MANGLED_NAMES\=NO
    export LINK_FILE_LIST_normal_arm64\=/Users/runner/work/echo-nightly/echo-nightly/build/DerivedData/Build/Intermediates.noindex/iosApp.build/Debug-iphonesimulator/iosApp.build/Objects-normal/arm64/iosApp.LinkFileList
    export LINK_OBJC_RUNTIME\=YES
    export LINK_WITH_STANDARD_LIBRARIES\=YES
    export LLVM_TARGET_TRIPLE_OS_VERSION\=ios15.0
    export LLVM_TARGET_TRIPLE_SUFFIX\=-simulator
    export LLVM_TARGET_TRIPLE_VENDOR\=apple
    export LM_AUX_CONST_METADATA_LIST_PATH_normal_arm64\=/Users/runner/work/echo-nightly/echo-nightly/build/DerivedData/Build/Intermediates.noindex/iosApp.build/Debug-iphonesimulator/iosApp.build/Objects-normal/arm64/iosApp.SwiftConstValuesFileList
    export LOCALIZATION_EXPORT_SUPPORTED\=YES
    export LOCALIZATION_PREFERS_STRING_CATALOGS\=NO
    export LOCALIZED_RESOURCES_FOLDER_PATH\=iosApp.app/en.lproj
    export LOCALIZED_STRING_CODE_COMMENTS\=NO
    export LOCALIZED_STRING_MACRO_NAMES\=NSLocalizedString\ CFCopyLocalizedString
    export LOCALIZED_STRING_SWIFTUI_SUPPORT\=YES
    export LOCAL_ADMIN_APPS_DIR\=/Applications/Utilities
    export LOCAL_APPS_DIR\=/Applications
    export LOCAL_DEVELOPER_DIR\=/Library/Developer
    export LOCAL_LIBRARY_DIR\=/Library
    export LOCROOT\=/Users/runner/work/echo-nightly/echo-nightly/iosApp
    export LOCSYMROOT\=/Users/runner/work/echo-nightly/echo-nightly/iosApp
    export MACH_O_TYPE\=mh_execute
    export MAC_OS_X_PRODUCT_BUILD_VERSION\=25G83
    export MAC_OS_X_VERSION_ACTUAL\=260602
    export MAC_OS_X_VERSION_MAJOR\=260000
    export MAC_OS_X_VERSION_MINOR\=260600
    export MAKE_MERGEABLE\=NO
    export MARKETING_VERSION\=3.0.0
    export MERGEABLE_LIBRARY\=NO
    export MERGED_BINARY_TYPE\=none
    export MERGE_LINKED_LIBRARIES\=NO
    export METAL_LIBRARY_FILE_BASE\=default
    export METAL_LIBRARY_OUTPUT_DIR\=/Users/runner/work/echo-nightly/echo-nightly/build/DerivedData/Build/Products/Debug-iphonesimulator/iosApp.app
    export MODULES_FOLDER_PATH\=iosApp.app/Modules
    export MODULE_CACHE_DIR\=/Users/runner/work/echo-nightly/echo-nightly/build/DerivedData/ModuleCache.noindex
    export MTL_ENABLE_DEBUG_INFO\=INCLUDE_SOURCE
    export MTL_FAST_MATH\=YES
    export NATIVE_ARCH\=arm64
    export NATIVE_ARCH_32_BIT\=arm
    export NATIVE_ARCH_64_BIT\=arm64
    export NATIVE_ARCH_ACTUAL\=arm64
    export NO_COMMON\=YES
    export OBJC_ABI_VERSION\=2
    export OBJECT_FILE_DIR\=/Users/runner/work/echo-nightly/echo-nightly/build/DerivedData/Build/Intermediates.noindex/iosApp.build/Debug-iphonesimulator/iosApp.build/Objects
    export OBJECT_FILE_DIR_normal\=/Users/runner/work/echo-nightly/echo-nightly/build/DerivedData/Build/Intermediates.noindex/iosApp.build/Debug-iphonesimulator/iosApp.build/Objects-normal
    export OBJROOT\=/Users/runner/work/echo-nightly/echo-nightly/build/DerivedData/Build/Intermediates.noindex
    export ONLY_ACTIVE_ARCH\=YES
    export OS\=MACOS
    export OSAC\=/usr/bin/osacompile
    export OTHER_LDFLAGS\=\ -framework\ ComposeApp
    export PACKAGE_TYPE\=com.apple.package-type.wrapper.application
    export PASCAL_STRINGS\=YES
    export PATH\=/Applications/Xcode_26.6.app/Contents/SharedFrameworks/SwiftBuild.framework/Versions/A/PlugIns/SWBBuildService.bundle/Contents/PlugIns/SWBUniversalPlatformPlugin.bundle/Contents/Frameworks/SWBUniversalPlatform.framework/Resources:/var/run/com.apple.security.cryptexd/mnt/com.apple.MobileAsset.MetalToolchain-v17.6.109.0.5CuhRO/Metal.xctoolchain/usr/bin:/var/run/com.apple.security.cryptexd/mnt/com.apple.MobileAsset.MetalToolchain-v17.6.109.0.5CuhRO/Metal.xctoolchain/usr/local/bin:/var/run/com.apple.security.cryptexd/mnt/com.apple.MobileAsset.MetalToolchain-v17.6.109.0.5CuhRO/Metal.xctoolchain/usr/libexec:/Applications/Xcode_26.6.app/Contents/Developer/Toolchains/XcodeDefault.xctoolchain/usr/bin:/Applications/Xcode_26.6.app/Contents/Developer/Toolchains/XcodeDefault.xctoolchain/usr/local/bin:/Applications/Xcode_26.6.app/Contents/Developer/Toolchains/XcodeDefault.xctoolchain/usr/libexec:/Applications/Xcode_26.6.app/Contents/Developer/Platforms/iPhoneSimulator.platform/usr/bin:/Applications/Xcode_26.6.app/Contents/Developer/Platforms/iPhoneSimulator.platform/usr/local/bin:/Applications/Xcode_26.6.app/Contents/Developer/Platforms/iPhoneSimulator.platform/Developer/usr/bin:/Applications/Xcode_26.6.app/Contents/Developer/Platforms/iPhoneSimulator.platform/Developer/usr/local/bin:/Applications/Xcode_26.6.app/Contents/Developer/usr/bin:/Applications/Xcode_26.6.app/Contents/Developer/usr/local/bin:/Users/runner/hostedtoolcache/Java_Zulu_jdk/17.0.20-8/arm64/Contents/Home/bin:/opt/homebrew/lib/ruby/gems/3.4.0/bin:/opt/homebrew/opt/ruby@3.4/bin:/Users/runner/.local/bin:/opt/homebrew/bin:/opt/homebrew/sbin:/Users/runner/.cargo/bin:/usr/local/opt/curl/bin:/usr/local/bin:/usr/local/sbin:/Users/runner/bin:/Users/runner/.yarn/bin:/Users/runner/Library/Android/sdk/tools:/Users/runner/Library/Android/sdk/platform-tools:/Library/Frameworks/Python.framework/Versions/Current/bin:/Library/Frameworks/Mono.framework/Versions/Current/Commands:/usr/bin:/bin:/usr/sbin:/sbin:/Users/runner/.dotnet/tools
    export PATH_PREFIXES_EXCLUDED_FROM_HEADER_DEPENDENCIES\=/usr/include\ /usr/local/include\ /System/Library/Frameworks\ /System/Library/PrivateFrameworks\ /Applications/Xcode_26.6.app/Contents/Developer/Headers\ /Applications/Xcode_26.6.app/Contents/Developer/SDKs\ /Applications/Xcode_26.6.app/Contents/Developer/Platforms
    export PBDEVELOPMENTPLIST_PATH\=iosApp.app/pbdevelopment.plist
    export PER_ARCH_MODULE_FILE_DIR\=/Users/runner/work/echo-nightly/echo-nightly/build/DerivedData/Build/Intermediates.noindex/iosApp.build/Debug-iphonesimulator/iosApp.build/Objects-normal/undefined_arch
    export PER_ARCH_OBJECT_FILE_DIR\=/Users/runner/work/echo-nightly/echo-nightly/build/DerivedData/Build/Intermediates.noindex/iosApp.build/Debug-iphonesimulator/iosApp.build/Objects-normal/undefined_arch
    export PER_VARIANT_OBJECT_FILE_DIR\=/Users/runner/work/echo-nightly/echo-nightly/build/DerivedData/Build/Intermediates.noindex/iosApp.build/Debug-iphonesimulator/iosApp.build/Objects-normal
    export PKGINFO_FILE_PATH\=/Users/runner/work/echo-nightly/echo-nightly/build/DerivedData/Build/Intermediates.noindex/iosApp.build/Debug-iphonesimulator/iosApp.build/PkgInfo
    export PKGINFO_PATH\=iosApp.app/PkgInfo
    export PLATFORM_DEVELOPER_APPLICATIONS_DIR\=/Applications/Xcode_26.6.app/Contents/Developer/Platforms/iPhoneSimulator.platform/Developer/Applications
    export PLATFORM_DEVELOPER_BIN_DIR\=/Applications/Xcode_26.6.app/Contents/Developer/Platforms/iPhoneSimulator.platform/Developer/usr/bin
    export PLATFORM_DEVELOPER_LIBRARY_DIR\=/Applications/Xcode_26.6.app/Contents/Developer/Platforms/iPhoneSimulator.platform/Developer/Library
    export PLATFORM_DEVELOPER_SDK_DIR\=/Applications/Xcode_26.6.app/Contents/Developer/Platforms/iPhoneSimulator.platform/Developer/SDKs
    export PLATFORM_DEVELOPER_TOOLS_DIR\=/Applications/Xcode_26.6.app/Contents/Developer/Platforms/iPhoneSimulator.platform/Developer/Tools
    export PLATFORM_DEVELOPER_USR_DIR\=/Applications/Xcode_26.6.app/Contents/Developer/Platforms/iPhoneSimulator.platform/Developer/usr
    export PLATFORM_DIR\=/Applications/Xcode_26.6.app/Contents/Developer/Platforms/iPhoneSimulator.platform
    export PLATFORM_DISPLAY_NAME\=iOS\ Simulator
    export PLATFORM_FAMILY_NAME\=iOS
    export PLATFORM_NAME\=iphonesimulator
    export PLATFORM_PREFERRED_ARCH\=x86_64
    export PLATFORM_PRODUCT_BUILD_VERSION\=23F81a
    export PLATFORM_REQUIRES_SWIFT_AUTOLINK_EXTRACT\=NO
    export PLATFORM_REQUIRES_SWIFT_MODULEWRAP\=NO
    export PLATFORM_USES_DSYMS\=YES
    export PLIST_FILE_OUTPUT_FORMAT\=binary
    export PLUGINS_FOLDER_PATH\=iosApp.app/PlugIns
    export PRECOMPS_INCLUDE_HEADERS_FROM_BUILT_PRODUCTS_DIR\=YES
    export PRECOMP_DESTINATION_DIR\=/Users/runner/work/echo-nightly/echo-nightly/build/DerivedData/Build/Intermediates.noindex/iosApp.build/Debug-iphonesimulator/iosApp.build/PrefixHeaders
    export PRIVATE_HEADERS_FOLDER_PATH\=iosApp.app/PrivateHeaders
    export PROCESSED_INFOPLIST_PATH\=/Users/runner/work/echo-nightly/echo-nightly/build/DerivedData/Build/Intermediates.noindex/iosApp.build/Debug-iphonesimulator/iosApp.build/Objects-normal/undefined_arch/Processed-Info.plist
    export PRODUCT_BUNDLE_IDENTIFIER\=dev.brahmkshatriya.echo.ios
    export PRODUCT_BUNDLE_PACKAGE_TYPE\=APPL
    export PRODUCT_MODULE_NAME\=iosApp
    export PRODUCT_NAME\=iosApp
    export PRODUCT_SETTINGS_PATH\=/Users/runner/work/echo-nightly/echo-nightly/iosApp/iosApp/Info.plist
    export PRODUCT_TYPE\=com.apple.product-type.application
    export PROFILING_CODE\=NO
    export PROJECT\=iosApp
    export PROJECT_DERIVED_FILE_DIR\=/Users/runner/work/echo-nightly/echo-nightly/build/DerivedData/Build/Intermediates.noindex/iosApp.build/DerivedSources
    export PROJECT_DIR\=/Users/runner/work/echo-nightly/echo-nightly/iosApp
    export PROJECT_FILE_PATH\=/Users/runner/work/echo-nightly/echo-nightly/iosApp/iosApp.xcodeproj
    export PROJECT_GUID\=7b79493a8b7fc1f2fff3c51cd12ba024
    export PROJECT_NAME\=iosApp
    export PROJECT_TEMP_DIR\=/Users/runner/work/echo-nightly/echo-nightly/build/DerivedData/Build/Intermediates.noindex/iosApp.build
    export PROJECT_TEMP_ROOT\=/Users/runner/work/echo-nightly/echo-nightly/build/DerivedData/Build/Intermediates.noindex
    export PROVISIONING_PROFILE_REQUIRED\=NO
    export PROVISIONING_PROFILE_REQUIRED_YES_YES\=YES
    export PROVISIONING_PROFILE_SUPPORTED\=YES
    export PUBLIC_HEADERS_FOLDER_PATH\=iosApp.app/Headers
    export RECOMMENDED_IPHONEOS_DEPLOYMENT_TARGET\=15.0
    export RECURSIVE_SEARCH_PATHS_FOLLOW_SYMLINKS\=YES
    export REMOVE_CVS_FROM_RESOURCES\=YES
    export REMOVE_GIT_FROM_RESOURCES\=YES
    export REMOVE_HEADERS_FROM_EMBEDDED_BUNDLES\=YES
    export REMOVE_HG_FROM_RESOURCES\=YES
    export REMOVE_STATIC_EXECUTABLES_FROM_EMBEDDED_BUNDLES\=YES
    export REMOVE_SVN_FROM_RESOURCES\=YES
    export RESCHEDULE_INDEPENDENT_HEADERS_PHASES\=YES
    export REZ_COLLECTOR_DIR\=/Users/runner/work/echo-nightly/echo-nightly/build/DerivedData/Build/Intermediates.noindex/iosApp.build/Debug-iphonesimulator/iosApp.build/ResourceManagerResources
    export REZ_OBJECTS_DIR\=/Users/runner/work/echo-nightly/echo-nightly/build/DerivedData/Build/Intermediates.noindex/iosApp.build/Debug-iphonesimulator/iosApp.build/ResourceManagerResources/Objects
    export REZ_SEARCH_PATHS\=/Users/runner/work/echo-nightly/echo-nightly/build/DerivedData/Build/Products/Debug-iphonesimulator\ 
    export RPATH_ORIGIN\=@loader_path
    export RUNTIME_EXCEPTION_ALLOW_DYLD_ENVIRONMENT_VARIABLES\=NO
    export RUNTIME_EXCEPTION_ALLOW_JIT\=NO
    export RUNTIME_EXCEPTION_ALLOW_UNSIGNED_EXECUTABLE_MEMORY\=NO
    export RUNTIME_EXCEPTION_DEBUGGING_TOOL\=NO
    export RUNTIME_EXCEPTION_DISABLE_EXECUTABLE_PAGE_PROTECTION\=NO
    export RUNTIME_EXCEPTION_DISABLE_LIBRARY_VALIDATION\=NO
    export SCANNING_PCM_KEEP_CACHE_DIRECTORY\=YES
    export SCAN_ALL_SOURCE_FILES_FOR_INCLUDES\=NO
    export SCRIPTS_FOLDER_PATH\=iosApp.app/Scripts
    export SCRIPT_INPUT_FILE_COUNT\=0
    export SCRIPT_INPUT_FILE_LIST_COUNT\=0
    export SCRIPT_OUTPUT_FILE_0\=/Users/runner/work/echo-nightly/echo-nightly/build/DerivedData/Build/Products/Debug-iphonesimulator/iosApp.app/Frameworks/ComposeApp.framework
    export SCRIPT_OUTPUT_FILE_COUNT\=1
    export SCRIPT_OUTPUT_FILE_LIST_COUNT\=0
    export SDKROOT\=/Applications/Xcode_26.6.app/Contents/Developer/Platforms/iPhoneSimulator.platform/Developer/SDKs/iPhoneSimulator26.5.sdk
    export SDK_DIR\=/Applications/Xcode_26.6.app/Contents/Developer/Platforms/iPhoneSimulator.platform/Developer/SDKs/iPhoneSimulator26.5.sdk
    export SDK_DIR_iphonesimulator\=/Applications/Xcode_26.6.app/Contents/Developer/Platforms/iPhoneSimulator.platform/Developer/SDKs/iPhoneSimulator26.5.sdk
    export SDK_DIR_iphonesimulator26_5\=/Applications/Xcode_26.6.app/Contents/Developer/Platforms/iPhoneSimulator.platform/Developer/SDKs/iPhoneSimulator26.5.sdk
    export SDK_NAME\=iphonesimulator26.5
    export SDK_NAMES\=iphonesimulator26.5
    export SDK_PRODUCT_BUILD_VERSION\=23F81a
    export SDK_STAT_CACHE_DIR\=/Users/runner/work/echo-nightly/echo-nightly/build/DerivedData
    export SDK_STAT_CACHE_ENABLE\=YES
    export SDK_STAT_CACHE_PATH\=/Users/runner/work/echo-nightly/echo-nightly/build/DerivedData/SDKStatCaches.noindex/iphonesimulator26.5-23F81a-688ef53f1462e2c8f657fdc38a81448ff45c64a1807a658693f2a61704f17a36.sdkstatcache
    export SDK_VERSION\=26.5
    export SDK_VERSION_ACTUAL\=260500
    export SDK_VERSION_MAJOR\=260000
    export SDK_VERSION_MINOR\=260500
    export SED\=/usr/bin/sed
    export SEPARATE_STRIP\=NO
    export SEPARATE_SYMBOL_EDIT\=NO
    export SET_DIR_MODE_OWNER_GROUP\=YES
    export SET_FILE_MODE_OWNER_GROUP\=NO
    export SHALLOW_BUNDLE\=YES
    export SHALLOW_BUNDLE_TRIPLE\=ios-simulator
    export SHALLOW_BUNDLE_ios_macabi\=NO
    export SHALLOW_BUNDLE_macos\=NO
    export SHARED_DERIVED_FILE_DIR\=/Users/runner/work/echo-nightly/echo-nightly/build/DerivedData/Build/Products/Debug-iphonesimulator/DerivedSources
    export SHARED_FRAMEWORKS_FOLDER_PATH\=iosApp.app/SharedFrameworks
    export SHARED_PRECOMPS_DIR\=/Users/runner/work/echo-nightly/echo-nightly/build/DerivedData/Build/Intermediates.noindex/PrecompiledHeaders
    export SHARED_SUPPORT_FOLDER_PATH\=iosApp.app/SharedSupport
    export SKIP_INSTALL\=NO
    export SKIP_MERGEABLE_LIBRARY_BUNDLE_HOOK\=NO
    export SOURCE_ROOT\=/Users/runner/work/echo-nightly/echo-nightly/iosApp
    export SRCROOT\=/Users/runner/work/echo-nightly/echo-nightly/iosApp
    export STRINGSDATA_DIR\=/Users/runner/work/echo-nightly/echo-nightly/build/DerivedData/Build/Intermediates.noindex/iosApp.build/Debug-iphonesimulator/iosApp.build/Objects-normal/undefined_arch
    export STRINGSDATA_ROOT\=/Users/runner/work/echo-nightly/echo-nightly/build/DerivedData/Build/Intermediates.noindex/iosApp.build/Debug-iphonesimulator/iosApp.build
    export STRINGS_FILE_INFOPLIST_RENAME\=YES
    export STRINGS_FILE_OUTPUT_ENCODING\=binary
    export STRING_CATALOG_GENERATE_SYMBOLS\=NO
    export STRIP_BITCODE_FROM_COPIED_FILES\=NO
    export STRIP_INSTALLED_PRODUCT\=NO
    export STRIP_STYLE\=all
    export STRIP_SWIFT_SYMBOLS\=YES
    export SUPPORTED_DEVICE_FAMILIES\=1,2
    export SUPPORTED_PLATFORMS\=iphoneos\ iphonesimulator
    export SUPPORTS_MACCATALYST\=NO
    export SUPPORTS_ON_DEMAND_RESOURCES\=YES
    export SUPPORTS_TEXT_BASED_API\=NO
    export SUPPRESS_WARNINGS\=NO
    export SWIFT_ACTIVE_COMPILATION_CONDITIONS\=DEBUG
    export SWIFT_EMIT_CONST_VALUE_PROTOCOLS\=AnyResolverProviding\ AppEntity\ AppEnum\ AppExtension\ AppIntent\ AppIntentsPackage\ AppShortcutProviding\ AppShortcutsProvider\ DynamicOptionsProvider\ EntityQuery\ ExtensionPointDefining\ IntentValueQuery\ Resolver\ TransientEntity\ _AssistantIntentsProvider\ _GenerativeFunctionExtractable\ _IntentValueRepresentable
    export SWIFT_EMIT_LOC_STRINGS\=NO
    export SWIFT_ENABLE_EXPLICIT_MODULES\=YES
    export SWIFT_OPTIMIZATION_LEVEL\=-Onone
    export SWIFT_PLATFORM_TARGET_PREFIX\=ios
    export SWIFT_RESPONSE_FILE_PATH_normal_arm64\=/Users/runner/work/echo-nightly/echo-nightly/build/DerivedData/Build/Intermediates.noindex/iosApp.build/Debug-iphonesimulator/iosApp.build/Objects-normal/arm64/iosApp.SwiftFileList
    export SWIFT_VERSION\=5.0
    export SYMROOT\=/Users/runner/work/echo-nightly/echo-nightly/build/DerivedData/Build/Products
    export SYSTEM_ADMIN_APPS_DIR\=/Applications/Utilities
    export SYSTEM_APPS_DIR\=/Applications
    export SYSTEM_CORE_SERVICES_DIR\=/System/Library/CoreServices
    export SYSTEM_DEMOS_DIR\=/Applications/Extras
    export SYSTEM_DEVELOPER_APPS_DIR\=/Applications/Xcode_26.6.app/Contents/Developer/Applications
    export SYSTEM_DEVELOPER_BIN_DIR\=/Applications/Xcode_26.6.app/Contents/Developer/usr/bin
    export SYSTEM_DEVELOPER_DEMOS_DIR\=/Applications/Xcode_26.6.app/Contents/Developer/Applications/Utilities/Built\ Examples
    export SYSTEM_DEVELOPER_DIR\=/Applications/Xcode_26.6.app/Contents/Developer
    export SYSTEM_DEVELOPER_DOC_DIR\=/Applications/Xcode_26.6.app/Contents/Developer/ADC\ Reference\ Library
    export SYSTEM_DEVELOPER_GRAPHICS_TOOLS_DIR\=/Applications/Xcode_26.6.app/Contents/Developer/Applications/Graphics\ Tools
    export SYSTEM_DEVELOPER_JAVA_TOOLS_DIR\=/Applications/Xcode_26.6.app/Contents/Developer/Applications/Java\ Tools
    export SYSTEM_DEVELOPER_PERFORMANCE_TOOLS_DIR\=/Applications/Xcode_26.6.app/Contents/Developer/Applications/Performance\ Tools
    export SYSTEM_DEVELOPER_RELEASENOTES_DIR\=/Applications/Xcode_26.6.app/Contents/Developer/ADC\ Reference\ Library/releasenotes
    export SYSTEM_DEVELOPER_TOOLS\=/Applications/Xcode_26.6.app/Contents/Developer/Tools
    export SYSTEM_DEVELOPER_TOOLS_DOC_DIR\=/Applications/Xcode_26.6.app/Contents/Developer/ADC\ Reference\ Library/documentation/DeveloperTools
    export SYSTEM_DEVELOPER_TOOLS_RELEASENOTES_DIR\=/Applications/Xcode_26.6.app/Contents/Developer/ADC\ Reference\ Library/releasenotes/DeveloperTools
    export SYSTEM_DEVELOPER_USR_DIR\=/Applications/Xcode_26.6.app/Contents/Developer/usr
    export SYSTEM_DEVELOPER_UTILITIES_DIR\=/Applications/Xcode_26.6.app/Contents/Developer/Applications/Utilities
    export SYSTEM_DEXT_INSTALL_PATH\=/System/Library/DriverExtensions
    export SYSTEM_DOCUMENTATION_DIR\=/Library/Documentation
    export SYSTEM_EXTENSIONS_FOLDER_PATH\=iosApp.app/SystemExtensions
    export SYSTEM_EXTENSIONS_FOLDER_PATH_SHALLOW_BUNDLE_NO\=iosApp.app/Library/SystemExtensions
    export SYSTEM_EXTENSIONS_FOLDER_PATH_SHALLOW_BUNDLE_YES\=iosApp.app/SystemExtensions
    export SYSTEM_KEXT_INSTALL_PATH\=/System/Library/Extensions
    export SYSTEM_LIBRARY_DIR\=/System/Library
    export TAPI_DEMANGLE\=YES
    export TAPI_ENABLE_PROJECT_HEADERS\=NO
    export TAPI_LANGUAGE\=objective-c
    export TAPI_LANGUAGE_STANDARD\=compiler-default
    export TAPI_USE_SRCROOT\=YES
    export TAPI_VERIFY_MODE\=Pedantic
    export TARGETED_DEVICE_FAMILY\=1,2
    export TARGETNAME\=iosApp
    export TARGET_BUILD_DIR\=/Users/runner/work/echo-nightly/echo-nightly/build/DerivedData/Build/Products/Debug-iphonesimulator
    export TARGET_DEVICE_IDENTIFIER\=0130C0CE-9E1A-4769-A6A0-FA820D0295E6
    export TARGET_DEVICE_MODEL\=iPhone18,1
    export TARGET_DEVICE_OS_VERSION\=26.5
    export TARGET_DEVICE_PLATFORM_NAME\=iphonesimulator
    export TARGET_NAME\=iosApp
    export TARGET_TEMP_DIR\=/Users/runner/work/echo-nightly/echo-nightly/build/DerivedData/Build/Intermediates.noindex/iosApp.build/Debug-iphonesimulator/iosApp.build
    export TEMP_DIR\=/Users/runner/work/echo-nightly/echo-nightly/build/DerivedData/Build/Intermediates.noindex/iosApp.build/Debug-iphonesimulator/iosApp.build
    export TEMP_FILES_DIR\=/Users/runner/work/echo-nightly/echo-nightly/build/DerivedData/Build/Intermediates.noindex/iosApp.build/Debug-iphonesimulator/iosApp.build
    export TEMP_FILE_DIR\=/Users/runner/work/echo-nightly/echo-nightly/build/DerivedData/Build/Intermediates.noindex/iosApp.build/Debug-iphonesimulator/iosApp.build
    export TEMP_ROOT\=/Users/runner/work/echo-nightly/echo-nightly/build/DerivedData/Build/Intermediates.noindex
    export TEMP_SANDBOX_DIR\=/Users/runner/work/echo-nightly/echo-nightly/build/DerivedData/Build/Intermediates.noindex/TemporaryTaskSandboxes
    export TEST_FRAMEWORK_SEARCH_PATHS\=\ /Applications/Xcode_26.6.app/Contents/Developer/Platforms/iPhoneSimulator.platform/Developer/Library/Frameworks\ /Applications/Xcode_26.6.app/Contents/Developer/Platforms/iPhoneSimulator.platform/Developer/SDKs/iPhoneSimulator26.5.sdk/Developer/Library/Frameworks
    export TEST_LIBRARY_SEARCH_PATHS\=\ /Applications/Xcode_26.6.app/Contents/Developer/Platforms/iPhoneSimulator.platform/Developer/usr/lib
    export TOOLCHAINS\=com.apple.dt.toolchain.Metal.32023.883\ com.apple.dt.toolchain.XcodeDefault
    export TOOLCHAIN_DIR\=/var/run/com.apple.security.cryptexd/mnt/com.apple.MobileAsset.MetalToolchain-v17.6.109.0.5CuhRO/Metal.xctoolchain
    export TOOLCHAIN_VERSION\=32023.883
    export TREAT_MISSING_BASELINES_AS_TEST_FAILURES\=NO
    export TREAT_MISSING_SCRIPT_PHASE_OUTPUTS_AS_ERRORS\=NO
    export UID\=501
    export UNINSTALLED_PRODUCTS_DIR\=/Users/runner/work/echo-nightly/echo-nightly/build/DerivedData/Build/Intermediates.noindex/UninstalledProducts
    export UNLOCALIZED_RESOURCES_FOLDER_PATH\=iosApp.app
    export UNLOCALIZED_RESOURCES_FOLDER_PATH_SHALLOW_BUNDLE_NO\=iosApp.app/Resources
    export UNLOCALIZED_RESOURCES_FOLDER_PATH_SHALLOW_BUNDLE_YES\=iosApp.app
    export UNSTRIPPED_PRODUCT\=NO
    export USER\=runner
    export USER_APPS_DIR\=/Users/runner/Applications
    export USER_LIBRARY_DIR\=/Users/runner/Library
    export USE_DYNAMIC_NO_PIC\=YES
    export USE_HEADERMAP\=YES
    export USE_HEADER_SYMLINKS\=NO
    export VALIDATE_DEVELOPMENT_ASSET_PATHS\=YES_ERROR
    export VALIDATE_PRODUCT\=NO
    export VALID_ARCHS\=arm64\ x86_64
    export VERBOSE_PBXCP\=NO
    export VERSIONPLIST_PATH\=iosApp.app/version.plist
    export VERSION_INFO_BUILDER\=runner
    export VERSION_INFO_FILE\=iosApp_vers.c
    export VERSION_INFO_STRING\=\"@\(\#\)PROGRAM:iosApp\ \ PROJECT:iosApp-1\"
    export WORKSPACE_DIR\=/Users/runner/work/echo-nightly/echo-nightly/iosApp/iosApp.xcodeproj
    export WRAPPER_EXTENSION\=app
    export WRAPPER_NAME\=iosApp.app
    export WRAPPER_SUFFIX\=.app
    export WRAP_ASSET_PACKS_IN_SEPARATE_DIRECTORIES\=NO
    export XCODE_APP_SUPPORT_DIR\=/Applications/Xcode_26.6.app/Contents/Developer/Library/Xcode
    export XCODE_PRODUCT_BUILD_VERSION\=17F113
    export XCODE_VERSION_ACTUAL\=2660
    export XCODE_VERSION_MAJOR\=2600
    export XCODE_VERSION_MINOR\=2660
    export XPCSERVICES_FOLDER_PATH\=iosApp.app/XPCServices
    export YACC\=yacc
    export _DISCOVER_COMMAND_LINE_LINKER_INPUTS\=YES
    export _DISCOVER_COMMAND_LINE_LINKER_INPUTS_INCLUDE_WL\=YES
    export _LD_MULTIARCH\=YES
    export _WRAPPER_CONTENTS_DIR_SHALLOW_BUNDLE_NO\=/Contents
    export _WRAPPER_PARENT_PATH_SHALLOW_BUNDLE_NO\=/..
    export _WRAPPER_RESOURCES_DIR_SHALLOW_BUNDLE_NO\=/Resources
    export __DIAGNOSE_DEPRECATED_ARCHS\=YES
    export __IS_NOT_MACOS\=YES
    export __IS_NOT_MACOS_macosx\=NO
    export __IS_NOT_SIMULATOR\=NO
    export __IS_NOT_SIMULATOR_simulator\=NO
    export __ORIGINAL_SDK_DEFINED_LLVM_TARGET_TRIPLE_SYS\=ios
    export arch\=undefined_arch
    export variant\=normal
    /bin/sh -c /Users/runner/work/echo-nightly/echo-nightly/build/DerivedData/Build/Intermediates.noindex/iosApp.build/Debug-iphonesimulator/iosApp.build/Script-E6000000000000000000000C.sh
Calculating task graph as no cached configuration is available for tasks: :composeApp:embedAndSignAppleFrameworkForXcode
> Task :common:checkKotlinGradlePluginConfigurationErrors SKIPPED
> Task :composeApp:checkKotlinGradlePluginConfigurationErrors SKIPPED
> Task :composeApp:checkSandboxAndWriteProtection
> Task :composeApp:convertXmlValueResourcesForAppleMain NO-SOURCE
> Task :composeApp:copyNonXmlValueResourcesForAppleMain NO-SOURCE
> Task :composeApp:convertXmlValueResourcesForCommonMain NO-SOURCE
> Task :composeApp:prepareComposeResourcesTaskForAppleMain NO-SOURCE
> Task :composeApp:copyNonXmlValueResourcesForCommonMain NO-SOURCE
> Task :composeApp:generateResourceAccessorsForAppleMain SKIPPED
> Task :composeApp:convertXmlValueResourcesForIosMain NO-SOURCE
> Task :composeApp:prepareComposeResourcesTaskForCommonMain NO-SOURCE
> Task :composeApp:generateResourceAccessorsForCommonMain SKIPPED
> Task :composeApp:copyNonXmlValueResourcesForIosMain NO-SOURCE
> Task :composeApp:convertXmlValueResourcesForIosSimulatorArm64Main NO-SOURCE
> Task :composeApp:prepareComposeResourcesTaskForIosMain NO-SOURCE
> Task :composeApp:copyNonXmlValueResourcesForIosSimulatorArm64Main NO-SOURCE
> Task :composeApp:generateResourceAccessorsForIosMain SKIPPED
> Task :composeApp:prepareComposeResourcesTaskForIosSimulatorArm64Main NO-SOURCE
> Task :composeApp:generateResourceAccessorsForIosSimulatorArm64Main SKIPPED
> Task :composeApp:generateComposeResClass SKIPPED
> Task :composeApp:convertXmlValueResourcesForNativeMain NO-SOURCE
> Task :composeApp:copyNonXmlValueResourcesForNativeMain NO-SOURCE
> Task :composeApp:generateExpectResourceCollectorsForCommonMain SKIPPED
> Task :composeApp:createBuildSystemDirectory
> Task :composeApp:prepareComposeResourcesTaskForNativeMain NO-SOURCE
> Task :composeApp:generateResourceAccessorsForNativeMain SKIPPED
> Task :composeApp:generateActualResourceCollectorsForIosSimulatorArm64Main SKIPPED
> Task :composeApp:checkCanSyncComposeResourcesForIos
> Task :composeApp:symbolicLinkToAssembleDebugAppleFrameworkForXcodeIosSimulatorArm64
> Task :composeApp:convertXmlValueResourcesForIosArm64Main NO-SOURCE
> Task :composeApp:copyNonXmlValueResourcesForIosArm64Main NO-SOURCE
> Task :composeApp:prepareComposeResourcesTaskForIosArm64Main NO-SOURCE
> Task :composeApp:iosArm64ResolveResourcesFromDependencies
> Task :composeApp:iosSimulatorArm64ResolveResourcesFromDependencies UP-TO-DATE
> Task :composeApp:assembleIosSimulatorArm64MainResources UP-TO-DATE
> Task :composeApp:assembleIosArm64MainResources
> Task :composeApp:iosSimulatorArm64ResolveSelfResourcesCopyHierarchicalMultiplatformResources UP-TO-DATE
> Task :composeApp:iosSimulatorArm64AggregateResources UP-TO-DATE
> Task :composeApp:iosArm64ResolveSelfResourcesCopyHierarchicalMultiplatformResources
> Task :composeApp:iosArm64AggregateResources
> Task :composeApp:convertXmlValueResourcesForIosX64Main NO-SOURCE
> Task :composeApp:iosX64ResolveResourcesFromDependencies
> Task :composeApp:copyNonXmlValueResourcesForIosX64Main NO-SOURCE
> Task :composeApp:prepareComposeResourcesTaskForIosX64Main NO-SOURCE
> Task :composeApp:assembleIosX64MainResources
> Task :composeApp:iosX64ResolveSelfResourcesCopyHierarchicalMultiplatformResources
> Task :composeApp:iosX64AggregateResources
> Task :composeApp:syncComposeResourcesForIos
> Task :common:compileKotlinIosSimulatorArm64 UP-TO-DATE
> Task :composeApp:compileKotlinIosSimulatorArm64 UP-TO-DATE
> Task :composeApp:linkDebugFrameworkIosSimulatorArm64 UP-TO-DATE
> Task :composeApp:assembleDebugAppleFrameworkForXcodeIosSimulatorArm64
> Task :composeApp:copyDsymForEmbedAndSignAppleFrameworkForXcode SKIPPED
> Task :composeApp:embedAndSignAppleFrameworkForXcode SKIPPED
gradle/actions: Writing build results to /Users/runner/work/_temp/.gradle-actions/build-results/__run_7-1788698025520.json

BUILD SUCCESSFUL in 4s
21 actionable tasks: 14 executed, 7 up-to-date
Configuration cache entry stored.

ProcessInfoPlistFile /Users/runner/work/echo-nightly/echo-nightly/build/DerivedData/Build/Products/Debug-iphonesimulator/iosApp.app/Info.plist /Users/runner/work/echo-nightly/echo-nightly/iosApp/iosApp/Info.plist (in target 'iosApp' from project 'iosApp')
    cd /Users/runner/work/echo-nightly/echo-nightly/iosApp
    builtin-infoPlistUtility /Users/runner/work/echo-nightly/echo-nightly/iosApp/iosApp/Info.plist -producttype com.apple.product-type.application -genpkginfo /Users/runner/work/echo-nightly/echo-nightly/build/DerivedData/Build/Products/Debug-iphonesimulator/iosApp.app/PkgInfo -expandbuildsettings -format binary -platform iphonesimulator -o /Users/runner/work/echo-nightly/echo-nightly/build/DerivedData/Build/Products/Debug-iphonesimulator/iosApp.app/Info.plist

SwiftDriver iosApp normal arm64 com.apple.xcode.tools.swift.compiler (in target 'iosApp' from project 'iosApp')
    cd /Users/runner/work/echo-nightly/echo-nightly/iosApp
    builtin-SwiftDriver -- /Applications/Xcode_26.6.app/Contents/Developer/Toolchains/XcodeDefault.xctoolchain/usr/bin/swiftc -module-name iosApp -Onone @/Users/runner/work/echo-nightly/echo-nightly/build/DerivedData/Build/Intermediates.noindex/iosApp.build/Debug-iphonesimulator/iosApp.build/Objects-normal/arm64/iosApp.SwiftFileList -DDEBUG -enable-bare-slash-regex -enable-experimental-feature DebugDescriptionMacro -sdk /Applications/Xcode_26.6.app/Contents/Developer/Platforms/iPhoneSimulator.platform/Developer/SDKs/iPhoneSimulator26.5.sdk -target arm64-apple-ios15.0-simulator -g -module-cache-path /Users/runner/work/echo-nightly/echo-nightly/build/DerivedData/ModuleCache.noindex -Xfrontend -serialize-debugging-options -enable-testing -index-store-path /Users/runner/work/echo-nightly/echo-nightly/build/DerivedData/Index.noindex/DataStore -Xcc -D_LIBCPP_HARDENING_MODE\=_LIBCPP_HARDENING_MODE_DEBUG -swift-version 5 -I /Users/runner/work/echo-nightly/echo-nightly/build/DerivedData/Build/Products/Debug-iphonesimulator -F /Users/runner/work/echo-nightly/echo-nightly/build/DerivedData/Build/Products/Debug-iphonesimulator -F /Users/runner/work/echo-nightly/echo-nightly/build/DerivedData/Build/Products/Debug-iphonesimulator -c -j3 -enable-batch-mode -incremental -Xcc -ivfsstatcache -Xcc /Users/runner/work/echo-nightly/echo-nightly/build/DerivedData/SDKStatCaches.noindex/iphonesimulator26.5-23F81a-688ef53f1462e2c8f657fdc38a81448ff45c64a1807a658693f2a61704f17a36.sdkstatcache -output-file-map /Users/runner/work/echo-nightly/echo-nightly/build/DerivedData/Build/Intermediates.noindex/iosApp.build/Debug-iphonesimulator/iosApp.build/Objects-normal/arm64/iosApp-OutputFileMap.json -use-frontend-parseable-output -save-temps -no-color-diagnostics -explicit-module-build -module-cache-path /Users/runner/work/echo-nightly/echo-nightly/build/DerivedData/Build/Intermediates.noindex/SwiftExplicitPrecompiledModules -clang-scanner-module-cache-path /Users/runner/work/echo-nightly/echo-nightly/build/DerivedData/ModuleCache.noindex -sdk-module-cache-path /Users/runner/work/echo-nightly/echo-nightly/build/DerivedData/ModuleCache.noindex -serialize-diagnostics -emit-dependencies -emit-module -emit-module-path /Users/runner/work/echo-nightly/echo-nightly/build/DerivedData/Build/Intermediates.noindex/iosApp.build/Debug-iphonesimulator/iosApp.build/Objects-normal/arm64/iosApp.swiftmodule -validate-clang-modules-once -clang-build-session-file /Users/runner/work/echo-nightly/echo-nightly/build/DerivedData/ModuleCache.noindex/Session.modulevalidation -Xcc -I/Users/runner/work/echo-nightly/echo-nightly/build/DerivedData/Build/Intermediates.noindex/iosApp.build/Debug-iphonesimulator/iosApp.build/swift-overrides.hmap -emit-const-values -Xfrontend -const-gather-protocols-file -Xfrontend /Users/runner/work/echo-nightly/echo-nightly/build/DerivedData/Build/Intermediates.noindex/iosApp.build/Debug-iphonesimulator/iosApp.build/Objects-normal/arm64/iosApp_const_extract_protocols.json -Xcc -iquote -Xcc /Users/runner/work/echo-nightly/echo-nightly/build/DerivedData/Build/Intermediates.noindex/iosApp.build/Debug-iphonesimulator/iosApp.build/iosApp-generated-files.hmap -Xcc -I/Users/runner/work/echo-nightly/echo-nightly/build/DerivedData/Build/Intermediates.noindex/iosApp.build/Debug-iphonesimulator/iosApp.build/iosApp-own-target-headers.hmap -Xcc -I/Users/runner/work/echo-nightly/echo-nightly/build/DerivedData/Build/Intermediates.noindex/iosApp.build/Debug-iphonesimulator/iosApp.build/iosApp-all-target-headers.hmap -Xcc -iquote -Xcc /Users/runner/work/echo-nightly/echo-nightly/build/DerivedData/Build/Intermediates.noindex/iosApp.build/Debug-iphonesimulator/iosApp.build/iosApp-project-headers.hmap -Xcc -I/Users/runner/work/echo-nightly/echo-nightly/build/DerivedData/Build/Products/Debug-iphonesimulator/include -Xcc -I/Users/runner/work/echo-nightly/echo-nightly/build/DerivedData/Build/Intermediates.noindex/iosApp.build/Debug-iphonesimulator/iosApp.build/DerivedSources-normal/arm64 -Xcc -I/Users/runner/work/echo-nightly/echo-nightly/build/DerivedData/Build/Intermediates.noindex/iosApp.build/Debug-iphonesimulator/iosApp.build/DerivedSources/arm64 -Xcc -I/Users/runner/work/echo-nightly/echo-nightly/build/DerivedData/Build/Intermediates.noindex/iosApp.build/Debug-iphonesimulator/iosApp.build/DerivedSources -Xcc -DDEBUG\=1 -emit-objc-header -emit-objc-header-path /Users/runner/work/echo-nightly/echo-nightly/build/DerivedData/Build/Intermediates.noindex/iosApp.build/Debug-iphonesimulator/iosApp.build/Objects-normal/arm64/iosApp-Swift.h -working-directory /Users/runner/work/echo-nightly/echo-nightly/iosApp -experimental-emit-module-separately -disable-cmo

Ld /Users/runner/work/echo-nightly/echo-nightly/build/DerivedData/Build/Products/Debug-iphonesimulator/iosApp.app/__preview.dylib normal (in target 'iosApp' from project 'iosApp')
    cd /Users/runner/work/echo-nightly/echo-nightly/iosApp
    /Applications/Xcode_26.6.app/Contents/Developer/Toolchains/XcodeDefault.xctoolchain/usr/bin/clang -Xlinker -reproducible -target arm64-apple-ios15.0-simulator -dynamiclib -isysroot /Applications/Xcode_26.6.app/Contents/Developer/Platforms/iPhoneSimulator.platform/Developer/SDKs/iPhoneSimulator26.5.sdk -O0 -L/Users/runner/work/echo-nightly/echo-nightly/build/DerivedData/Build/Products/Debug-iphonesimulator -F/Users/runner/work/echo-nightly/echo-nightly/build/DerivedData/Build/Products/Debug-iphonesimulator -F/Users/runner/work/echo-nightly/echo-nightly/build/DerivedData/Build/Products/Debug-iphonesimulator -install_name @rpath/iosApp.debug.dylib -Xlinker -dead_strip -rdynamic -Xlinker -no_deduplicate -Xlinker -objc_abi_version -Xlinker 2 -Xlinker -dependency_info -Xlinker /Users/runner/work/echo-nightly/echo-nightly/build/DerivedData/Build/Intermediates.noindex/iosApp.build/Debug-iphonesimulator/iosApp.build/Objects-normal/arm64/iosApp_dependency_info.dat -o /Users/runner/work/echo-nightly/echo-nightly/build/DerivedData/Build/Products/Debug-iphonesimulator/iosApp.app/__preview.dylib

SwiftExplicitDependencyGeneratePcm arm64 /Users/runner/work/echo-nightly/echo-nightly/build/DerivedData/ModuleCache.noindex/SwiftShims-6PFE64RECMXNZT6CKBQL8V148.pcm

SwiftExplicitDependencyGeneratePcm arm64 /Users/runner/work/echo-nightly/echo-nightly/build/DerivedData/ModuleCache.noindex/_Builtin_float-99822K6I1J8O2JPQ3BIMU29Z6.pcm

SwiftExplicitDependencyGeneratePcm arm64 /Users/runner/work/echo-nightly/echo-nightly/build/DerivedData/ModuleCache.noindex/ptrcheck-EXK964XPUB1LBED39A5QTRPGZ.pcm

SwiftExplicitDependencyGeneratePcm arm64 /Users/runner/work/echo-nightly/echo-nightly/build/DerivedData/ModuleCache.noindex/_SwiftConcurrencyShims-12B21DK0TK65G9IQI1727QYJA.pcm

SwiftExplicitDependencyGeneratePcm arm64 /Users/runner/work/echo-nightly/echo-nightly/build/DerivedData/ModuleCache.noindex/ptrauth-A1CG4SQ780Z54WA20SDFSNB2I.pcm

SwiftExplicitDependencyGeneratePcm arm64 /Users/runner/work/echo-nightly/echo-nightly/build/DerivedData/ModuleCache.noindex/_Builtin_stdbool-CHJNHB3RDRLRHM8QKKVA6A654.pcm

SwiftExplicitDependencyGeneratePcm arm64 /Users/runner/work/echo-nightly/echo-nightly/build/DerivedData/ModuleCache.noindex/DeveloperToolsSupport-4G6N3Y400KLN8B4WZP82A3P95.pcm

SwiftExplicitDependencyGeneratePcm arm64 /Users/runner/work/echo-nightly/echo-nightly/build/DerivedData/ModuleCache.noindex/_AvailabilityInternal-5820X4Q5LYVSVNKA74NYCKLQN.pcm

SwiftExplicitDependencyGeneratePcm arm64 /Users/runner/work/echo-nightly/echo-nightly/build/DerivedData/ModuleCache.noindex/_Builtin_stddef-DY4UGDEUN9E4RNI7EUSRQ76BW.pcm

SwiftExplicitDependencyGeneratePcm arm64 /Users/runner/work/echo-nightly/echo-nightly/build/DerivedData/ModuleCache.noindex/_Builtin_stdarg-EZU5FY0OA0ON691MIGDGU3UKF.pcm

SwiftExplicitDependencyGeneratePcm arm64 /Users/runner/work/echo-nightly/echo-nightly/build/DerivedData/ModuleCache.noindex/_DarwinFoundation1-4CK6OW18UQKSU952SE0SKTDLE.pcm

SwiftExplicitDependencyGeneratePcm arm64 /Users/runner/work/echo-nightly/echo-nightly/build/DerivedData/ModuleCache.noindex/_Builtin_limits-BMSNMPIRT0ZQQ2HCHLTRMC9UF.pcm

SwiftExplicitDependencyGeneratePcm arm64 /Users/runner/work/echo-nightly/echo-nightly/build/DerivedData/ModuleCache.noindex/_DarwinFoundation2-F04VPRK8WIK9Y8ZCW5SXM3ZB1.pcm

SwiftExplicitDependencyGeneratePcm arm64 /Users/runner/work/echo-nightly/echo-nightly/build/DerivedData/ModuleCache.noindex/_Builtin_tgmath-3VWH8QLW4FFCW47DG2ESNLVU.pcm

SwiftExplicitDependencyGeneratePcm arm64 /Users/runner/work/echo-nightly/echo-nightly/build/DerivedData/ModuleCache.noindex/_Builtin_stdint-DALOQDVPDC3B06N663VO5UYGQ.pcm

SwiftExplicitDependencyGeneratePcm arm64 /Users/runner/work/echo-nightly/echo-nightly/build/DerivedData/ModuleCache.noindex/sys_types-4XAROW51SZMY9P6W9AJ2QTXO6.pcm

SwiftExplicitDependencyGeneratePcm arm64 /Users/runner/work/echo-nightly/echo-nightly/build/DerivedData/ModuleCache.noindex/_Builtin_stdatomic-5GXDTXRH5OMG0HSXGK696CKHW.pcm

SwiftExplicitDependencyGeneratePcm arm64 /Users/runner/work/echo-nightly/echo-nightly/build/DerivedData/ModuleCache.noindex/_Builtin_intrinsics-9GR4411GVJC82CA2TJU7VRALK.pcm

SwiftExplicitDependencyGeneratePcm arm64 /Users/runner/work/echo-nightly/echo-nightly/build/DerivedData/ModuleCache.noindex/_DarwinFoundation3-C6ALSG8P0LUCTMZ2E9L5KQET6.pcm

SwiftExplicitDependencyGeneratePcm arm64 /Users/runner/work/echo-nightly/echo-nightly/build/DerivedData/ModuleCache.noindex/_Builtin_inttypes-32ADCMFAI321K8ENLSQ8169VT.pcm

SwiftExplicitDependencyGeneratePcm arm64 /Users/runner/work/echo-nightly/echo-nightly/build/DerivedData/ModuleCache.noindex/Darwin-422WMGN0QIKSCYRMIOWAOYMSZ.pcm

SwiftExplicitDependencyGeneratePcm arm64 /Users/runner/work/echo-nightly/echo-nightly/build/DerivedData/ModuleCache.noindex/simd-W4XVWPF9C3IESMGY0PX51E4T.pcm

SwiftExplicitDependencyGeneratePcm arm64 /Users/runner/work/echo-nightly/echo-nightly/build/DerivedData/ModuleCache.noindex/MachO-4ZQATDVKRM61EAHOUHMWU8Q55.pcm

SwiftExplicitDependencyGeneratePcm arm64 /Users/runner/work/echo-nightly/echo-nightly/build/DerivedData/ModuleCache.noindex/ObjectiveC-64354CGPXAV7KFJ86WG6R57A.pcm

SwiftExplicitDependencyGeneratePcm arm64 /Users/runner/work/echo-nightly/echo-nightly/build/DerivedData/ModuleCache.noindex/os_object-503G21MP7G190KTJ57DLSZCLX.pcm

SwiftExplicitDependencyGeneratePcm arm64 /Users/runner/work/echo-nightly/echo-nightly/build/DerivedData/ModuleCache.noindex/os_workgroup-5YEZD794HSQZWUSMUP6G693SW.pcm

SwiftExplicitDependencyGeneratePcm arm64 /Users/runner/work/echo-nightly/echo-nightly/build/DerivedData/ModuleCache.noindex/Dispatch-17ZLJ9VSFTY1CJE3VB1MWW00W.pcm

SwiftExplicitDependencyGeneratePcm arm64 /Users/runner/work/echo-nightly/echo-nightly/build/DerivedData/ModuleCache.noindex/Spatial-E47LIRZAEPFXCUCQU5HKSHD61.pcm

SwiftExplicitDependencyGeneratePcm arm64 /Users/runner/work/echo-nightly/echo-nightly/build/DerivedData/ModuleCache.noindex/XPC-CE1BVFOG3VOQGZSHYMX6P6FDC.pcm

SwiftExplicitDependencyGeneratePcm arm64 /Users/runner/work/echo-nightly/echo-nightly/build/DerivedData/ModuleCache.noindex/CoreFoundation-EEERMD1UJ203JHATHLOH67ZQR.pcm

SwiftExplicitDependencyGeneratePcm arm64 /Users/runner/work/echo-nightly/echo-nightly/build/DerivedData/ModuleCache.noindex/os-3KN0Y06SHELBFEIIW27T9G0ED.pcm

SwiftExplicitDependencyGeneratePcm arm64 /Users/runner/work/echo-nightly/echo-nightly/build/DerivedData/ModuleCache.noindex/Security-51UG5W4710I1D6UTA9E47KIIP.pcm

SwiftExplicitDependencyGeneratePcm arm64 /Users/runner/work/echo-nightly/echo-nightly/build/DerivedData/ModuleCache.noindex/CFNetwork-5P40YB0GKBQDOEAC8DTVSOREQ.pcm

SwiftExplicitDependencyGeneratePcm arm64 /Users/runner/work/echo-nightly/echo-nightly/build/DerivedData/ModuleCache.noindex/CoreGraphics-6I9S2Y1VQ359ZYIYMS4P9U8RB.pcm

SwiftExplicitDependencyGeneratePcm arm64 /Users/runner/work/echo-nightly/echo-nightly/build/DerivedData/ModuleCache.noindex/Foundation-8T978FT5HCXFOH6OYOOC6NE73.pcm

SwiftExplicitDependencyGeneratePcm arm64 /Users/runner/work/echo-nightly/echo-nightly/build/DerivedData/ModuleCache.noindex/CoreText-8PITEOQD6U7GY59Z2P35F7YA.pcm

SwiftExplicitDependencyGeneratePcm arm64 /Users/runner/work/echo-nightly/echo-nightly/build/DerivedData/ModuleCache.noindex/ImageIO-27P9HULRYJE8IKNSPC63GMZ31.pcm

SwiftExplicitDependencyGeneratePcm arm64 /Users/runner/work/echo-nightly/echo-nightly/build/DerivedData/ModuleCache.noindex/OSLog-ET0AJXNWAZVN8S0ICHXPQPP8S.pcm

SwiftExplicitDependencyGeneratePcm arm64 /Users/runner/work/echo-nightly/echo-nightly/build/DerivedData/ModuleCache.noindex/UIUtilities-112ZRJ3AKQIJSYBPSVCRVN7SS.pcm

SwiftExplicitDependencyGeneratePcm arm64 /Users/runner/work/echo-nightly/echo-nightly/build/DerivedData/ModuleCache.noindex/DataDetection-3CHISOJYIQZ6V0NH2HUBKBNK5.pcm

SwiftExplicitDependencyGeneratePcm arm64 /Users/runner/work/echo-nightly/echo-nightly/build/DerivedData/ModuleCache.noindex/CoreData-9FE140F8WI9QR6GVEIOQ8GIFO.pcm

SwiftExplicitDependencyGeneratePcm arm64 /Users/runner/work/echo-nightly/echo-nightly/build/DerivedData/Build/Intermediates.noindex/SwiftExplicitPrecompiledModules/ComposeApp-3TXJO97LSJ26I4GVZJ2M3Z1PJ.pcm

SwiftExplicitDependencyGeneratePcm arm64 /Users/runner/work/echo-nightly/echo-nightly/build/DerivedData/ModuleCache.noindex/UserNotifications-B7BCII6DD2SUSOCLU7QXS08L7.pcm

SwiftExplicitDependencyGeneratePcm arm64 /Users/runner/work/echo-nightly/echo-nightly/build/DerivedData/ModuleCache.noindex/Accessibility-BJSQ25JZSOGNDBPDK3UTIKMX2.pcm

SwiftExplicitDependencyGeneratePcm arm64 /Users/runner/work/echo-nightly/echo-nightly/build/DerivedData/ModuleCache.noindex/CoreTransferable-5MB3KJRMRSAIBW2647D4SM4YR.pcm

SwiftExplicitDependencyGeneratePcm arm64 /Users/runner/work/echo-nightly/echo-nightly/build/DerivedData/ModuleCache.noindex/FileProvider-484QRICE14VU51AWLFZIHGQRC.pcm

SwiftExplicitDependencyGeneratePcm arm64 /Users/runner/work/echo-nightly/echo-nightly/build/DerivedData/ModuleCache.noindex/UniformTypeIdentifiers-5JBWSD4816ZCAS1KZ6GCD208K.pcm

SwiftExplicitDependencyGeneratePcm arm64 /Users/runner/work/echo-nightly/echo-nightly/build/DerivedData/ModuleCache.noindex/OpenGLES-C2YF2ONUR9W1COB8WO4U7AO8K.pcm

SwiftExplicitDependencyGeneratePcm arm64 /Users/runner/work/echo-nightly/echo-nightly/build/DerivedData/ModuleCache.noindex/IOSurface-5VSAJFZYCYZMGBPWG6KXBG9DH.pcm

SwiftExplicitDependencyGeneratePcm arm64 /Users/runner/work/echo-nightly/echo-nightly/build/DerivedData/ModuleCache.noindex/Symbols-AH4RIHSO1L08LXFN9BEZSL117.pcm

SwiftExplicitDependencyGeneratePcm arm64 /Users/runner/work/echo-nightly/echo-nightly/build/DerivedData/ModuleCache.noindex/Metal-5NQDAYNYPTYNMUPH8PI336R5G.pcm

SwiftExplicitDependencyGeneratePcm arm64 /Users/runner/work/echo-nightly/echo-nightly/build/DerivedData/ModuleCache.noindex/CoreVideo-9K4IAEDXBKDDCU4P9ZC7Z4CSP.pcm

SwiftExplicitDependencyGeneratePcm arm64 /Users/runner/work/echo-nightly/echo-nightly/build/DerivedData/ModuleCache.noindex/CoreImage-3W3UYOPH4P3LRQ2H1LII7YKAO.pcm

SwiftExplicitDependencyGeneratePcm arm64 /Users/runner/work/echo-nightly/echo-nightly/build/DerivedData/ModuleCache.noindex/QuartzCore-8Z9EGIC1SU5NW8Z7SXF64LLFG.pcm

SwiftExplicitDependencyGeneratePcm arm64 /Users/runner/work/echo-nightly/echo-nightly/build/DerivedData/ModuleCache.noindex/SwiftUICore-8KKEHQCTDCD25X7RKE2RXVMY4.pcm

SwiftExplicitDependencyGeneratePcm arm64 /Users/runner/work/echo-nightly/echo-nightly/build/DerivedData/ModuleCache.noindex/UIKit-6WM6R72N95SDDLV5NHSBUT9F1.pcm

SwiftExplicitDependencyGeneratePcm arm64 /Users/runner/work/echo-nightly/echo-nightly/build/DerivedData/ModuleCache.noindex/SwiftUI-38TS1XQPYTTZFSYCA5K1JROVM.pcm

SwiftEmitModule normal arm64 Emitting\ module\ for\ iosApp (in target 'iosApp' from project 'iosApp')

EmitSwiftModule normal arm64 (in target 'iosApp' from project 'iosApp')
    cd /Users/runner/work/echo-nightly/echo-nightly/iosApp
    

SwiftCompile normal arm64 Compiling\ ContentView.swift /Users/runner/work/echo-nightly/echo-nightly/iosApp/iosApp/ContentView.swift (in target 'iosApp' from project 'iosApp')
SwiftCompile normal arm64 /Users/runner/work/echo-nightly/echo-nightly/iosApp/iosApp/ContentView.swift (in target 'iosApp' from project 'iosApp')
    cd /Users/runner/work/echo-nightly/echo-nightly/iosApp
    

SwiftCompile normal arm64 Compiling\ iOSApp.swift /Users/runner/work/echo-nightly/echo-nightly/iosApp/iosApp/iOSApp.swift (in target 'iosApp' from project 'iosApp')

SwiftCompile normal arm64 /Users/runner/work/echo-nightly/echo-nightly/iosApp/iosApp/iOSApp.swift (in target 'iosApp' from project 'iosApp')
    cd /Users/runner/work/echo-nightly/echo-nightly/iosApp
    

SwiftDriverJobDiscovery normal arm64 Emitting module for iosApp (in target 'iosApp' from project 'iosApp')

SwiftDriver\ Compilation\ Requirements iosApp normal arm64 com.apple.xcode.tools.swift.compiler (in target 'iosApp' from project 'iosApp')
    cd /Users/runner/work/echo-nightly/echo-nightly/iosApp
    builtin-Swift-Compilation-Requirements -- /Applications/Xcode_26.6.app/Contents/Developer/Toolchains/XcodeDefault.xctoolchain/usr/bin/swiftc -module-name iosApp -Onone @/Users/runner/work/echo-nightly/echo-nightly/build/DerivedData/Build/Intermediates.noindex/iosApp.build/Debug-iphonesimulator/iosApp.build/Objects-normal/arm64/iosApp.SwiftFileList -DDEBUG -enable-bare-slash-regex -enable-experimental-feature DebugDescriptionMacro -sdk /Applications/Xcode_26.6.app/Contents/Developer/Platforms/iPhoneSimulator.platform/Developer/SDKs/iPhoneSimulator26.5.sdk -target arm64-apple-ios15.0-simulator -g -module-cache-path /Users/runner/work/echo-nightly/echo-nightly/build/DerivedData/ModuleCache.noindex -Xfrontend -serialize-debugging-options -enable-testing -index-store-path /Users/runner/work/echo-nightly/echo-nightly/build/DerivedData/Index.noindex/DataStore -Xcc -D_LIBCPP_HARDENING_MODE\=_LIBCPP_HARDENING_MODE_DEBUG -swift-version 5 -I /Users/runner/work/echo-nightly/echo-nightly/build/DerivedData/Build/Products/Debug-iphonesimulator -F /Users/runner/work/echo-nightly/echo-nightly/build/DerivedData/Build/Products/Debug-iphonesimulator -F /Users/runner/work/echo-nightly/echo-nightly/build/DerivedData/Build/Products/Debug-iphonesimulator -c -j3 -enable-batch-mode -incremental -Xcc -ivfsstatcache -Xcc /Users/runner/work/echo-nightly/echo-nightly/build/DerivedData/SDKStatCaches.noindex/iphonesimulator26.5-23F81a-688ef53f1462e2c8f657fdc38a81448ff45c64a1807a658693f2a61704f17a36.sdkstatcache -output-file-map /Users/runner/work/echo-nightly/echo-nightly/build/DerivedData/Build/Intermediates.noindex/iosApp.build/Debug-iphonesimulator/iosApp.build/Objects-normal/arm64/iosApp-OutputFileMap.json -use-frontend-parseable-output -save-temps -no-color-diagnostics -explicit-module-build -module-cache-path /Users/runner/work/echo-nightly/echo-nightly/build/DerivedData/Build/Intermediates.noindex/SwiftExplicitPrecompiledModules -clang-scanner-module-cache-path /Users/runner/work/echo-nightly/echo-nightly/build/DerivedData/ModuleCache.noindex -sdk-module-cache-path /Users/runner/work/echo-nightly/echo-nightly/build/DerivedData/ModuleCache.noindex -serialize-diagnostics -emit-dependencies -emit-module -emit-module-path /Users/runner/work/echo-nightly/echo-nightly/build/DerivedData/Build/Intermediates.noindex/iosApp.build/Debug-iphonesimulator/iosApp.build/Objects-normal/arm64/iosApp.swiftmodule -validate-clang-modules-once -clang-build-session-file /Users/runner/work/echo-nightly/echo-nightly/build/DerivedData/ModuleCache.noindex/Session.modulevalidation -Xcc -I/Users/runner/work/echo-nightly/echo-nightly/build/DerivedData/Build/Intermediates.noindex/iosApp.build/Debug-iphonesimulator/iosApp.build/swift-overrides.hmap -emit-const-values -Xfrontend -const-gather-protocols-file -Xfrontend /Users/runner/work/echo-nightly/echo-nightly/build/DerivedData/Build/Intermediates.noindex/iosApp.build/Debug-iphonesimulator/iosApp.build/Objects-normal/arm64/iosApp_const_extract_protocols.json -Xcc -iquote -Xcc /Users/runner/work/echo-nightly/echo-nightly/build/DerivedData/Build/Intermediates.noindex/iosApp.build/Debug-iphonesimulator/iosApp.build/iosApp-generated-files.hmap -Xcc -I/Users/runner/work/echo-nightly/echo-nightly/build/DerivedData/Build/Intermediates.noindex/iosApp.build/Debug-iphonesimulator/iosApp.build/iosApp-own-target-headers.hmap -Xcc -I/Users/runner/work/echo-nightly/echo-nightly/build/DerivedData/Build/Intermediates.noindex/iosApp.build/Debug-iphonesimulator/iosApp.build/iosApp-all-target-headers.hmap -Xcc -iquote -Xcc /Users/runner/work/echo-nightly/echo-nightly/build/DerivedData/Build/Intermediates.noindex/iosApp.build/Debug-iphonesimulator/iosApp.build/iosApp-project-headers.hmap -Xcc -I/Users/runner/work/echo-nightly/echo-nightly/build/DerivedData/Build/Products/Debug-iphonesimulator/include -Xcc -I/Users/runner/work/echo-nightly/echo-nightly/build/DerivedData/Build/Intermediates.noindex/iosApp.build/Debug-iphonesimulator/iosApp.build/DerivedSources-normal/arm64 -Xcc -I/Users/runner/work/echo-nightly/echo-nightly/build/DerivedData/Build/Intermediates.noindex/iosApp.build/Debug-iphonesimulator/iosApp.build/DerivedSources/arm64 -Xcc -I/Users/runner/work/echo-nightly/echo-nightly/build/DerivedData/Build/Intermediates.noindex/iosApp.build/Debug-iphonesimulator/iosApp.build/DerivedSources -Xcc -DDEBUG\=1 -emit-objc-header -emit-objc-header-path /Users/runner/work/echo-nightly/echo-nightly/build/DerivedData/Build/Intermediates.noindex/iosApp.build/Debug-iphonesimulator/iosApp.build/Objects-normal/arm64/iosApp-Swift.h -working-directory /Users/runner/work/echo-nightly/echo-nightly/iosApp -experimental-emit-module-separately -disable-cmo

SwiftMergeGeneratedHeaders /Users/runner/work/echo-nightly/echo-nightly/build/DerivedData/Build/Intermediates.noindex/iosApp.build/Debug-iphonesimulator/iosApp.build/DerivedSources/iosApp-Swift.h /Users/runner/work/echo-nightly/echo-nightly/build/DerivedData/Build/Intermediates.noindex/iosApp.build/Debug-iphonesimulator/iosApp.build/Objects-normal/arm64/iosApp-Swift.h (in target 'iosApp' from project 'iosApp')
    cd /Users/runner/work/echo-nightly/echo-nightly/iosApp
    builtin-swiftHeaderTool -arch arm64 /Users/runner/work/echo-nightly/echo-nightly/build/DerivedData/Build/Intermediates.noindex/iosApp.build/Debug-iphonesimulator/iosApp.build/Objects-normal/arm64/iosApp-Swift.h -o /Users/runner/work/echo-nightly/echo-nightly/build/DerivedData/Build/Intermediates.noindex/iosApp.build/Debug-iphonesimulator/iosApp.build/DerivedSources/iosApp-Swift.h

Copy /Users/runner/work/echo-nightly/echo-nightly/build/DerivedData/Build/Products/Debug-iphonesimulator/iosApp.swiftmodule/arm64-apple-ios-simulator.swiftmodule /Users/runner/work/echo-nightly/echo-nightly/build/DerivedData/Build/Intermediates.noindex/iosApp.build/Debug-iphonesimulator/iosApp.build/Objects-normal/arm64/iosApp.swiftmodule (in target 'iosApp' from project 'iosApp')
    cd /Users/runner/work/echo-nightly/echo-nightly/iosApp
    builtin-copy -exclude .DS_Store -exclude CVS -exclude .svn -exclude .git -exclude .hg -resolve-src-symlinks -rename /Users/runner/work/echo-nightly/echo-nightly/build/DerivedData/Build/Intermediates.noindex/iosApp.build/Debug-iphonesimulator/iosApp.build/Objects-normal/arm64/iosApp.swiftmodule /Users/runner/work/echo-nightly/echo-nightly/build/DerivedData/Build/Products/Debug-iphonesimulator/iosApp.swiftmodule/arm64-apple-ios-simulator.swiftmodule

Copy /Users/runner/work/echo-nightly/echo-nightly/build/DerivedData/Build/Products/Debug-iphonesimulator/iosApp.swiftmodule/arm64-apple-ios-simulator.swiftdoc /Users/runner/work/echo-nightly/echo-nightly/build/DerivedData/Build/Intermediates.noindex/iosApp.build/Debug-iphonesimulator/iosApp.build/Objects-normal/arm64/iosApp.swiftdoc (in target 'iosApp' from project 'iosApp')
    cd /Users/runner/work/echo-nightly/echo-nightly/iosApp
    builtin-copy -exclude .DS_Store -exclude CVS -exclude .svn -exclude .git -exclude .hg -resolve-src-symlinks -rename /Users/runner/work/echo-nightly/echo-nightly/build/DerivedData/Build/Intermediates.noindex/iosApp.build/Debug-iphonesimulator/iosApp.build/Objects-normal/arm64/iosApp.swiftdoc /Users/runner/work/echo-nightly/echo-nightly/build/DerivedData/Build/Products/Debug-iphonesimulator/iosApp.swiftmodule/arm64-apple-ios-simulator.swiftdoc

Copy /Users/runner/work/echo-nightly/echo-nightly/build/DerivedData/Build/Products/Debug-iphonesimulator/iosApp.swiftmodule/arm64-apple-ios-simulator.abi.json /Users/runner/work/echo-nightly/echo-nightly/build/DerivedData/Build/Intermediates.noindex/iosApp.build/Debug-iphonesimulator/iosApp.build/Objects-normal/arm64/iosApp.abi.json (in target 'iosApp' from project 'iosApp')
    cd /Users/runner/work/echo-nightly/echo-nightly/iosApp
    builtin-copy -exclude .DS_Store -exclude CVS -exclude .svn -exclude .git -exclude .hg -resolve-src-symlinks -rename /Users/runner/work/echo-nightly/echo-nightly/build/DerivedData/Build/Intermediates.noindex/iosApp.build/Debug-iphonesimulator/iosApp.build/Objects-normal/arm64/iosApp.abi.json /Users/runner/work/echo-nightly/echo-nightly/build/DerivedData/Build/Products/Debug-iphonesimulator/iosApp.swiftmodule/arm64-apple-ios-simulator.abi.json

Copy /Users/runner/work/echo-nightly/echo-nightly/build/DerivedData/Build/Products/Debug-iphonesimulator/iosApp.swiftmodule/Project/arm64-apple-ios-simulator.swiftsourceinfo /Users/runner/work/echo-nightly/echo-nightly/build/DerivedData/Build/Intermediates.noindex/iosApp.build/Debug-iphonesimulator/iosApp.build/Objects-normal/arm64/iosApp.swiftsourceinfo (in target 'iosApp' from project 'iosApp')
    cd /Users/runner/work/echo-nightly/echo-nightly/iosApp
    builtin-copy -exclude .DS_Store -exclude CVS -exclude .svn -exclude .git -exclude .hg -resolve-src-symlinks -rename /Users/runner/work/echo-nightly/echo-nightly/build/DerivedData/Build/Intermediates.noindex/iosApp.build/Debug-iphonesimulator/iosApp.build/Objects-normal/arm64/iosApp.swiftsourceinfo /Users/runner/work/echo-nightly/echo-nightly/build/DerivedData/Build/Products/Debug-iphonesimulator/iosApp.swiftmodule/Project/arm64-apple-ios-simulator.swiftsourceinfo

SwiftDriverJobDiscovery normal arm64 Compiling ContentView.swift (in target 'iosApp' from project 'iosApp')

SwiftDriverJobDiscovery normal arm64 Compiling iOSApp.swift (in target 'iosApp' from project 'iosApp')

SwiftDriver\ Compilation iosApp normal arm64 com.apple.xcode.tools.swift.compiler (in target 'iosApp' from project 'iosApp')
    cd /Users/runner/work/echo-nightly/echo-nightly/iosApp
    builtin-Swift-Compilation -- /Applications/Xcode_26.6.app/Contents/Developer/Toolchains/XcodeDefault.xctoolchain/usr/bin/swiftc -module-name iosApp -Onone @/Users/runner/work/echo-nightly/echo-nightly/build/DerivedData/Build/Intermediates.noindex/iosApp.build/Debug-iphonesimulator/iosApp.build/Objects-normal/arm64/iosApp.SwiftFileList -DDEBUG -enable-bare-slash-regex -enable-experimental-feature DebugDescriptionMacro -sdk /Applications/Xcode_26.6.app/Contents/Developer/Platforms/iPhoneSimulator.platform/Developer/SDKs/iPhoneSimulator26.5.sdk -target arm64-apple-ios15.0-simulator -g -module-cache-path /Users/runner/work/echo-nightly/echo-nightly/build/DerivedData/ModuleCache.noindex -Xfrontend -serialize-debugging-options -enable-testing -index-store-path /Users/runner/work/echo-nightly/echo-nightly/build/DerivedData/Index.noindex/DataStore -Xcc -D_LIBCPP_HARDENING_MODE\=_LIBCPP_HARDENING_MODE_DEBUG -swift-version 5 -I /Users/runner/work/echo-nightly/echo-nightly/build/DerivedData/Build/Products/Debug-iphonesimulator -F /Users/runner/work/echo-nightly/echo-nightly/build/DerivedData/Build/Products/Debug-iphonesimulator -F /Users/runner/work/echo-nightly/echo-nightly/build/DerivedData/Build/Products/Debug-iphonesimulator -c -j3 -enable-batch-mode -incremental -Xcc -ivfsstatcache -Xcc /Users/runner/work/echo-nightly/echo-nightly/build/DerivedData/SDKStatCaches.noindex/iphonesimulator26.5-23F81a-688ef53f1462e2c8f657fdc38a81448ff45c64a1807a658693f2a61704f17a36.sdkstatcache -output-file-map /Users/runner/work/echo-nightly/echo-nightly/build/DerivedData/Build/Intermediates.noindex/iosApp.build/Debug-iphonesimulator/iosApp.build/Objects-normal/arm64/iosApp-OutputFileMap.json -use-frontend-parseable-output -save-temps -no-color-diagnostics -explicit-module-build -module-cache-path /Users/runner/work/echo-nightly/echo-nightly/build/DerivedData/Build/Intermediates.noindex/SwiftExplicitPrecompiledModules -clang-scanner-module-cache-path /Users/runner/work/echo-nightly/echo-nightly/build/DerivedData/ModuleCache.noindex -sdk-module-cache-path /Users/runner/work/echo-nightly/echo-nightly/build/DerivedData/ModuleCache.noindex -serialize-diagnostics -emit-dependencies -emit-module -emit-module-path /Users/runner/work/echo-nightly/echo-nightly/build/DerivedData/Build/Intermediates.noindex/iosApp.build/Debug-iphonesimulator/iosApp.build/Objects-normal/arm64/iosApp.swiftmodule -validate-clang-modules-once -clang-build-session-file /Users/runner/work/echo-nightly/echo-nightly/build/DerivedData/ModuleCache.noindex/Session.modulevalidation -Xcc -I/Users/runner/work/echo-nightly/echo-nightly/build/DerivedData/Build/Intermediates.noindex/iosApp.build/Debug-iphonesimulator/iosApp.build/swift-overrides.hmap -emit-const-values -Xfrontend -const-gather-protocols-file -Xfrontend /Users/runner/work/echo-nightly/echo-nightly/build/DerivedData/Build/Intermediates.noindex/iosApp.build/Debug-iphonesimulator/iosApp.build/Objects-normal/arm64/iosApp_const_extract_protocols.json -Xcc -iquote -Xcc /Users/runner/work/echo-nightly/echo-nightly/build/DerivedData/Build/Intermediates.noindex/iosApp.build/Debug-iphonesimulator/iosApp.build/iosApp-generated-files.hmap -Xcc -I/Users/runner/work/echo-nightly/echo-nightly/build/DerivedData/Build/Intermediates.noindex/iosApp.build/Debug-iphonesimulator/iosApp.build/iosApp-own-target-headers.hmap -Xcc -I/Users/runner/work/echo-nightly/echo-nightly/build/DerivedData/Build/Intermediates.noindex/iosApp.build/Debug-iphonesimulator/iosApp.build/iosApp-all-target-headers.hmap -Xcc -iquote -Xcc /Users/runner/work/echo-nightly/echo-nightly/build/DerivedData/Build/Intermediates.noindex/iosApp.build/Debug-iphonesimulator/iosApp.build/iosApp-project-headers.hmap -Xcc -I/Users/runner/work/echo-nightly/echo-nightly/build/DerivedData/Build/Products/Debug-iphonesimulator/include -Xcc -I/Users/runner/work/echo-nightly/echo-nightly/build/DerivedData/Build/Intermediates.noindex/iosApp.build/Debug-iphonesimulator/iosApp.build/DerivedSources-normal/arm64 -Xcc -I/Users/runner/work/echo-nightly/echo-nightly/build/DerivedData/Build/Intermediates.noindex/iosApp.build/Debug-iphonesimulator/iosApp.build/DerivedSources/arm64 -Xcc -I/Users/runner/work/echo-nightly/echo-nightly/build/DerivedData/Build/Intermediates.noindex/iosApp.build/Debug-iphonesimulator/iosApp.build/DerivedSources -Xcc -DDEBUG\=1 -emit-objc-header -emit-objc-header-path /Users/runner/work/echo-nightly/echo-nightly/build/DerivedData/Build/Intermediates.noindex/iosApp.build/Debug-iphonesimulator/iosApp.build/Objects-normal/arm64/iosApp-Swift.h -working-directory /Users/runner/work/echo-nightly/echo-nightly/iosApp -experimental-emit-module-separately -disable-cmo

Ld /Users/runner/work/echo-nightly/echo-nightly/build/DerivedData/Build/Products/Debug-iphonesimulator/iosApp.app/iosApp.debug.dylib normal (in target 'iosApp' from project 'iosApp')
    cd /Users/runner/work/echo-nightly/echo-nightly/iosApp
    /Applications/Xcode_26.6.app/Contents/Developer/Toolchains/XcodeDefault.xctoolchain/usr/bin/clang -Xlinker -reproducible -target arm64-apple-ios15.0-simulator -dynamiclib -isysroot /Applications/Xcode_26.6.app/Contents/Developer/Platforms/iPhoneSimulator.platform/Developer/SDKs/iPhoneSimulator26.5.sdk -O0 -L/Users/runner/work/echo-nightly/echo-nightly/build/DerivedData/Build/Intermediates.noindex/EagerLinkingTBDs/Debug-iphonesimulator -L/Users/runner/work/echo-nightly/echo-nightly/build/DerivedData/Build/Products/Debug-iphonesimulator -F/Users/runner/work/echo-nightly/echo-nightly/build/DerivedData/Build/Intermediates.noindex/EagerLinkingTBDs/Debug-iphonesimulator -F/Users/runner/work/echo-nightly/echo-nightly/build/DerivedData/Build/Products/Debug-iphonesimulator -F/Users/runner/work/echo-nightly/echo-nightly/build/DerivedData/Build/Products/Debug-iphonesimulator -filelist /Users/runner/work/echo-nightly/echo-nightly/build/DerivedData/Build/Intermediates.noindex/iosApp.build/Debug-iphonesimulator/iosApp.build/Objects-normal/arm64/iosApp.LinkFileList -install_name @rpath/iosApp.debug.dylib -Xlinker -rpath -Xlinker /usr/lib/swift -Xlinker -rpath -Xlinker @executable_path/Frameworks -Xlinker -dead_strip -Xlinker -object_path_lto -Xlinker /Users/runner/work/echo-nightly/echo-nightly/build/DerivedData/Build/Intermediates.noindex/iosApp.build/Debug-iphonesimulator/iosApp.build/Objects-normal/arm64/iosApp_lto.o -rdynamic -Xlinker -no_deduplicate -Xlinker -objc_abi_version -Xlinker 2 -Xlinker -dependency_info -Xlinker /Users/runner/work/echo-nightly/echo-nightly/build/DerivedData/Build/Intermediates.noindex/iosApp.build/Debug-iphonesimulator/iosApp.build/Objects-normal/arm64/iosApp_dependency_info.dat -fobjc-link-runtime -L/Applications/Xcode_26.6.app/Contents/Developer/Toolchains/XcodeDefault.xctoolchain/usr/lib/swift/iphonesimulator -L/usr/lib/swift -Xlinker -add_ast_path -Xlinker /Users/runner/work/echo-nightly/echo-nightly/build/DerivedData/Build/Intermediates.noindex/iosApp.build/Debug-iphonesimulator/iosApp.build/Objects-normal/arm64/iosApp.swiftmodule @/Users/runner/work/echo-nightly/echo-nightly/build/DerivedData/Build/Intermediates.noindex/iosApp.build/Debug-iphonesimulator/iosApp.build/Objects-normal/arm64/iosApp-linker-args.resp -framework ComposeApp -Xlinker -alias -Xlinker _main -Xlinker ___debug_main_executable_dylib_entry_point -o /Users/runner/work/echo-nightly/echo-nightly/build/DerivedData/Build/Products/Debug-iphonesimulator/iosApp.app/iosApp.debug.dylib
/Users/runner/work/echo-nightly/echo-nightly/iosApp/iosApp.xcodeproj: iosApp: ld: warning: object file (/Users/runner/work/echo-nightly/echo-nightly/composeApp/build/xcode-frameworks/Debug/iphonesimulator26.5/ComposeApp.framework/ComposeApp[1734](libicu.icudtl_dat.o)) was built for newer 'iOS-simulator' version (17.2) than being linked (15.0)

ConstructStubExecutorLinkFileList /Users/runner/work/echo-nightly/echo-nightly/build/DerivedData/Build/Intermediates.noindex/iosApp.build/Debug-iphonesimulator/iosApp.build/iosApp-ExecutorLinkFileList-normal-arm64.txt (in target 'iosApp' from project 'iosApp')
    cd /Users/runner/work/echo-nightly/echo-nightly/iosApp
    construct-stub-executor-link-file-list /Users/runner/work/echo-nightly/echo-nightly/build/DerivedData/Build/Products/Debug-iphonesimulator/iosApp.app/iosApp.debug.dylib /Applications/Xcode_26.6.app/Contents/Developer/Platforms/iPhoneSimulator.platform/Developer/usr/lib/libPreviewsJITStubExecutor_no_swift_entry_point.a /Applications/Xcode_26.6.app/Contents/Developer/Platforms/iPhoneSimulator.platform/Developer/usr/lib/libPreviewsJITStubExecutor.a --output /Users/runner/work/echo-nightly/echo-nightly/build/DerivedData/Build/Intermediates.noindex/iosApp.build/Debug-iphonesimulator/iosApp.build/iosApp-ExecutorLinkFileList-normal-arm64.txt
note: Using stub executor library with Swift entry point. (in target 'iosApp' from project 'iosApp')

Ld /Users/runner/work/echo-nightly/echo-nightly/build/DerivedData/Build/Products/Debug-iphonesimulator/iosApp.app/iosApp normal (in target 'iosApp' from project 'iosApp')
    cd /Users/runner/work/echo-nightly/echo-nightly/iosApp
    /Applications/Xcode_26.6.app/Contents/Developer/Toolchains/XcodeDefault.xctoolchain/usr/bin/clang -Xlinker -reproducible -target arm64-apple-ios15.0-simulator -isysroot /Applications/Xcode_26.6.app/Contents/Developer/Platforms/iPhoneSimulator.platform/Developer/SDKs/iPhoneSimulator26.5.sdk -O0 -L/Users/runner/work/echo-nightly/echo-nightly/build/DerivedData/Build/Products/Debug-iphonesimulator -F/Users/runner/work/echo-nightly/echo-nightly/build/DerivedData/Build/Products/Debug-iphonesimulator -F/Users/runner/work/echo-nightly/echo-nightly/build/DerivedData/Build/Products/Debug-iphonesimulator -Xlinker -rpath -Xlinker @executable_path -Xlinker -rpath -Xlinker @executable_path/Frameworks -rdynamic -Xlinker -no_deduplicate -Xlinker -objc_abi_version -Xlinker 2 -e ___debug_blank_executor_main -Xlinker -sectcreate -Xlinker __TEXT -Xlinker __debug_dylib -Xlinker /Users/runner/work/echo-nightly/echo-nightly/build/DerivedData/Build/Intermediates.noindex/iosApp.build/Debug-iphonesimulator/iosApp.build/iosApp-DebugDylibPath-normal-arm64.txt -Xlinker -sectcreate -Xlinker __TEXT -Xlinker __debug_instlnm -Xlinker /Users/runner/work/echo-nightly/echo-nightly/build/DerivedData/Build/Intermediates.noindex/iosApp.build/Debug-iphonesimulator/iosApp.build/iosApp-DebugDylibInstallName-normal-arm64.txt -Xlinker -filelist -Xlinker /Users/runner/work/echo-nightly/echo-nightly/build/DerivedData/Build/Intermediates.noindex/iosApp.build/Debug-iphonesimulator/iosApp.build/iosApp-ExecutorLinkFileList-normal-arm64.txt /Users/runner/work/echo-nightly/echo-nightly/build/DerivedData/Build/Products/Debug-iphonesimulator/iosApp.app/iosApp.debug.dylib -o /Users/runner/work/echo-nightly/echo-nightly/build/DerivedData/Build/Products/Debug-iphonesimulator/iosApp.app/iosApp

ExtractAppIntentsMetadata (in target 'iosApp' from project 'iosApp')
    cd /Users/runner/work/echo-nightly/echo-nightly/iosApp
    /Applications/Xcode_26.6.app/Contents/Developer/Toolchains/XcodeDefault.xctoolchain/usr/bin/appintentsmetadataprocessor --toolchain-dir /var/run/com.apple.security.cryptexd/mnt/com.apple.MobileAsset.MetalToolchain-v17.6.109.0.5CuhRO/Metal.xctoolchain --module-name iosApp --sdk-root /Applications/Xcode_26.6.app/Contents/Developer/Platforms/iPhoneSimulator.platform/Developer/SDKs/iPhoneSimulator26.5.sdk --xcode-version 17F113 --platform-family iOS --deployment-target 15.0 --bundle-identifier dev.brahmkshatriya.echo.ios --output /Users/runner/work/echo-nightly/echo-nightly/build/DerivedData/Build/Products/Debug-iphonesimulator/iosApp.app --target-triple arm64-apple-ios15.0-simulator --binary-file /Users/runner/work/echo-nightly/echo-nightly/build/DerivedData/Build/Products/Debug-iphonesimulator/iosApp.app/iosApp --dependency-file /Users/runner/work/echo-nightly/echo-nightly/build/DerivedData/Build/Intermediates.noindex/iosApp.build/Debug-iphonesimulator/iosApp.build/Objects-normal/arm64/iosApp_dependency_info.dat --stringsdata-file /Users/runner/work/echo-nightly/echo-nightly/build/DerivedData/Build/Intermediates.noindex/iosApp.build/Debug-iphonesimulator/iosApp.build/Objects-normal/arm64/ExtractedAppShortcutsMetadata.stringsdata --source-file-list /Users/runner/work/echo-nightly/echo-nightly/build/DerivedData/Build/Intermediates.noindex/iosApp.build/Debug-iphonesimulator/iosApp.build/Objects-normal/arm64/iosApp.SwiftFileList --metadata-file-list /Users/runner/work/echo-nightly/echo-nightly/build/DerivedData/Build/Intermediates.noindex/iosApp.build/Debug-iphonesimulator/iosApp.build/iosApp.DependencyMetadataFileList --static-metadata-file-list /Users/runner/work/echo-nightly/echo-nightly/build/DerivedData/Build/Intermediates.noindex/iosApp.build/Debug-iphonesimulator/iosApp.build/iosApp.DependencyStaticMetadataFileList --swift-const-vals-list /Users/runner/work/echo-nightly/echo-nightly/build/DerivedData/Build/Intermediates.noindex/iosApp.build/Debug-iphonesimulator/iosApp.build/Objects-normal/arm64/iosApp.SwiftConstValuesFileList --compile-time-extraction --deployment-aware-processing --validate-assistant-intents --no-app-shortcuts-localization
2026-09-06 12:34:01.360 appintentsmetadataprocessor[25519:68818] Starting appintentsmetadataprocessor export
2026-09-06 12:34:01.372 appintentsmetadataprocessor[25519:68818] warning: Metadata extraction skipped. No AppIntents.framework dependency found.

CopySwiftLibs /Users/runner/work/echo-nightly/echo-nightly/build/DerivedData/Build/Products/Debug-iphonesimulator/iosApp.app (in target 'iosApp' from project 'iosApp')
    cd /Users/runner/work/echo-nightly/echo-nightly/iosApp
    builtin-swiftStdLibTool --copy --verbose --scan-executable /Users/runner/work/echo-nightly/echo-nightly/build/DerivedData/Build/Products/Debug-iphonesimulator/iosApp.app/iosApp.debug.dylib --scan-folder /Users/runner/work/echo-nightly/echo-nightly/build/DerivedData/Build/Products/Debug-iphonesimulator/iosApp.app/Frameworks --scan-folder /Users/runner/work/echo-nightly/echo-nightly/build/DerivedData/Build/Products/Debug-iphonesimulator/iosApp.app/PlugIns --scan-folder /Users/runner/work/echo-nightly/echo-nightly/build/DerivedData/Build/Products/Debug-iphonesimulator/iosApp.app/SystemExtensions --scan-folder /Users/runner/work/echo-nightly/echo-nightly/build/DerivedData/Build/Products/Debug-iphonesimulator/iosApp.app/Extensions --platform iphonesimulator --toolchain /var/run/com.apple.security.cryptexd/mnt/com.apple.MobileAsset.MetalToolchain-v17.6.109.0.5CuhRO/Metal.xctoolchain --toolchain /Applications/Xcode_26.6.app/Contents/Developer/Toolchains/XcodeDefault.xctoolchain --destination /Users/runner/work/echo-nightly/echo-nightly/build/DerivedData/Build/Products/Debug-iphonesimulator/iosApp.app/Frameworks --strip-bitcode --strip-bitcode-tool /Applications/Xcode_26.6.app/Contents/Developer/Toolchains/XcodeDefault.xctoolchain/usr/bin/bitcode_strip --emit-dependency-info /Users/runner/work/echo-nightly/echo-nightly/build/DerivedData/Build/Intermediates.noindex/iosApp.build/Debug-iphonesimulator/iosApp.build/SwiftStdLibToolInputDependencies.dep --filter-for-swift-os
Ignoring --strip-bitcode because --sign was not passed

AppIntentsSSUTraining (in target 'iosApp' from project 'iosApp')
    cd /Users/runner/work/echo-nightly/echo-nightly/iosApp
    /Applications/Xcode_26.6.app/Contents/Developer/Toolchains/XcodeDefault.xctoolchain/usr/bin/appintentsnltrainingprocessor --infoplist-path /Users/runner/work/echo-nightly/echo-nightly/build/DerivedData/Build/Products/Debug-iphonesimulator/iosApp.app/Info.plist --temp-dir-path /Users/runner/work/echo-nightly/echo-nightly/build/DerivedData/Build/Intermediates.noindex/iosApp.build/Debug-iphonesimulator/iosApp.build/ssu --bundle-id dev.brahmkshatriya.echo.ios --product-path /Users/runner/work/echo-nightly/echo-nightly/build/DerivedData/Build/Products/Debug-iphonesimulator/iosApp.app --extracted-metadata-path /Users/runner/work/echo-nightly/echo-nightly/build/DerivedData/Build/Products/Debug-iphonesimulator/iosApp.app/Metadata.appintents --metadata-file-list /Users/runner/work/echo-nightly/echo-nightly/build/DerivedData/Build/Intermediates.noindex/iosApp.build/Debug-iphonesimulator/iosApp.build/iosApp.DependencyMetadataFileList --source-file /Users/runner/work/echo-nightly/echo-nightly/build/DerivedData/Build/Products/Debug-iphonesimulator/iosApp.app/Info.plist --archive-ssu-assets
2026-09-06 12:34:01.416 appintentsnltrainingprocessor[25520:68819] Parsing options for appintentsnltrainingprocessor
2026-09-06 12:34:01.417 appintentsnltrainingprocessor[25520:68819] Starting AppIntents SSU YAML Generation
2026-09-06 12:34:01.426 appintentsnltrainingprocessor[25520:68819] No AppShortcuts found - Skipping.

RegisterExecutionPolicyException /Users/runner/work/echo-nightly/echo-nightly/build/DerivedData/Build/Products/Debug-iphonesimulator/iosApp.app (in target 'iosApp' from project 'iosApp')
    cd /Users/runner/work/echo-nightly/echo-nightly/iosApp
    builtin-RegisterExecutionPolicyException /Users/runner/work/echo-nightly/echo-nightly/build/DerivedData/Build/Products/Debug-iphonesimulator/iosApp.app

Validate /Users/runner/work/echo-nightly/echo-nightly/build/DerivedData/Build/Products/Debug-iphonesimulator/iosApp.app (in target 'iosApp' from project 'iosApp')
    cd /Users/runner/work/echo-nightly/echo-nightly/iosApp
    builtin-validationUtility /Users/runner/work/echo-nightly/echo-nightly/build/DerivedData/Build/Products/Debug-iphonesimulator/iosApp.app -shallow-bundle -infoplist-subpath Info.plist

Touch /Users/runner/work/echo-nightly/echo-nightly/build/DerivedData/Build/Products/Debug-iphonesimulator/iosApp.app (in target 'iosApp' from project 'iosApp')
    cd /Users/runner/work/echo-nightly/echo-nightly/iosApp
    /usr/bin/touch -c /Users/runner/work/echo-nightly/echo-nightly/build/DerivedData/Build/Products/Debug-iphonesimulator/iosApp.app

note: Run script build phase 'Compile Kotlin Framework' will be run during every build because the option to run the script phase "Based on dependency analysis" is unchecked. (in target 'iosApp' from project 'iosApp')
** BUILD SUCCEEDED **

Command line invocation:
    /Applications/Xcode_26.6.app/Contents/Developer/usr/bin/xcodebuild -project iosApp/iosApp.xcodeproj -scheme iosApp -configuration Debug -destination "platform=iOS Simulator,name=iPhone 17 Pro" -derivedDataPath build/DerivedData CODE_SIGNING_ALLOWED=NO CODE_SIGNING_REQUIRED=NO test

Build settings from command line:
    CODE_SIGNING_ALLOWED = NO
    CODE_SIGNING_REQUIRED = NO

--- xcodebuild: WARNING: Using the first of multiple matching destinations:
{ platform:iOS Simulator, arch:arm64, id:0130C0CE-9E1A-4769-A6A0-FA820D0295E6, OS:26.5, name:iPhone 17 Pro }
{ platform:iOS Simulator, arch:x86_64, id:0130C0CE-9E1A-4769-A6A0-FA820D0295E6, OS:26.5, name:iPhone 17 Pro }
ComputePackagePrebuildTargetDependencyGraph

Prepare packages

CreateBuildRequest

SendProjectDescription

CreateBuildOperation

ComputeTargetDependencyGraph
note: Building targets in dependency order
note: Target dependency graph (2 targets)
    Target 'iosAppTests' in project 'iosApp'
        ➜ Explicit dependency on target 'iosApp' in project 'iosApp'
    Target 'iosApp' in project 'iosApp' (no dependencies)

GatherProvisioningInputs

CreateBuildDescription

ExecuteExternalTool /Applications/Xcode_26.6.app/Contents/Developer/Toolchains/XcodeDefault.xctoolchain/usr/bin/clang -v -E -dM -isysroot /Applications/Xcode_26.6.app/Contents/Developer/Platforms/iPhoneSimulator.platform/Developer/SDKs/iPhoneSimulator26.5.sdk -x c -c /dev/null

ExecuteExternalTool /Applications/Xcode_26.6.app/Contents/Developer/Toolchains/XcodeDefault.xctoolchain/usr/bin/swiftc --version

ExecuteExternalTool /Applications/Xcode_26.6.app/Contents/Developer/Toolchains/XcodeDefault.xctoolchain/usr/bin/ld -version_details

Build description signature: 77635e564c4f708e3b6dbb518d33907c
Build description path: /Users/runner/work/echo-nightly/echo-nightly/build/DerivedData/Build/Intermediates.noindex/XCBuildData/77635e564c4f708e3b6dbb518d33907c.xcbuilddata
ClangStatCache /Applications/Xcode_26.6.app/Contents/Developer/Toolchains/XcodeDefault.xctoolchain/usr/bin/clang-stat-cache /Applications/Xcode_26.6.app/Contents/Developer/Platforms/iPhoneSimulator.platform/Developer/SDKs/iPhoneSimulator26.5.sdk /Users/runner/work/echo-nightly/echo-nightly/build/DerivedData/SDKStatCaches.noindex/iphonesimulator26.5-23F81a-688ef53f1462e2c8f657fdc38a81448ff45c64a1807a658693f2a61704f17a36.sdkstatcache
    cd /Users/runner/work/echo-nightly/echo-nightly/iosApp/iosApp.xcodeproj
    /Applications/Xcode_26.6.app/Contents/Developer/Toolchains/XcodeDefault.xctoolchain/usr/bin/clang-stat-cache /Applications/Xcode_26.6.app/Contents/Developer/Platforms/iPhoneSimulator.platform/Developer/SDKs/iPhoneSimulator26.5.sdk -o /Users/runner/work/echo-nightly/echo-nightly/build/DerivedData/SDKStatCaches.noindex/iphonesimulator26.5-23F81a-688ef53f1462e2c8f657fdc38a81448ff45c64a1807a658693f2a61704f17a36.sdkstatcache

MkDir /Users/runner/work/echo-nightly/echo-nightly/build/DerivedData/Build/Products/Debug-iphonesimulator/iosApp.app/PlugIns (in target 'iosApp' from project 'iosApp')
    cd /Users/runner/work/echo-nightly/echo-nightly/iosApp
    /bin/mkdir -p /Users/runner/work/echo-nightly/echo-nightly/build/DerivedData/Build/Products/Debug-iphonesimulator/iosApp.app/PlugIns

WriteAuxiliaryFile /Users/runner/work/echo-nightly/echo-nightly/build/DerivedData/Build/Intermediates.noindex/iosApp.build/Debug-iphonesimulator/iosAppTests.build/iosAppTests.DependencyStaticMetadataFileList (in target 'iosAppTests' from project 'iosApp')
    cd /Users/runner/work/echo-nightly/echo-nightly/iosApp
    write-file /Users/runner/work/echo-nightly/echo-nightly/build/DerivedData/Build/Intermediates.noindex/iosApp.build/Debug-iphonesimulator/iosAppTests.build/iosAppTests.DependencyStaticMetadataFileList

WriteAuxiliaryFile /Users/runner/work/echo-nightly/echo-nightly/build/DerivedData/Build/Intermediates.noindex/iosApp.build/Debug-iphonesimulator/iosAppTests.build/iosAppTests.hmap (in target 'iosAppTests' from project 'iosApp')
    cd /Users/runner/work/echo-nightly/echo-nightly/iosApp
    write-file /Users/runner/work/echo-nightly/echo-nightly/build/DerivedData/Build/Intermediates.noindex/iosApp.build/Debug-iphonesimulator/iosAppTests.build/iosAppTests.hmap

WriteAuxiliaryFile /Users/runner/work/echo-nightly/echo-nightly/build/DerivedData/Build/Intermediates.noindex/iosApp.build/Debug-iphonesimulator/iosAppTests.build/iosAppTests.DependencyMetadataFileList (in target 'iosAppTests' from project 'iosApp')
    cd /Users/runner/work/echo-nightly/echo-nightly/iosApp
    write-file /Users/runner/work/echo-nightly/echo-nightly/build/DerivedData/Build/Intermediates.noindex/iosApp.build/Debug-iphonesimulator/iosAppTests.build/iosAppTests.DependencyMetadataFileList

WriteAuxiliaryFile /Users/runner/work/echo-nightly/echo-nightly/build/DerivedData/Build/Intermediates.noindex/iosApp.build/Debug-iphonesimulator/iosAppTests.build/iosAppTests-project-headers.hmap (in target 'iosAppTests' from project 'iosApp')
    cd /Users/runner/work/echo-nightly/echo-nightly/iosApp
    write-file /Users/runner/work/echo-nightly/echo-nightly/build/DerivedData/Build/Intermediates.noindex/iosApp.build/Debug-iphonesimulator/iosAppTests.build/iosAppTests-project-headers.hmap

WriteAuxiliaryFile /Users/runner/work/echo-nightly/echo-nightly/build/DerivedData/Build/Intermediates.noindex/iosApp.build/Debug-iphonesimulator/iosAppTests.build/iosAppTests-own-target-headers.hmap (in target 'iosAppTests' from project 'iosApp')
    cd /Users/runner/work/echo-nightly/echo-nightly/iosApp
    write-file /Users/runner/work/echo-nightly/echo-nightly/build/DerivedData/Build/Intermediates.noindex/iosApp.build/Debug-iphonesimulator/iosAppTests.build/iosAppTests-own-target-headers.hmap

WriteAuxiliaryFile /Users/runner/work/echo-nightly/echo-nightly/build/DerivedData/Build/Intermediates.noindex/iosApp.build/Debug-iphonesimulator/iosAppTests.build/iosAppTests-generated-files.hmap (in target 'iosAppTests' from project 'iosApp')
    cd /Users/runner/work/echo-nightly/echo-nightly/iosApp
    write-file /Users/runner/work/echo-nightly/echo-nightly/build/DerivedData/Build/Intermediates.noindex/iosApp.build/Debug-iphonesimulator/iosAppTests.build/iosAppTests-generated-files.hmap

WriteAuxiliaryFile /Users/runner/work/echo-nightly/echo-nightly/build/DerivedData/Build/Intermediates.noindex/iosApp.build/Debug-iphonesimulator/iosAppTests.build/iosAppTests-all-target-headers.hmap (in target 'iosAppTests' from project 'iosApp')
    cd /Users/runner/work/echo-nightly/echo-nightly/iosApp
    write-file /Users/runner/work/echo-nightly/echo-nightly/build/DerivedData/Build/Intermediates.noindex/iosApp.build/Debug-iphonesimulator/iosAppTests.build/iosAppTests-all-target-headers.hmap

WriteAuxiliaryFile /Users/runner/work/echo-nightly/echo-nightly/build/DerivedData/Build/Intermediates.noindex/iosApp.build/Debug-iphonesimulator/iosAppTests.build/iosAppTests-all-non-framework-target-headers.hmap (in target 'iosAppTests' from project 'iosApp')
    cd /Users/runner/work/echo-nightly/echo-nightly/iosApp
    write-file /Users/runner/work/echo-nightly/echo-nightly/build/DerivedData/Build/Intermediates.noindex/iosApp.build/Debug-iphonesimulator/iosAppTests.build/iosAppTests-all-non-framework-target-headers.hmap

WriteAuxiliaryFile /Users/runner/work/echo-nightly/echo-nightly/build/DerivedData/Build/Intermediates.noindex/iosApp.build/Debug-iphonesimulator/iosAppTests.build/empty-iosAppTests.plist (in target 'iosAppTests' from project 'iosApp')
    cd /Users/runner/work/echo-nightly/echo-nightly/iosApp
    write-file /Users/runner/work/echo-nightly/echo-nightly/build/DerivedData/Build/Intermediates.noindex/iosApp.build/Debug-iphonesimulator/iosAppTests.build/empty-iosAppTests.plist

WriteAuxiliaryFile /Users/runner/work/echo-nightly/echo-nightly/build/DerivedData/Build/Intermediates.noindex/iosApp.build/Debug-iphonesimulator/iosAppTests.build/Objects-normal/arm64/iosAppTests_const_extract_protocols.json (in target 'iosAppTests' from project 'iosApp')
    cd /Users/runner/work/echo-nightly/echo-nightly/iosApp
    write-file /Users/runner/work/echo-nightly/echo-nightly/build/DerivedData/Build/Intermediates.noindex/iosApp.build/Debug-iphonesimulator/iosAppTests.build/Objects-normal/arm64/iosAppTests_const_extract_protocols.json

WriteAuxiliaryFile /Users/runner/work/echo-nightly/echo-nightly/build/DerivedData/Build/Intermediates.noindex/iosApp.build/Debug-iphonesimulator/iosAppTests.build/Objects-normal/arm64/iosAppTests.SwiftFileList (in target 'iosAppTests' from project 'iosApp')
    cd /Users/runner/work/echo-nightly/echo-nightly/iosApp
    write-file /Users/runner/work/echo-nightly/echo-nightly/build/DerivedData/Build/Intermediates.noindex/iosApp.build/Debug-iphonesimulator/iosAppTests.build/Objects-normal/arm64/iosAppTests.SwiftFileList

WriteAuxiliaryFile /Users/runner/work/echo-nightly/echo-nightly/build/DerivedData/Build/Intermediates.noindex/iosApp.build/Debug-iphonesimulator/iosAppTests.build/Objects-normal/arm64/iosAppTests.SwiftConstValuesFileList (in target 'iosAppTests' from project 'iosApp')
    cd /Users/runner/work/echo-nightly/echo-nightly/iosApp
    write-file /Users/runner/work/echo-nightly/echo-nightly/build/DerivedData/Build/Intermediates.noindex/iosApp.build/Debug-iphonesimulator/iosAppTests.build/Objects-normal/arm64/iosAppTests.SwiftConstValuesFileList

WriteAuxiliaryFile /Users/runner/work/echo-nightly/echo-nightly/build/DerivedData/Build/Intermediates.noindex/iosApp.build/Debug-iphonesimulator/iosAppTests.build/Objects-normal/arm64/iosAppTests.LinkFileList (in target 'iosAppTests' from project 'iosApp')
    cd /Users/runner/work/echo-nightly/echo-nightly/iosApp
    write-file /Users/runner/work/echo-nightly/echo-nightly/build/DerivedData/Build/Intermediates.noindex/iosApp.build/Debug-iphonesimulator/iosAppTests.build/Objects-normal/arm64/iosAppTests.LinkFileList

WriteAuxiliaryFile /Users/runner/work/echo-nightly/echo-nightly/build/DerivedData/Build/Intermediates.noindex/iosApp.build/Debug-iphonesimulator/iosAppTests.build/Objects-normal/arm64/iosAppTests-OutputFileMap.json (in target 'iosAppTests' from project 'iosApp')
    cd /Users/runner/work/echo-nightly/echo-nightly/iosApp
    write-file /Users/runner/work/echo-nightly/echo-nightly/build/DerivedData/Build/Intermediates.noindex/iosApp.build/Debug-iphonesimulator/iosAppTests.build/Objects-normal/arm64/iosAppTests-OutputFileMap.json

MkDir /Users/runner/work/echo-nightly/echo-nightly/build/DerivedData/Build/Products/Debug-iphonesimulator/iosApp.app/PlugIns/iosAppTests.xctest (in target 'iosAppTests' from project 'iosApp')
    cd /Users/runner/work/echo-nightly/echo-nightly/iosApp
    /bin/mkdir -p /Users/runner/work/echo-nightly/echo-nightly/build/DerivedData/Build/Products/Debug-iphonesimulator/iosApp.app/PlugIns/iosAppTests.xctest

PhaseScriptExecution Compile\ Kotlin\ Framework /Users/runner/work/echo-nightly/echo-nightly/build/DerivedData/Build/Intermediates.noindex/iosApp.build/Debug-iphonesimulator/iosApp.build/Script-E6000000000000000000000C.sh (in target 'iosApp' from project 'iosApp')
    cd /Users/runner/work/echo-nightly/echo-nightly/iosApp
    export ACTION\=build
    export AD_HOC_CODE_SIGNING_ALLOWED\=YES
    export AGGREGATE_TRACKED_DOMAINS\=YES
    export ALLOW_BUILD_REQUEST_OVERRIDES\=NO
    export ALLOW_TARGET_PLATFORM_SPECIALIZATION\=NO
    export ALTERNATE_GROUP\=staff
    export ALTERNATE_MODE\=u+w,go-w,a+rX
    export ALTERNATE_OWNER\=runner
    export ALTERNATIVE_DISTRIBUTION_WEB\=NO
    export ALWAYS_EMBED_SWIFT_STANDARD_LIBRARIES\=NO
    export ALWAYS_SEARCH_USER_PATHS\=NO
    export ALWAYS_USE_SEPARATE_HEADERMAPS\=NO
    export ANDROID_DEPLOYMENT_TARGET\=21.0
    export APPLICATION_EXTENSION_API_ONLY\=NO
    export APPLY_RULES_IN_COPY_FILES\=NO
    export APPLY_RULES_IN_COPY_HEADERS\=NO
    export APP_SHORTCUTS_ENABLE_FLEXIBLE_MATCHING\=YES
    export ARCHS\=arm64
    export ARCHS_BASE\=arm64
    export ARCHS_STANDARD\=arm64\ x86_64
    export ARCHS_STANDARD_32_64_BIT\=arm64\ x86_64
    export ARCHS_STANDARD_64_BIT\=arm64\ x86_64
    export ARCHS_STANDARD_INCLUDING_64_BIT\=arm64\ x86_64
    export ARCHS_UNIVERSAL_IPHONE_OS\=arm64\ x86_64
    export ASSETCATALOG_COMPILER_GENERATE_SWIFT_ASSET_SYMBOL_EXTENSIONS\=YES
    export ASSETCATALOG_FILTER_FOR_DEVICE_MODEL\=iPhone18,1
    export ASSETCATALOG_FILTER_FOR_DEVICE_OS_VERSION\=26.5
    export ASSETCATALOG_FILTER_FOR_THINNING_DEVICE_CONFIGURATION\=iPhone18,1
    export AUTOMATICALLY_MERGE_DEPENDENCIES\=NO
    export AUTOMATION_APPLE_EVENTS\=NO
    export AVAILABLE_PLATFORMS\=android\ appletvos\ appletvsimulator\ driverkit\ freebsd\ iphoneos\ iphonesimulator\ linux\ macosx\ none\ openbsd\ qnx\ watchos\ watchsimulator\ webassembly\ xros\ xrsimulator
    export BUILD_ACTIVE_RESOURCES_ONLY\=YES
    export BUILD_COMPONENTS\=headers\ build
    export BUILD_DIR\=/Users/runner/work/echo-nightly/echo-nightly/build/DerivedData/Build/Products
    export BUILD_LIBRARY_FOR_DISTRIBUTION\=NO
    export BUILD_ONLY_KNOWN_LOCALIZATIONS\=NO
    export BUILD_ROOT\=/Users/runner/work/echo-nightly/echo-nightly/build/DerivedData/Build/Products
    export BUILD_STYLE\=
    export BUILD_VARIANTS\=normal
    export BUILT_PRODUCTS_DIR\=/Users/runner/work/echo-nightly/echo-nightly/build/DerivedData/Build/Products/Debug-iphonesimulator
    export BUNDLE_CONTENTS_FOLDER_PATH_deep\=Contents/
    export BUNDLE_EXECUTABLE_FOLDER_NAME_deep\=MacOS
    export BUNDLE_EXTENSIONS_FOLDER_PATH\=Extensions
    export BUNDLE_FORMAT\=shallow
    export BUNDLE_FRAMEWORKS_FOLDER_PATH\=Frameworks
    export BUNDLE_PLUGINS_FOLDER_PATH\=PlugIns
    export BUNDLE_PRIVATE_HEADERS_FOLDER_PATH\=PrivateHeaders
    export BUNDLE_PUBLIC_HEADERS_FOLDER_PATH\=Headers
    export CACHE_ROOT\=/var/folders/d8/hvxvltxn0fl4rmnd52sncbth0000gn/C/com.apple.DeveloperTools/26.6-17F113/Xcode
    export CCHROOT\=/var/folders/d8/hvxvltxn0fl4rmnd52sncbth0000gn/C/com.apple.DeveloperTools/26.6-17F113/Xcode
    export CHMOD\=/bin/chmod
    export CHOWN\=chown
    export CLANG_ANALYZER_NONNULL\=YES
    export CLANG_CACHE_FINE_GRAINED_OUTPUTS\=YES
    export CLANG_CXX_LANGUAGE_STANDARD\=gnu++20
    export CLANG_ENABLE_EXPLICIT_MODULES\=YES
    export CLANG_ENABLE_MODULES\=YES
    export CLANG_ENABLE_OBJC_ARC\=YES
    export CLANG_ENABLE_OBJC_WEAK\=YES
    export CLANG_MODULES_BUILD_SESSION_FILE\=/Users/runner/work/echo-nightly/echo-nightly/build/DerivedData/ModuleCache.noindex/Session.modulevalidation
    export CLASS_FILE_DIR\=/Users/runner/work/echo-nightly/echo-nightly/build/DerivedData/Build/Intermediates.noindex/iosApp.build/Debug-iphonesimulator/iosApp.build/JavaClasses
    export CLEAN_PRECOMPS\=YES
    export CLONE_HEADERS\=NO
    export CODESIGNING_FOLDER_PATH\=/Users/runner/work/echo-nightly/echo-nightly/build/DerivedData/Build/Products/Debug-iphonesimulator/iosApp.app
    export CODE_SIGNING_ALLOWED\=NO
    export CODE_SIGNING_REQUIRED\=NO
    export CODE_SIGN_CONTEXT_CLASS\=XCiPhoneSimulatorCodeSignContext
    export CODE_SIGN_IDENTITY\=-
    export CODE_SIGN_INJECT_BASE_ENTITLEMENTS\=YES
    export CODE_SIGN_STYLE\=Automatic
    export COLOR_DIAGNOSTICS\=NO
    export COMBINE_HIDPI_IMAGES\=NO
    export COMPILATION_CACHE_CAS_PATH\=/Users/runner/work/echo-nightly/echo-nightly/build/DerivedData/CompilationCache.noindex
    export COMPILATION_CACHE_KEEP_CAS_DIRECTORY\=YES
    export COMPILER_INDEX_STORE_ENABLE\=Default
    export COMPOSITE_SDK_DIRS\=/Users/runner/work/echo-nightly/echo-nightly/build/DerivedData/Build/Intermediates.noindex/CompositeSDKs
    export COMPRESS_PNG_FILES\=YES
    export CONFIGURATION\=Debug
    export CONFIGURATION_BUILD_DIR\=/Users/runner/work/echo-nightly/echo-nightly/build/DerivedData/Build/Products/Debug-iphonesimulator
    export CONFIGURATION_TEMP_DIR\=/Users/runner/work/echo-nightly/echo-nightly/build/DerivedData/Build/Intermediates.noindex/iosApp.build/Debug-iphonesimulator
    export CONTENTS_FOLDER_PATH\=iosApp.app
    export CONTENTS_FOLDER_PATH_SHALLOW_BUNDLE_NO\=iosApp.app/Contents
    export CONTENTS_FOLDER_PATH_SHALLOW_BUNDLE_YES\=iosApp.app
    export COPYING_PRESERVES_HFS_DATA\=NO
    export COPY_HEADERS_RUN_UNIFDEF\=NO
    export COPY_PHASE_STRIP\=NO
    export CORRESPONDING_DEVICE_PLATFORM_DIR\=/Applications/Xcode_26.6.app/Contents/Developer/Platforms/iPhoneOS.platform
    export CORRESPONDING_DEVICE_PLATFORM_NAME\=iphoneos
    export CORRESPONDING_DEVICE_SDK_DIR\=/Applications/Xcode_26.6.app/Contents/Developer/Platforms/iPhoneOS.platform/Developer/SDKs/iPhoneOS26.5.sdk
    export CORRESPONDING_DEVICE_SDK_NAME\=iphoneos26.5
    export CP\=/bin/cp
    export CREATE_INFOPLIST_SECTION_IN_BINARY\=NO
    export CURRENT_ARCH\=undefined_arch
    export CURRENT_PROJECT_VERSION\=1
    export CURRENT_VARIANT\=normal
    export DEAD_CODE_STRIPPING\=YES
    export DEBUGGING_SYMBOLS\=YES
    export DEBUG_INFORMATION_FORMAT\=dwarf
    export DEBUG_INFORMATION_VERSION\=compiler-default
    export DEFAULT_COMPILER\=com.apple.compilers.llvm.clang.1_0
    export DEFAULT_DEXT_INSTALL_PATH\=/System/Library/DriverExtensions
    export DEFAULT_KEXT_INSTALL_PATH\=/System/Library/Extensions
    export DEFINES_MODULE\=NO
    export DEPLOYMENT_LOCATION\=NO
    export DEPLOYMENT_POSTPROCESSING\=NO
    export DEPLOYMENT_TARGET_SETTING_NAME\=IPHONEOS_DEPLOYMENT_TARGET
    export DEPLOYMENT_TARGET_SUGGESTED_VALUES\=12.0\ 12.1\ 12.2\ 12.3\ 12.4\ 13.0\ 13.1\ 13.2\ 13.3\ 13.4\ 13.5\ 13.6\ 14.0\ 14.1\ 14.2\ 14.3\ 14.4\ 14.5\ 14.6\ 14.7\ 15.0\ 15.1\ 15.2\ 15.3\ 15.4\ 15.5\ 15.6\ 16.0\ 16.1\ 16.2\ 16.3\ 16.4\ 16.5\ 16.6\ 17.0\ 17.1\ 17.2\ 17.3\ 17.4\ 17.5\ 17.6\ 18.0\ 18.1\ 18.2\ 18.3\ 18.4\ 18.5\ 18.6\ 26.0\ 26.2\ 26.3\ 26.4\ 26.5
    export DERIVED_FILES_DIR\=/Users/runner/work/echo-nightly/echo-nightly/build/DerivedData/Build/Intermediates.noindex/iosApp.build/Debug-iphonesimulator/iosApp.build/DerivedSources
    export DERIVED_FILE_DIR\=/Users/runner/work/echo-nightly/echo-nightly/build/DerivedData/Build/Intermediates.noindex/iosApp.build/Debug-iphonesimulator/iosApp.build/DerivedSources
    export DERIVED_SOURCES_DIR\=/Users/runner/work/echo-nightly/echo-nightly/build/DerivedData/Build/Intermediates.noindex/iosApp.build/Debug-iphonesimulator/iosApp.build/DerivedSources
    export DEVELOPER_APPLICATIONS_DIR\=/Applications/Xcode_26.6.app/Contents/Developer/Applications
    export DEVELOPER_BIN_DIR\=/Applications/Xcode_26.6.app/Contents/Developer/usr/bin
    export DEVELOPER_DIR\=/Applications/Xcode_26.6.app/Contents/Developer
    export DEVELOPER_FRAMEWORKS_DIR\=/Applications/Xcode_26.6.app/Contents/Developer/Library/Frameworks
    export DEVELOPER_FRAMEWORKS_DIR_QUOTED\=/Applications/Xcode_26.6.app/Contents/Developer/Library/Frameworks
    export DEVELOPER_LIBRARY_DIR\=/Applications/Xcode_26.6.app/Contents/Developer/Library
    export DEVELOPER_SDK_DIR\=/Applications/Xcode_26.6.app/Contents/Developer/Platforms/MacOSX.platform/Developer/SDKs
    export DEVELOPER_TOOLS_DIR\=/Applications/Xcode_26.6.app/Contents/Developer/Tools
    export DEVELOPER_USR_DIR\=/Applications/Xcode_26.6.app/Contents/Developer/usr
    export DEVELOPMENT_LANGUAGE\=en
    export DIAGNOSE_MISSING_TARGET_DEPENDENCIES\=YES
    export DIFF\=/usr/bin/diff
    export DOCUMENTATION_FOLDER_PATH\=iosApp.app/en.lproj/Documentation
    export DONT_GENERATE_INFOPLIST_FILE\=NO
    export DSTROOT\=/tmp/iosApp.dst
    export DT_TOOLCHAIN_DIR\=/Applications/Xcode_26.6.app/Contents/Developer/Toolchains/XcodeDefault.xctoolchain
    export DUMP_DEPENDENCIES\=NO
    export DUMP_DEPENDENCIES_OUTPUT_PATH\=/Users/runner/work/echo-nightly/echo-nightly/build/DerivedData/Build/Intermediates.noindex/iosApp.build/Debug-iphonesimulator/iosApp.build/iosApp-BuildDependencyInfo.json
    export DWARF_DSYM_FILE_NAME\=iosApp.app.dSYM
    export DWARF_DSYM_FILE_SHOULD_ACCOMPANY_PRODUCT\=NO
    export DWARF_DSYM_FOLDER_PATH\=/Users/runner/work/echo-nightly/echo-nightly/build/DerivedData/Build/Products/Debug-iphonesimulator
    export DYNAMIC_LIBRARY_EXTENSION\=dylib
    export EAGER_COMPILATION_ALLOW_SCRIPTS\=NO
    export EAGER_LINKING\=NO
    export EFFECTIVE_PLATFORM_NAME\=-iphonesimulator
    export EFFECTIVE_SWIFT_VERSION\=5
    export EMBEDDED_CONTENT_CONTAINS_SWIFT\=NO
    export EMBED_ASSET_PACKS_IN_PRODUCT_BUNDLE\=NO
    export ENABLE_APP_SANDBOX\=NO
    export ENABLE_CODE_COVERAGE\=YES
    export ENABLE_COHORT_ARCHS\=NO
    export ENABLE_CPLUSPLUS_BOUNDS_SAFE_BUFFERS\=NO
    export ENABLE_C_BOUNDS_SAFETY\=NO
    export ENABLE_DEBUG_DYLIB\=YES
    export ENABLE_DEFAULT_HEADER_SEARCH_PATHS\=YES
    export ENABLE_DEFAULT_SEARCH_PATHS\=YES
    export ENABLE_ENHANCED_SECURITY\=NO
    export ENABLE_HARDENED_RUNTIME\=NO
    export ENABLE_HEADER_DEPENDENCIES\=YES
    export ENABLE_INCOMING_NETWORK_CONNECTIONS\=NO
    export ENABLE_ON_DEMAND_RESOURCES\=YES
    export ENABLE_OUTGOING_NETWORK_CONNECTIONS\=NO
    export ENABLE_POINTER_AUTHENTICATION\=NO
    export ENABLE_PREVIEWS\=NO
    export ENABLE_RESOURCE_ACCESS_AUDIO_INPUT\=NO
    export ENABLE_RESOURCE_ACCESS_BLUETOOTH\=NO
    export ENABLE_RESOURCE_ACCESS_CALENDARS\=NO
    export ENABLE_RESOURCE_ACCESS_CAMERA\=NO
    export ENABLE_RESOURCE_ACCESS_CONTACTS\=NO
    export ENABLE_RESOURCE_ACCESS_LOCATION\=NO
    export ENABLE_RESOURCE_ACCESS_PHOTO_LIBRARY\=NO
    export ENABLE_RESOURCE_ACCESS_PRINTING\=NO
    export ENABLE_RESOURCE_ACCESS_USB\=NO
    export ENABLE_SDK_IMPORTS\=NO
    export ENABLE_SECURITY_COMPILER_WARNINGS\=NO
    export ENABLE_STRICT_OBJC_MSGSEND\=YES
    export ENABLE_TESTABILITY\=YES
    export ENABLE_TESTING_SEARCH_PATHS\=NO
    export ENABLE_USER_SCRIPT_SANDBOXING\=NO
    export ENABLE_XOJIT_PREVIEWS\=YES
    export ENFORCE_VALID_ARCHS\=YES
    export ENTITLEMENTS_ALLOWED\=NO
    export ENTITLEMENTS_DESTINATION\=__entitlements
    export ENTITLEMENTS_REQUIRED\=NO
    export EXCLUDED_INSTALLSRC_SUBDIRECTORY_PATTERNS\=.DS_Store\ .svn\ .git\ .hg\ CVS
    export EXCLUDED_RECURSIVE_SEARCH_PATH_SUBDIRECTORIES\=\*.nib\ \*.lproj\ \*.framework\ \*.gch\ \*.xcode\*\ \*.xcassets\ \*.icon\ \(\*\)\ .DS_Store\ CVS\ .svn\ .git\ .hg\ \*.pbproj\ \*.pbxproj
    export EXECUTABLES_FOLDER_PATH\=iosApp.app/Executables
    export EXECUTABLE_BLANK_INJECTION_DYLIB_PATH\=iosApp.app/__preview.dylib
    export EXECUTABLE_DEBUG_DYLIB_INSTALL_NAME\=@rpath/iosApp.debug.dylib
    export EXECUTABLE_DEBUG_DYLIB_PATH\=iosApp.app/iosApp.debug.dylib
    export EXECUTABLE_FOLDER_PATH\=iosApp.app
    export EXECUTABLE_FOLDER_PATH_SHALLOW_BUNDLE_NO\=iosApp.app/MacOS
    export EXECUTABLE_FOLDER_PATH_SHALLOW_BUNDLE_YES\=iosApp.app
    export EXECUTABLE_NAME\=iosApp
    export EXECUTABLE_PATH\=iosApp.app/iosApp
    export EXTENSIONS_FOLDER_PATH\=iosApp.app/Extensions
    export FILE_LIST\=/Users/runner/work/echo-nightly/echo-nightly/build/DerivedData/Build/Intermediates.noindex/iosApp.build/Debug-iphonesimulator/iosApp.build/Objects/LinkFileList
    export FIXED_FILES_DIR\=/Users/runner/work/echo-nightly/echo-nightly/build/DerivedData/Build/Intermediates.noindex/iosApp.build/Debug-iphonesimulator/iosApp.build/FixedFiles
    export FRAMEWORKS_FOLDER_PATH\=iosApp.app/Frameworks
    export FRAMEWORK_FLAG_PREFIX\=-framework
    export FRAMEWORK_SEARCH_PATHS\=/Users/runner/work/echo-nightly/echo-nightly/build/DerivedData/Build/Products/Debug-iphonesimulator\ \ /Users/runner/work/echo-nightly/echo-nightly/build/DerivedData/Build/Products/Debug-iphonesimulator
    export FRAMEWORK_VERSION\=A
    export FULL_PRODUCT_NAME\=iosApp.app
    export FUSE_BUILD_PHASES\=YES
    export FUSE_BUILD_SCRIPT_PHASES\=NO
    export GCC3_VERSION\=3.3
    export GCC_C_LANGUAGE_STANDARD\=gnu17
    export GCC_DYNAMIC_NO_PIC\=NO
    export GCC_INLINES_ARE_PRIVATE_EXTERN\=YES
    export GCC_OBJC_LEGACY_DISPATCH\=YES
    export GCC_OPTIMIZATION_LEVEL\=0
    export GCC_PFE_FILE_C_DIALECTS\=c\ objective-c\ c++\ objective-c++
    export GCC_PREPROCESSOR_DEFINITIONS\=DEBUG\=1\ 
    export GCC_SYMBOLS_PRIVATE_EXTERN\=NO
    export GCC_TREAT_WARNINGS_AS_ERRORS\=NO
    export GCC_VERSION\=com.apple.compilers.llvm.clang.1_0
    export GCC_VERSION_IDENTIFIER\=com_apple_compilers_llvm_clang_1_0
    export GCC_WARN_64_TO_32_BIT_CONVERSION\=NO
    export GENERATED_MODULEMAP_DIR\=/Users/runner/work/echo-nightly/echo-nightly/build/DerivedData/Build/Intermediates.noindex/GeneratedModuleMaps-iphonesimulator
    export GENERATE_INFOPLIST_FILE\=NO
    export GENERATE_INTERMEDIATE_TEXT_BASED_STUBS\=YES
    export GENERATE_PKGINFO_FILE\=YES
    export GENERATE_PRELINK_OBJECT_FILE\=NO
    export GENERATE_PROFILING_CODE\=NO
    export GENERATE_TEXT_BASED_STUBS\=NO
    export GID\=20
    export GROUP\=staff
    export HEADERMAP_INCLUDES_FLAT_ENTRIES_FOR_TARGET_BEING_BUILT\=YES
    export HEADERMAP_INCLUDES_FRAMEWORK_ENTRIES_FOR_ALL_PRODUCT_TYPES\=YES
    export HEADERMAP_INCLUDES_FRAMEWORK_ENTRIES_FOR_TARGETS_NOT_BEING_BUILT\=YES
    export HEADERMAP_INCLUDES_NONPUBLIC_NONPRIVATE_HEADERS\=YES
    export HEADERMAP_INCLUDES_PROJECT_HEADERS\=YES
    export HEADERMAP_USES_FRAMEWORK_PREFIX_ENTRIES\=YES
    export HEADERMAP_USES_VFS\=NO
    export HEADER_SEARCH_PATHS\=/Users/runner/work/echo-nightly/echo-nightly/build/DerivedData/Build/Products/Debug-iphonesimulator/include\ 
    export HOME\=/Users/runner
    export HOST_ARCH\=arm64
    export HOST_PLATFORM\=macosx
    export ICONV\=/usr/bin/iconv
    export IMPLICIT_DEPENDENCY_DOMAIN\=default
    export INDEX_STORE_COMPRESS\=NO
    export INDEX_STORE_ONLY_PROJECT_FILES\=NO
    export INFOPLIST_ENABLE_CFBUNDLEICONS_MERGE\=YES
    export INFOPLIST_EXPAND_BUILD_SETTINGS\=YES
    export INFOPLIST_FILE\=iosApp/Info.plist
    export INFOPLIST_KEY_UIApplicationSupportsIndirectInputEvents\=YES
    export INFOPLIST_OUTPUT_FORMAT\=binary
    export INFOPLIST_PATH\=iosApp.app/Info.plist
    export INFOPLIST_PREPROCESS\=NO
    export INFOSTRINGS_PATH\=iosApp.app/en.lproj/InfoPlist.strings
    export INLINE_PRIVATE_FRAMEWORKS\=NO
    export INSTALLAPI_IGNORE_SKIP_INSTALL\=YES
    export INSTALLHDRS_COPY_PHASE\=NO
    export INSTALLHDRS_SCRIPT_PHASE\=NO
    export INSTALL_DIR\=/tmp/iosApp.dst/Applications
    export INSTALL_GROUP\=staff
    export INSTALL_MODE_FLAG\=u+w,go-w,a+rX
    export INSTALL_OWNER\=runner
    export INSTALL_PATH\=/Applications
    export INSTALL_ROOT\=/tmp/iosApp.dst
    export IPHONEOS_DEPLOYMENT_TARGET\=15.0
    export IS_UNOPTIMIZED_BUILD\=YES
    export JAVAC_DEFAULT_FLAGS\=-J-Xms64m\ -J-XX:NewSize\=4M\ -J-Dfile.encoding\=UTF8
    export JAVA_APP_STUB\=/System/Library/Frameworks/JavaVM.framework/Resources/MacOS/JavaApplicationStub
    export JAVA_ARCHIVE_CLASSES\=YES
    export JAVA_ARCHIVE_TYPE\=JAR
    export JAVA_COMPILER\=/usr/bin/javac
    export JAVA_FOLDER_PATH\=iosApp.app/Java
    export JAVA_FRAMEWORK_RESOURCES_DIRS\=Resources
    export JAVA_JAR_FLAGS\=cv
    export JAVA_SOURCE_SUBDIR\=.
    export JAVA_USE_DEPENDENCIES\=YES
    export JAVA_ZIP_FLAGS\=-urg
    export JIKES_DEFAULT_FLAGS\=+E\ +OLDCSO
    export KEEP_PRIVATE_EXTERNS\=NO
    export LD_DEPENDENCY_INFO_FILE\=/Users/runner/work/echo-nightly/echo-nightly/build/DerivedData/Build/Intermediates.noindex/iosApp.build/Debug-iphonesimulator/iosApp.build/Objects-normal/undefined_arch/iosApp_dependency_info.dat
    export LD_EXPORT_SYMBOLS\=YES
    export LD_GENERATE_MAP_FILE\=NO
    export LD_MAP_FILE_PATH\=/Users/runner/work/echo-nightly/echo-nightly/build/DerivedData/Build/Intermediates.noindex/iosApp.build/Debug-iphonesimulator/iosApp.build/iosApp-LinkMap-normal-undefined_arch.txt
    export LD_NO_PIE\=NO
    export LD_QUOTE_LINKER_ARGUMENTS_FOR_COMPILER_DRIVER\=YES
    export LD_RUNPATH_SEARCH_PATHS\=\ @executable_path/Frameworks
    export LD_RUNPATH_SEARCH_PATHS_YES\=@loader_path/../Frameworks
    export LD_SHARED_CACHE_ELIGIBLE\=Automatic
    export LD_WARN_DUPLICATE_LIBRARIES\=NO
    export LD_WARN_UNUSED_DYLIBS\=NO
    export LEGACY_DEVELOPER_DIR\=/Applications/Xcode_26.6.app/Contents/PlugIns/Xcode3Core.ideplugin/Contents/SharedSupport/Developer
    export LEX\=lex
    export LIBRARY_DEXT_INSTALL_PATH\=/Library/DriverExtensions
    export LIBRARY_FLAG_NOSPACE\=YES
    export LIBRARY_FLAG_PREFIX\=-l
    export LIBRARY_KEXT_INSTALL_PATH\=/Library/Extensions
    export LIBRARY_SEARCH_PATHS\=/Users/runner/work/echo-nightly/echo-nightly/build/DerivedData/Build/Products/Debug-iphonesimulator\ 
    export LINKER_DISPLAYS_MANGLED_NAMES\=NO
    export LINK_FILE_LIST_normal_arm64\=/Users/runner/work/echo-nightly/echo-nightly/build/DerivedData/Build/Intermediates.noindex/iosApp.build/Debug-iphonesimulator/iosApp.build/Objects-normal/arm64/iosApp.LinkFileList
    export LINK_OBJC_RUNTIME\=YES
    export LINK_WITH_STANDARD_LIBRARIES\=YES
    export LLVM_TARGET_TRIPLE_OS_VERSION\=ios15.0
    export LLVM_TARGET_TRIPLE_SUFFIX\=-simulator
    export LLVM_TARGET_TRIPLE_VENDOR\=apple
    export LM_AUX_CONST_METADATA_LIST_PATH_normal_arm64\=/Users/runner/work/echo-nightly/echo-nightly/build/DerivedData/Build/Intermediates.noindex/iosApp.build/Debug-iphonesimulator/iosApp.build/Objects-normal/arm64/iosApp.SwiftConstValuesFileList
    export LOCALIZATION_EXPORT_SUPPORTED\=YES
    export LOCALIZATION_PREFERS_STRING_CATALOGS\=NO
    export LOCALIZED_RESOURCES_FOLDER_PATH\=iosApp.app/en.lproj
    export LOCALIZED_STRING_CODE_COMMENTS\=NO
    export LOCALIZED_STRING_MACRO_NAMES\=NSLocalizedString\ CFCopyLocalizedString
    export LOCALIZED_STRING_SWIFTUI_SUPPORT\=YES
    export LOCAL_ADMIN_APPS_DIR\=/Applications/Utilities
    export LOCAL_APPS_DIR\=/Applications
    export LOCAL_DEVELOPER_DIR\=/Library/Developer
    export LOCAL_LIBRARY_DIR\=/Library
    export LOCROOT\=/Users/runner/work/echo-nightly/echo-nightly/iosApp
    export LOCSYMROOT\=/Users/runner/work/echo-nightly/echo-nightly/iosApp
    export MACH_O_TYPE\=mh_execute
    export MAC_OS_X_PRODUCT_BUILD_VERSION\=25G83
    export MAC_OS_X_VERSION_ACTUAL\=260602
    export MAC_OS_X_VERSION_MAJOR\=260000
    export MAC_OS_X_VERSION_MINOR\=260600
    export MAKE_MERGEABLE\=NO
    export MARKETING_VERSION\=3.0.0
    export MERGEABLE_LIBRARY\=NO
    export MERGED_BINARY_TYPE\=none
    export MERGE_LINKED_LIBRARIES\=NO
    export METAL_LIBRARY_FILE_BASE\=default
    export METAL_LIBRARY_OUTPUT_DIR\=/Users/runner/work/echo-nightly/echo-nightly/build/DerivedData/Build/Products/Debug-iphonesimulator/iosApp.app
    export MODULES_FOLDER_PATH\=iosApp.app/Modules
    export MODULE_CACHE_DIR\=/Users/runner/work/echo-nightly/echo-nightly/build/DerivedData/ModuleCache.noindex
    export MTL_ENABLE_DEBUG_INFO\=INCLUDE_SOURCE
    export MTL_FAST_MATH\=YES
    export NATIVE_ARCH\=arm64
    export NATIVE_ARCH_32_BIT\=arm
    export NATIVE_ARCH_64_BIT\=arm64
    export NATIVE_ARCH_ACTUAL\=arm64
    export NO_COMMON\=YES
    export OBJC_ABI_VERSION\=2
    export OBJECT_FILE_DIR\=/Users/runner/work/echo-nightly/echo-nightly/build/DerivedData/Build/Intermediates.noindex/iosApp.build/Debug-iphonesimulator/iosApp.build/Objects
    export OBJECT_FILE_DIR_normal\=/Users/runner/work/echo-nightly/echo-nightly/build/DerivedData/Build/Intermediates.noindex/iosApp.build/Debug-iphonesimulator/iosApp.build/Objects-normal
    export OBJROOT\=/Users/runner/work/echo-nightly/echo-nightly/build/DerivedData/Build/Intermediates.noindex
    export ONLY_ACTIVE_ARCH\=YES
    export OS\=MACOS
    export OSAC\=/usr/bin/osacompile
    export OTHER_LDFLAGS\=\ -framework\ ComposeApp
    export PACKAGE_TYPE\=com.apple.package-type.wrapper.application
    export PASCAL_STRINGS\=YES
    export PATH\=/Applications/Xcode_26.6.app/Contents/SharedFrameworks/SwiftBuild.framework/Versions/A/PlugIns/SWBBuildService.bundle/Contents/PlugIns/SWBUniversalPlatformPlugin.bundle/Contents/Frameworks/SWBUniversalPlatform.framework/Resources:/var/run/com.apple.security.cryptexd/mnt/com.apple.MobileAsset.MetalToolchain-v17.6.109.0.5CuhRO/Metal.xctoolchain/usr/bin:/var/run/com.apple.security.cryptexd/mnt/com.apple.MobileAsset.MetalToolchain-v17.6.109.0.5CuhRO/Metal.xctoolchain/usr/local/bin:/var/run/com.apple.security.cryptexd/mnt/com.apple.MobileAsset.MetalToolchain-v17.6.109.0.5CuhRO/Metal.xctoolchain/usr/libexec:/Applications/Xcode_26.6.app/Contents/Developer/Toolchains/XcodeDefault.xctoolchain/usr/bin:/Applications/Xcode_26.6.app/Contents/Developer/Toolchains/XcodeDefault.xctoolchain/usr/local/bin:/Applications/Xcode_26.6.app/Contents/Developer/Toolchains/XcodeDefault.xctoolchain/usr/libexec:/Applications/Xcode_26.6.app/Contents/Developer/Platforms/iPhoneSimulator.platform/usr/bin:/Applications/Xcode_26.6.app/Contents/Developer/Platforms/iPhoneSimulator.platform/usr/local/bin:/Applications/Xcode_26.6.app/Contents/Developer/Platforms/iPhoneSimulator.platform/Developer/usr/bin:/Applications/Xcode_26.6.app/Contents/Developer/Platforms/iPhoneSimulator.platform/Developer/usr/local/bin:/Applications/Xcode_26.6.app/Contents/Developer/usr/bin:/Applications/Xcode_26.6.app/Contents/Developer/usr/local/bin:/Users/runner/hostedtoolcache/Java_Zulu_jdk/17.0.20-8/arm64/Contents/Home/bin:/opt/homebrew/lib/ruby/gems/3.4.0/bin:/opt/homebrew/opt/ruby@3.4/bin:/Users/runner/.local/bin:/opt/homebrew/bin:/opt/homebrew/sbin:/Users/runner/.cargo/bin:/usr/local/opt/curl/bin:/usr/local/bin:/usr/local/sbin:/Users/runner/bin:/Users/runner/.yarn/bin:/Users/runner/Library/Android/sdk/tools:/Users/runner/Library/Android/sdk/platform-tools:/Library/Frameworks/Python.framework/Versions/Current/bin:/Library/Frameworks/Mono.framework/Versions/Current/Commands:/usr/bin:/bin:/usr/sbin:/sbin:/Users/runner/.dotnet/tools
    export PATH_PREFIXES_EXCLUDED_FROM_HEADER_DEPENDENCIES\=/usr/include\ /usr/local/include\ /System/Library/Frameworks\ /System/Library/PrivateFrameworks\ /Applications/Xcode_26.6.app/Contents/Developer/Headers\ /Applications/Xcode_26.6.app/Contents/Developer/SDKs\ /Applications/Xcode_26.6.app/Contents/Developer/Platforms
    export PBDEVELOPMENTPLIST_PATH\=iosApp.app/pbdevelopment.plist
    export PER_ARCH_MODULE_FILE_DIR\=/Users/runner/work/echo-nightly/echo-nightly/build/DerivedData/Build/Intermediates.noindex/iosApp.build/Debug-iphonesimulator/iosApp.build/Objects-normal/undefined_arch
    export PER_ARCH_OBJECT_FILE_DIR\=/Users/runner/work/echo-nightly/echo-nightly/build/DerivedData/Build/Intermediates.noindex/iosApp.build/Debug-iphonesimulator/iosApp.build/Objects-normal/undefined_arch
    export PER_VARIANT_OBJECT_FILE_DIR\=/Users/runner/work/echo-nightly/echo-nightly/build/DerivedData/Build/Intermediates.noindex/iosApp.build/Debug-iphonesimulator/iosApp.build/Objects-normal
    export PKGINFO_FILE_PATH\=/Users/runner/work/echo-nightly/echo-nightly/build/DerivedData/Build/Intermediates.noindex/iosApp.build/Debug-iphonesimulator/iosApp.build/PkgInfo
    export PKGINFO_PATH\=iosApp.app/PkgInfo
    export PLATFORM_DEVELOPER_APPLICATIONS_DIR\=/Applications/Xcode_26.6.app/Contents/Developer/Platforms/iPhoneSimulator.platform/Developer/Applications
    export PLATFORM_DEVELOPER_BIN_DIR\=/Applications/Xcode_26.6.app/Contents/Developer/Platforms/iPhoneSimulator.platform/Developer/usr/bin
    export PLATFORM_DEVELOPER_LIBRARY_DIR\=/Applications/Xcode_26.6.app/Contents/Developer/Platforms/iPhoneSimulator.platform/Developer/Library
    export PLATFORM_DEVELOPER_SDK_DIR\=/Applications/Xcode_26.6.app/Contents/Developer/Platforms/iPhoneSimulator.platform/Developer/SDKs
    export PLATFORM_DEVELOPER_TOOLS_DIR\=/Applications/Xcode_26.6.app/Contents/Developer/Platforms/iPhoneSimulator.platform/Developer/Tools
    export PLATFORM_DEVELOPER_USR_DIR\=/Applications/Xcode_26.6.app/Contents/Developer/Platforms/iPhoneSimulator.platform/Developer/usr
    export PLATFORM_DIR\=/Applications/Xcode_26.6.app/Contents/Developer/Platforms/iPhoneSimulator.platform
    export PLATFORM_DISPLAY_NAME\=iOS\ Simulator
    export PLATFORM_FAMILY_NAME\=iOS
    export PLATFORM_NAME\=iphonesimulator
    export PLATFORM_PREFERRED_ARCH\=x86_64
    export PLATFORM_PRODUCT_BUILD_VERSION\=23F81a
    export PLATFORM_REQUIRES_SWIFT_AUTOLINK_EXTRACT\=NO
    export PLATFORM_REQUIRES_SWIFT_MODULEWRAP\=NO
    export PLATFORM_USES_DSYMS\=YES
    export PLIST_FILE_OUTPUT_FORMAT\=binary
    export PLUGINS_FOLDER_PATH\=iosApp.app/PlugIns
    export PRECOMPS_INCLUDE_HEADERS_FROM_BUILT_PRODUCTS_DIR\=YES
    export PRECOMP_DESTINATION_DIR\=/Users/runner/work/echo-nightly/echo-nightly/build/DerivedData/Build/Intermediates.noindex/iosApp.build/Debug-iphonesimulator/iosApp.build/PrefixHeaders
    export PRIVATE_HEADERS_FOLDER_PATH\=iosApp.app/PrivateHeaders
    export PROCESSED_INFOPLIST_PATH\=/Users/runner/work/echo-nightly/echo-nightly/build/DerivedData/Build/Intermediates.noindex/iosApp.build/Debug-iphonesimulator/iosApp.build/Objects-normal/undefined_arch/Processed-Info.plist
    export PRODUCT_BUNDLE_IDENTIFIER\=dev.brahmkshatriya.echo.ios
    export PRODUCT_BUNDLE_PACKAGE_TYPE\=APPL
    export PRODUCT_MODULE_NAME\=iosApp
    export PRODUCT_NAME\=iosApp
    export PRODUCT_SETTINGS_PATH\=/Users/runner/work/echo-nightly/echo-nightly/iosApp/iosApp/Info.plist
    export PRODUCT_TYPE\=com.apple.product-type.application
    export PROFILING_CODE\=NO
    export PROJECT\=iosApp
    export PROJECT_DERIVED_FILE_DIR\=/Users/runner/work/echo-nightly/echo-nightly/build/DerivedData/Build/Intermediates.noindex/iosApp.build/DerivedSources
    export PROJECT_DIR\=/Users/runner/work/echo-nightly/echo-nightly/iosApp
    export PROJECT_FILE_PATH\=/Users/runner/work/echo-nightly/echo-nightly/iosApp/iosApp.xcodeproj
    export PROJECT_GUID\=7b79493a8b7fc1f2fff3c51cd12ba024
    export PROJECT_NAME\=iosApp
    export PROJECT_TEMP_DIR\=/Users/runner/work/echo-nightly/echo-nightly/build/DerivedData/Build/Intermediates.noindex/iosApp.build
    export PROJECT_TEMP_ROOT\=/Users/runner/work/echo-nightly/echo-nightly/build/DerivedData/Build/Intermediates.noindex
    export PROVISIONING_PROFILE_REQUIRED\=NO
    export PROVISIONING_PROFILE_REQUIRED_YES_YES\=YES
    export PROVISIONING_PROFILE_SUPPORTED\=YES
    export PUBLIC_HEADERS_FOLDER_PATH\=iosApp.app/Headers
    export RECOMMENDED_IPHONEOS_DEPLOYMENT_TARGET\=15.0
    export RECURSIVE_SEARCH_PATHS_FOLLOW_SYMLINKS\=YES
    export REMOVE_CVS_FROM_RESOURCES\=YES
    export REMOVE_GIT_FROM_RESOURCES\=YES
    export REMOVE_HEADERS_FROM_EMBEDDED_BUNDLES\=YES
    export REMOVE_HG_FROM_RESOURCES\=YES
    export REMOVE_STATIC_EXECUTABLES_FROM_EMBEDDED_BUNDLES\=YES
    export REMOVE_SVN_FROM_RESOURCES\=YES
    export RESCHEDULE_INDEPENDENT_HEADERS_PHASES\=YES
    export REZ_COLLECTOR_DIR\=/Users/runner/work/echo-nightly/echo-nightly/build/DerivedData/Build/Intermediates.noindex/iosApp.build/Debug-iphonesimulator/iosApp.build/ResourceManagerResources
    export REZ_OBJECTS_DIR\=/Users/runner/work/echo-nightly/echo-nightly/build/DerivedData/Build/Intermediates.noindex/iosApp.build/Debug-iphonesimulator/iosApp.build/ResourceManagerResources/Objects
    export REZ_SEARCH_PATHS\=/Users/runner/work/echo-nightly/echo-nightly/build/DerivedData/Build/Products/Debug-iphonesimulator\ 
    export RPATH_ORIGIN\=@loader_path
    export RUNTIME_EXCEPTION_ALLOW_DYLD_ENVIRONMENT_VARIABLES\=NO
    export RUNTIME_EXCEPTION_ALLOW_JIT\=NO
    export RUNTIME_EXCEPTION_ALLOW_UNSIGNED_EXECUTABLE_MEMORY\=NO
    export RUNTIME_EXCEPTION_DEBUGGING_TOOL\=NO
    export RUNTIME_EXCEPTION_DISABLE_EXECUTABLE_PAGE_PROTECTION\=NO
    export RUNTIME_EXCEPTION_DISABLE_LIBRARY_VALIDATION\=NO
    export SCANNING_PCM_KEEP_CACHE_DIRECTORY\=YES
    export SCAN_ALL_SOURCE_FILES_FOR_INCLUDES\=NO
    export SCRIPTS_FOLDER_PATH\=iosApp.app/Scripts
    export SCRIPT_INPUT_FILE_COUNT\=0
    export SCRIPT_INPUT_FILE_LIST_COUNT\=0
    export SCRIPT_OUTPUT_FILE_0\=/Users/runner/work/echo-nightly/echo-nightly/build/DerivedData/Build/Products/Debug-iphonesimulator/iosApp.app/Frameworks/ComposeApp.framework
    export SCRIPT_OUTPUT_FILE_COUNT\=1
    export SCRIPT_OUTPUT_FILE_LIST_COUNT\=0
    export SDKROOT\=/Applications/Xcode_26.6.app/Contents/Developer/Platforms/iPhoneSimulator.platform/Developer/SDKs/iPhoneSimulator26.5.sdk
    export SDK_DIR\=/Applications/Xcode_26.6.app/Contents/Developer/Platforms/iPhoneSimulator.platform/Developer/SDKs/iPhoneSimulator26.5.sdk
    export SDK_DIR_iphonesimulator\=/Applications/Xcode_26.6.app/Contents/Developer/Platforms/iPhoneSimulator.platform/Developer/SDKs/iPhoneSimulator26.5.sdk
    export SDK_DIR_iphonesimulator26_5\=/Applications/Xcode_26.6.app/Contents/Developer/Platforms/iPhoneSimulator.platform/Developer/SDKs/iPhoneSimulator26.5.sdk
    export SDK_NAME\=iphonesimulator26.5
    export SDK_NAMES\=iphonesimulator26.5
    export SDK_PRODUCT_BUILD_VERSION\=23F81a
    export SDK_STAT_CACHE_DIR\=/Users/runner/work/echo-nightly/echo-nightly/build/DerivedData
    export SDK_STAT_CACHE_ENABLE\=YES
    export SDK_STAT_CACHE_PATH\=/Users/runner/work/echo-nightly/echo-nightly/build/DerivedData/SDKStatCaches.noindex/iphonesimulator26.5-23F81a-688ef53f1462e2c8f657fdc38a81448ff45c64a1807a658693f2a61704f17a36.sdkstatcache
    export SDK_VERSION\=26.5
    export SDK_VERSION_ACTUAL\=260500
    export SDK_VERSION_MAJOR\=260000
    export SDK_VERSION_MINOR\=260500
    export SED\=/usr/bin/sed
    export SEPARATE_STRIP\=NO
    export SEPARATE_SYMBOL_EDIT\=NO
    export SET_DIR_MODE_OWNER_GROUP\=YES
    export SET_FILE_MODE_OWNER_GROUP\=NO
    export SHALLOW_BUNDLE\=YES
    export SHALLOW_BUNDLE_TRIPLE\=ios-simulator
    export SHALLOW_BUNDLE_ios_macabi\=NO
    export SHALLOW_BUNDLE_macos\=NO
    export SHARED_DERIVED_FILE_DIR\=/Users/runner/work/echo-nightly/echo-nightly/build/DerivedData/Build/Products/Debug-iphonesimulator/DerivedSources
    export SHARED_FRAMEWORKS_FOLDER_PATH\=iosApp.app/SharedFrameworks
    export SHARED_PRECOMPS_DIR\=/Users/runner/work/echo-nightly/echo-nightly/build/DerivedData/Build/Intermediates.noindex/PrecompiledHeaders
    export SHARED_SUPPORT_FOLDER_PATH\=iosApp.app/SharedSupport
    export SKIP_INSTALL\=NO
    export SKIP_MERGEABLE_LIBRARY_BUNDLE_HOOK\=NO
    export SOURCE_ROOT\=/Users/runner/work/echo-nightly/echo-nightly/iosApp
    export SRCROOT\=/Users/runner/work/echo-nightly/echo-nightly/iosApp
    export STRINGSDATA_DIR\=/Users/runner/work/echo-nightly/echo-nightly/build/DerivedData/Build/Intermediates.noindex/iosApp.build/Debug-iphonesimulator/iosApp.build/Objects-normal/undefined_arch
    export STRINGSDATA_ROOT\=/Users/runner/work/echo-nightly/echo-nightly/build/DerivedData/Build/Intermediates.noindex/iosApp.build/Debug-iphonesimulator/iosApp.build
    export STRINGS_FILE_INFOPLIST_RENAME\=YES
    export STRINGS_FILE_OUTPUT_ENCODING\=binary
    export STRING_CATALOG_GENERATE_SYMBOLS\=NO
    export STRIP_BITCODE_FROM_COPIED_FILES\=NO
    export STRIP_INSTALLED_PRODUCT\=NO
    export STRIP_STYLE\=all
    export STRIP_SWIFT_SYMBOLS\=YES
    export SUPPORTED_DEVICE_FAMILIES\=1,2
    export SUPPORTED_PLATFORMS\=iphoneos\ iphonesimulator
    export SUPPORTS_MACCATALYST\=NO
    export SUPPORTS_ON_DEMAND_RESOURCES\=YES
    export SUPPORTS_TEXT_BASED_API\=NO
    export SUPPRESS_WARNINGS\=NO
    export SWIFT_ACTIVE_COMPILATION_CONDITIONS\=DEBUG
    export SWIFT_EMIT_CONST_VALUE_PROTOCOLS\=AnyResolverProviding\ AppEntity\ AppEnum\ AppExtension\ AppIntent\ AppIntentsPackage\ AppShortcutProviding\ AppShortcutsProvider\ DynamicOptionsProvider\ EntityQuery\ ExtensionPointDefining\ IntentValueQuery\ Resolver\ TransientEntity\ _AssistantIntentsProvider\ _GenerativeFunctionExtractable\ _IntentValueRepresentable
    export SWIFT_EMIT_LOC_STRINGS\=NO
    export SWIFT_ENABLE_EXPLICIT_MODULES\=YES
    export SWIFT_OPTIMIZATION_LEVEL\=-Onone
    export SWIFT_PLATFORM_TARGET_PREFIX\=ios
    export SWIFT_RESPONSE_FILE_PATH_normal_arm64\=/Users/runner/work/echo-nightly/echo-nightly/build/DerivedData/Build/Intermediates.noindex/iosApp.build/Debug-iphonesimulator/iosApp.build/Objects-normal/arm64/iosApp.SwiftFileList
    export SWIFT_VERSION\=5.0
    export SYMROOT\=/Users/runner/work/echo-nightly/echo-nightly/build/DerivedData/Build/Products
    export SYSTEM_ADMIN_APPS_DIR\=/Applications/Utilities
    export SYSTEM_APPS_DIR\=/Applications
    export SYSTEM_CORE_SERVICES_DIR\=/System/Library/CoreServices
    export SYSTEM_DEMOS_DIR\=/Applications/Extras
    export SYSTEM_DEVELOPER_APPS_DIR\=/Applications/Xcode_26.6.app/Contents/Developer/Applications
    export SYSTEM_DEVELOPER_BIN_DIR\=/Applications/Xcode_26.6.app/Contents/Developer/usr/bin
    export SYSTEM_DEVELOPER_DEMOS_DIR\=/Applications/Xcode_26.6.app/Contents/Developer/Applications/Utilities/Built\ Examples
    export SYSTEM_DEVELOPER_DIR\=/Applications/Xcode_26.6.app/Contents/Developer
    export SYSTEM_DEVELOPER_DOC_DIR\=/Applications/Xcode_26.6.app/Contents/Developer/ADC\ Reference\ Library
    export SYSTEM_DEVELOPER_GRAPHICS_TOOLS_DIR\=/Applications/Xcode_26.6.app/Contents/Developer/Applications/Graphics\ Tools
    export SYSTEM_DEVELOPER_JAVA_TOOLS_DIR\=/Applications/Xcode_26.6.app/Contents/Developer/Applications/Java\ Tools
    export SYSTEM_DEVELOPER_PERFORMANCE_TOOLS_DIR\=/Applications/Xcode_26.6.app/Contents/Developer/Applications/Performance\ Tools
    export SYSTEM_DEVELOPER_RELEASENOTES_DIR\=/Applications/Xcode_26.6.app/Contents/Developer/ADC\ Reference\ Library/releasenotes
    export SYSTEM_DEVELOPER_TOOLS\=/Applications/Xcode_26.6.app/Contents/Developer/Tools
    export SYSTEM_DEVELOPER_TOOLS_DOC_DIR\=/Applications/Xcode_26.6.app/Contents/Developer/ADC\ Reference\ Library/documentation/DeveloperTools
    export SYSTEM_DEVELOPER_TOOLS_RELEASENOTES_DIR\=/Applications/Xcode_26.6.app/Contents/Developer/ADC\ Reference\ Library/releasenotes/DeveloperTools
    export SYSTEM_DEVELOPER_USR_DIR\=/Applications/Xcode_26.6.app/Contents/Developer/usr
    export SYSTEM_DEVELOPER_UTILITIES_DIR\=/Applications/Xcode_26.6.app/Contents/Developer/Applications/Utilities
    export SYSTEM_DEXT_INSTALL_PATH\=/System/Library/DriverExtensions
    export SYSTEM_DOCUMENTATION_DIR\=/Library/Documentation
    export SYSTEM_EXTENSIONS_FOLDER_PATH\=iosApp.app/SystemExtensions
    export SYSTEM_EXTENSIONS_FOLDER_PATH_SHALLOW_BUNDLE_NO\=iosApp.app/Library/SystemExtensions
    export SYSTEM_EXTENSIONS_FOLDER_PATH_SHALLOW_BUNDLE_YES\=iosApp.app/SystemExtensions
    export SYSTEM_KEXT_INSTALL_PATH\=/System/Library/Extensions
    export SYSTEM_LIBRARY_DIR\=/System/Library
    export TAPI_DEMANGLE\=YES
    export TAPI_ENABLE_PROJECT_HEADERS\=NO
    export TAPI_LANGUAGE\=objective-c
    export TAPI_LANGUAGE_STANDARD\=compiler-default
    export TAPI_USE_SRCROOT\=YES
    export TAPI_VERIFY_MODE\=Pedantic
    export TARGETED_DEVICE_FAMILY\=1,2
    export TARGETNAME\=iosApp
    export TARGET_BUILD_DIR\=/Users/runner/work/echo-nightly/echo-nightly/build/DerivedData/Build/Products/Debug-iphonesimulator
    export TARGET_DEVICE_IDENTIFIER\=0130C0CE-9E1A-4769-A6A0-FA820D0295E6
    export TARGET_DEVICE_MODEL\=iPhone18,1
    export TARGET_DEVICE_OS_VERSION\=26.5
    export TARGET_DEVICE_PLATFORM_NAME\=iphonesimulator
    export TARGET_NAME\=iosApp
    export TARGET_TEMP_DIR\=/Users/runner/work/echo-nightly/echo-nightly/build/DerivedData/Build/Intermediates.noindex/iosApp.build/Debug-iphonesimulator/iosApp.build
    export TEMP_DIR\=/Users/runner/work/echo-nightly/echo-nightly/build/DerivedData/Build/Intermediates.noindex/iosApp.build/Debug-iphonesimulator/iosApp.build
    export TEMP_FILES_DIR\=/Users/runner/work/echo-nightly/echo-nightly/build/DerivedData/Build/Intermediates.noindex/iosApp.build/Debug-iphonesimulator/iosApp.build
    export TEMP_FILE_DIR\=/Users/runner/work/echo-nightly/echo-nightly/build/DerivedData/Build/Intermediates.noindex/iosApp.build/Debug-iphonesimulator/iosApp.build
    export TEMP_ROOT\=/Users/runner/work/echo-nightly/echo-nightly/build/DerivedData/Build/Intermediates.noindex
    export TEMP_SANDBOX_DIR\=/Users/runner/work/echo-nightly/echo-nightly/build/DerivedData/Build/Intermediates.noindex/TemporaryTaskSandboxes
    export TEST_FRAMEWORK_SEARCH_PATHS\=\ /Applications/Xcode_26.6.app/Contents/Developer/Platforms/iPhoneSimulator.platform/Developer/Library/Frameworks\ /Applications/Xcode_26.6.app/Contents/Developer/Platforms/iPhoneSimulator.platform/Developer/SDKs/iPhoneSimulator26.5.sdk/Developer/Library/Frameworks
    export TEST_LIBRARY_SEARCH_PATHS\=\ /Applications/Xcode_26.6.app/Contents/Developer/Platforms/iPhoneSimulator.platform/Developer/usr/lib
    export TOOLCHAINS\=com.apple.dt.toolchain.Metal.32023.883\ com.apple.dt.toolchain.XcodeDefault
    export TOOLCHAIN_DIR\=/var/run/com.apple.security.cryptexd/mnt/com.apple.MobileAsset.MetalToolchain-v17.6.109.0.5CuhRO/Metal.xctoolchain
    export TOOLCHAIN_VERSION\=32023.883
    export TREAT_MISSING_BASELINES_AS_TEST_FAILURES\=NO
    export TREAT_MISSING_SCRIPT_PHASE_OUTPUTS_AS_ERRORS\=NO
    export UID\=501
    export UNINSTALLED_PRODUCTS_DIR\=/Users/runner/work/echo-nightly/echo-nightly/build/DerivedData/Build/Intermediates.noindex/UninstalledProducts
    export UNLOCALIZED_RESOURCES_FOLDER_PATH\=iosApp.app
    export UNLOCALIZED_RESOURCES_FOLDER_PATH_SHALLOW_BUNDLE_NO\=iosApp.app/Resources
    export UNLOCALIZED_RESOURCES_FOLDER_PATH_SHALLOW_BUNDLE_YES\=iosApp.app
    export UNSTRIPPED_PRODUCT\=NO
    export USER\=runner
    export USER_APPS_DIR\=/Users/runner/Applications
    export USER_LIBRARY_DIR\=/Users/runner/Library
    export USE_DYNAMIC_NO_PIC\=YES
    export USE_HEADERMAP\=YES
    export USE_HEADER_SYMLINKS\=NO
    export VALIDATE_DEVELOPMENT_ASSET_PATHS\=YES_ERROR
    export VALIDATE_PRODUCT\=NO
    export VALID_ARCHS\=arm64\ x86_64
    export VERBOSE_PBXCP\=NO
    export VERSIONPLIST_PATH\=iosApp.app/version.plist
    export VERSION_INFO_BUILDER\=runner
    export VERSION_INFO_FILE\=iosApp_vers.c
    export VERSION_INFO_STRING\=\"@\(\#\)PROGRAM:iosApp\ \ PROJECT:iosApp-1\"
    export WORKSPACE_DIR\=/Users/runner/work/echo-nightly/echo-nightly/iosApp/iosApp.xcodeproj
    export WRAPPER_EXTENSION\=app
    export WRAPPER_NAME\=iosApp.app
    export WRAPPER_SUFFIX\=.app
    export WRAP_ASSET_PACKS_IN_SEPARATE_DIRECTORIES\=NO
    export XCODE_APP_SUPPORT_DIR\=/Applications/Xcode_26.6.app/Contents/Developer/Library/Xcode
    export XCODE_PRODUCT_BUILD_VERSION\=17F113
    export XCODE_VERSION_ACTUAL\=2660
    export XCODE_VERSION_MAJOR\=2600
    export XCODE_VERSION_MINOR\=2660
    export XPCSERVICES_FOLDER_PATH\=iosApp.app/XPCServices
    export YACC\=yacc
    export _DISCOVER_COMMAND_LINE_LINKER_INPUTS\=YES
    export _DISCOVER_COMMAND_LINE_LINKER_INPUTS_INCLUDE_WL\=YES
    export _LD_MULTIARCH\=YES
    export _WRAPPER_CONTENTS_DIR_SHALLOW_BUNDLE_NO\=/Contents
    export _WRAPPER_PARENT_PATH_SHALLOW_BUNDLE_NO\=/..
    export _WRAPPER_RESOURCES_DIR_SHALLOW_BUNDLE_NO\=/Resources
    export __DIAGNOSE_DEPRECATED_ARCHS\=YES
    export __IS_NOT_MACOS\=YES
    export __IS_NOT_MACOS_macosx\=NO
    export __IS_NOT_SIMULATOR\=NO
    export __IS_NOT_SIMULATOR_simulator\=NO
    export __ORIGINAL_SDK_DEFINED_LLVM_TARGET_TRIPLE_SYS\=ios
    export arch\=undefined_arch
    export variant\=normal
    /bin/sh -c /Users/runner/work/echo-nightly/echo-nightly/build/DerivedData/Build/Intermediates.noindex/iosApp.build/Debug-iphonesimulator/iosApp.build/Script-E6000000000000000000000C.sh
Reusing configuration cache.
> Task :common:checkKotlinGradlePluginConfigurationErrors SKIPPED
> Task :composeApp:checkSandboxAndWriteProtection
> Task :composeApp:convertXmlValueResourcesForAppleMain NO-SOURCE
> Task :composeApp:checkKotlinGradlePluginConfigurationErrors SKIPPED
> Task :composeApp:convertXmlValueResourcesForCommonMain NO-SOURCE
> Task :composeApp:copyNonXmlValueResourcesForAppleMain NO-SOURCE
> Task :composeApp:copyNonXmlValueResourcesForCommonMain NO-SOURCE
> Task :composeApp:prepareComposeResourcesTaskForCommonMain NO-SOURCE
> Task :composeApp:generateResourceAccessorsForCommonMain SKIPPED
> Task :composeApp:prepareComposeResourcesTaskForAppleMain NO-SOURCE
> Task :composeApp:convertXmlValueResourcesForIosMain NO-SOURCE
> Task :composeApp:generateResourceAccessorsForAppleMain SKIPPED
> Task :composeApp:convertXmlValueResourcesForIosSimulatorArm64Main NO-SOURCE
> Task :composeApp:copyNonXmlValueResourcesForIosMain NO-SOURCE
> Task :composeApp:copyNonXmlValueResourcesForIosSimulatorArm64Main NO-SOURCE
> Task :composeApp:prepareComposeResourcesTaskForIosMain NO-SOURCE
> Task :composeApp:prepareComposeResourcesTaskForIosSimulatorArm64Main NO-SOURCE
> Task :composeApp:generateResourceAccessorsForIosMain SKIPPED
> Task :composeApp:generateResourceAccessorsForIosSimulatorArm64Main SKIPPED
> Task :composeApp:convertXmlValueResourcesForNativeMain NO-SOURCE
> Task :composeApp:copyNonXmlValueResourcesForNativeMain NO-SOURCE
> Task :composeApp:prepareComposeResourcesTaskForNativeMain NO-SOURCE
> Task :composeApp:generateComposeResClass SKIPPED
> Task :composeApp:generateResourceAccessorsForNativeMain SKIPPED
> Task :composeApp:generateExpectResourceCollectorsForCommonMain SKIPPED
> Task :composeApp:generateActualResourceCollectorsForIosSimulatorArm64Main SKIPPED
> Task :composeApp:createBuildSystemDirectory
> Task :composeApp:checkCanSyncComposeResourcesForIos
> Task :composeApp:symbolicLinkToAssembleDebugAppleFrameworkForXcodeIosSimulatorArm64 UP-TO-DATE
> Task :composeApp:iosArm64ResolveResourcesFromDependencies UP-TO-DATE
> Task :composeApp:copyNonXmlValueResourcesForIosArm64Main NO-SOURCE
> Task :composeApp:iosSimulatorArm64ResolveResourcesFromDependencies UP-TO-DATE
> Task :composeApp:convertXmlValueResourcesForIosArm64Main NO-SOURCE
> Task :composeApp:assembleIosSimulatorArm64MainResources UP-TO-DATE
> Task :composeApp:prepareComposeResourcesTaskForIosArm64Main NO-SOURCE
> Task :composeApp:iosSimulatorArm64ResolveSelfResourcesCopyHierarchicalMultiplatformResources UP-TO-DATE
> Task :composeApp:assembleIosArm64MainResources UP-TO-DATE
> Task :composeApp:iosSimulatorArm64AggregateResources UP-TO-DATE
> Task :composeApp:iosArm64ResolveSelfResourcesCopyHierarchicalMultiplatformResources UP-TO-DATE
> Task :composeApp:iosX64ResolveResourcesFromDependencies UP-TO-DATE
> Task :composeApp:iosArm64AggregateResources UP-TO-DATE
> Task :composeApp:convertXmlValueResourcesForIosX64Main NO-SOURCE
> Task :composeApp:copyNonXmlValueResourcesForIosX64Main NO-SOURCE
> Task :composeApp:prepareComposeResourcesTaskForIosX64Main NO-SOURCE
> Task :composeApp:assembleIosX64MainResources UP-TO-DATE
> Task :composeApp:iosX64ResolveSelfResourcesCopyHierarchicalMultiplatformResources UP-TO-DATE
> Task :composeApp:iosX64AggregateResources UP-TO-DATE
> Task :composeApp:syncComposeResourcesForIos UP-TO-DATE
> Task :common:compileKotlinIosSimulatorArm64 UP-TO-DATE
> Task :composeApp:compileKotlinIosSimulatorArm64 UP-TO-DATE
> Task :composeApp:linkDebugFrameworkIosSimulatorArm64 UP-TO-DATE
> Task :composeApp:assembleDebugAppleFrameworkForXcodeIosSimulatorArm64 UP-TO-DATE
> Task :composeApp:copyDsymForEmbedAndSignAppleFrameworkForXcode SKIPPED
> Task :composeApp:embedAndSignAppleFrameworkForXcode SKIPPED
gradle/actions: Writing build results to /Users/runner/work/_temp/.gradle-actions/build-results/__run_8-1788698025520.json

BUILD SUCCESSFUL in 1s
21 actionable tasks: 3 executed, 18 up-to-date
Configuration cache entry reused.

ProcessInfoPlistFile /Users/runner/work/echo-nightly/echo-nightly/build/DerivedData/Build/Products/Debug-iphonesimulator/iosApp.app/Info.plist /Users/runner/work/echo-nightly/echo-nightly/iosApp/iosApp/Info.plist (in target 'iosApp' from project 'iosApp')
    cd /Users/runner/work/echo-nightly/echo-nightly/iosApp
    builtin-infoPlistUtility /Users/runner/work/echo-nightly/echo-nightly/iosApp/iosApp/Info.plist -producttype com.apple.product-type.application -genpkginfo /Users/runner/work/echo-nightly/echo-nightly/build/DerivedData/Build/Products/Debug-iphonesimulator/iosApp.app/PkgInfo -expandbuildsettings -format binary -platform iphonesimulator -o /Users/runner/work/echo-nightly/echo-nightly/build/DerivedData/Build/Products/Debug-iphonesimulator/iosApp.app/Info.plist

Copy /Users/runner/work/echo-nightly/echo-nightly/build/DerivedData/Build/Products/Debug-iphonesimulator/iosApp.app/Frameworks/libXCTestSwiftSupport.dylib /Applications/Xcode_26.6.app/Contents/Developer/Platforms/iPhoneSimulator.platform/Developer/usr/lib/libXCTestSwiftSupport.dylib (in target 'iosApp' from project 'iosApp')
    cd /Users/runner/work/echo-nightly/echo-nightly/iosApp
    builtin-copy -exclude .DS_Store -exclude CVS -exclude .svn -exclude .git -exclude .hg -exclude Headers -exclude PrivateHeaders -exclude Modules -exclude \*.tbd -resolve-src-symlinks /Applications/Xcode_26.6.app/Contents/Developer/Platforms/iPhoneSimulator.platform/Developer/usr/lib/libXCTestSwiftSupport.dylib /Users/runner/work/echo-nightly/echo-nightly/build/DerivedData/Build/Products/Debug-iphonesimulator/iosApp.app/Frameworks

Copy /Users/runner/work/echo-nightly/echo-nightly/build/DerivedData/Build/Products/Debug-iphonesimulator/iosApp.app/Frameworks/libXCTestBundleInject.dylib /Applications/Xcode_26.6.app/Contents/Developer/Platforms/iPhoneSimulator.platform/Developer/usr/lib/libXCTestBundleInject.dylib (in target 'iosApp' from project 'iosApp')
    cd /Users/runner/work/echo-nightly/echo-nightly/iosApp
    builtin-copy -exclude .DS_Store -exclude CVS -exclude .svn -exclude .git -exclude .hg -exclude Headers -exclude PrivateHeaders -exclude Modules -exclude \*.tbd -resolve-src-symlinks /Applications/Xcode_26.6.app/Contents/Developer/Platforms/iPhoneSimulator.platform/Developer/usr/lib/libXCTestBundleInject.dylib /Users/runner/work/echo-nightly/echo-nightly/build/DerivedData/Build/Products/Debug-iphonesimulator/iosApp.app/Frameworks

Copy /Users/runner/work/echo-nightly/echo-nightly/build/DerivedData/Build/Products/Debug-iphonesimulator/iosApp.app/Frameworks/XCUnit.framework /Applications/Xcode_26.6.app/Contents/Developer/Platforms/iPhoneSimulator.platform/Developer/Library/PrivateFrameworks/XCUnit.framework (in target 'iosApp' from project 'iosApp')
    cd /Users/runner/work/echo-nightly/echo-nightly/iosApp
    builtin-copy -exclude .DS_Store -exclude CVS -exclude .svn -exclude .git -exclude .hg -exclude Headers -exclude PrivateHeaders -exclude Modules -exclude \*.tbd -resolve-src-symlinks /Applications/Xcode_26.6.app/Contents/Developer/Platforms/iPhoneSimulator.platform/Developer/Library/PrivateFrameworks/XCUnit.framework /Users/runner/work/echo-nightly/echo-nightly/build/DerivedData/Build/Products/Debug-iphonesimulator/iosApp.app/Frameworks

Copy /Users/runner/work/echo-nightly/echo-nightly/build/DerivedData/Build/Products/Debug-iphonesimulator/iosApp.app/Frameworks/XCUIAutomation.framework /Applications/Xcode_26.6.app/Contents/Developer/Platforms/iPhoneSimulator.platform/Developer/Library/Frameworks/XCUIAutomation.framework (in target 'iosApp' from project 'iosApp')
    cd /Users/runner/work/echo-nightly/echo-nightly/iosApp
    builtin-copy -exclude .DS_Store -exclude CVS -exclude .svn -exclude .git -exclude .hg -exclude Headers -exclude PrivateHeaders -exclude Modules -exclude \*.tbd -resolve-src-symlinks /Applications/Xcode_26.6.app/Contents/Developer/Platforms/iPhoneSimulator.platform/Developer/Library/Frameworks/XCUIAutomation.framework /Users/runner/work/echo-nightly/echo-nightly/build/DerivedData/Build/Products/Debug-iphonesimulator/iosApp.app/Frameworks

Copy /Users/runner/work/echo-nightly/echo-nightly/build/DerivedData/Build/Products/Debug-iphonesimulator/iosApp.app/Frameworks/XCTestSupport.framework /Applications/Xcode_26.6.app/Contents/Developer/Platforms/iPhoneSimulator.platform/Developer/Library/PrivateFrameworks/XCTestSupport.framework (in target 'iosApp' from project 'iosApp')
    cd /Users/runner/work/echo-nightly/echo-nightly/iosApp
    builtin-copy -exclude .DS_Store -exclude CVS -exclude .svn -exclude .git -exclude .hg -exclude Headers -exclude PrivateHeaders -exclude Modules -exclude \*.tbd -resolve-src-symlinks /Applications/Xcode_26.6.app/Contents/Developer/Platforms/iPhoneSimulator.platform/Developer/Library/PrivateFrameworks/XCTestSupport.framework /Users/runner/work/echo-nightly/echo-nightly/build/DerivedData/Build/Products/Debug-iphonesimulator/iosApp.app/Frameworks

Copy /Users/runner/work/echo-nightly/echo-nightly/build/DerivedData/Build/Products/Debug-iphonesimulator/iosApp.app/Frameworks/XCTestCore.framework /Applications/Xcode_26.6.app/Contents/Developer/Platforms/iPhoneSimulator.platform/Developer/Library/PrivateFrameworks/XCTestCore.framework (in target 'iosApp' from project 'iosApp')
    cd /Users/runner/work/echo-nightly/echo-nightly/iosApp
    builtin-copy -exclude .DS_Store -exclude CVS -exclude .svn -exclude .git -exclude .hg -exclude Headers -exclude PrivateHeaders -exclude Modules -exclude \*.tbd -resolve-src-symlinks /Applications/Xcode_26.6.app/Contents/Developer/Platforms/iPhoneSimulator.platform/Developer/Library/PrivateFrameworks/XCTestCore.framework /Users/runner/work/echo-nightly/echo-nightly/build/DerivedData/Build/Products/Debug-iphonesimulator/iosApp.app/Frameworks

Copy /Users/runner/work/echo-nightly/echo-nightly/build/DerivedData/Build/Products/Debug-iphonesimulator/iosApp.app/Frameworks/XCTest.framework /Applications/Xcode_26.6.app/Contents/Developer/Platforms/iPhoneSimulator.platform/Developer/Library/Frameworks/XCTest.framework (in target 'iosApp' from project 'iosApp')
    cd /Users/runner/work/echo-nightly/echo-nightly/iosApp
    builtin-copy -exclude .DS_Store -exclude CVS -exclude .svn -exclude .git -exclude .hg -exclude Headers -exclude PrivateHeaders -exclude Modules -exclude \*.tbd -resolve-src-symlinks /Applications/Xcode_26.6.app/Contents/Developer/Platforms/iPhoneSimulator.platform/Developer/Library/Frameworks/XCTest.framework /Users/runner/work/echo-nightly/echo-nightly/build/DerivedData/Build/Products/Debug-iphonesimulator/iosApp.app/Frameworks

Copy /Users/runner/work/echo-nightly/echo-nightly/build/DerivedData/Build/Products/Debug-iphonesimulator/iosApp.app/Frameworks/XCTAutomationSupport.framework /Applications/Xcode_26.6.app/Contents/Developer/Platforms/iPhoneSimulator.platform/Developer/Library/PrivateFrameworks/XCTAutomationSupport.framework (in target 'iosApp' from project 'iosApp')
    cd /Users/runner/work/echo-nightly/echo-nightly/iosApp
    builtin-copy -exclude .DS_Store -exclude CVS -exclude .svn -exclude .git -exclude .hg -exclude Headers -exclude PrivateHeaders -exclude Modules -exclude \*.tbd -resolve-src-symlinks /Applications/Xcode_26.6.app/Contents/Developer/Platforms/iPhoneSimulator.platform/Developer/Library/PrivateFrameworks/XCTAutomationSupport.framework /Users/runner/work/echo-nightly/echo-nightly/build/DerivedData/Build/Products/Debug-iphonesimulator/iosApp.app/Frameworks

Copy /Users/runner/work/echo-nightly/echo-nightly/build/DerivedData/Build/Products/Debug-iphonesimulator/iosApp.app/Frameworks/Testing.framework /Applications/Xcode_26.6.app/Contents/Developer/Platforms/iPhoneSimulator.platform/Developer/Library/Frameworks/Testing.framework (in target 'iosApp' from project 'iosApp')
    cd /Users/runner/work/echo-nightly/echo-nightly/iosApp
    builtin-copy -exclude .DS_Store -exclude CVS -exclude .svn -exclude .git -exclude .hg -exclude Headers -exclude PrivateHeaders -exclude Modules -exclude \*.tbd -resolve-src-symlinks /Applications/Xcode_26.6.app/Contents/Developer/Platforms/iPhoneSimulator.platform/Developer/Library/Frameworks/Testing.framework /Users/runner/work/echo-nightly/echo-nightly/build/DerivedData/Build/Products/Debug-iphonesimulator/iosApp.app/Frameworks

CopySwiftLibs /Users/runner/work/echo-nightly/echo-nightly/build/DerivedData/Build/Products/Debug-iphonesimulator/iosApp.app (in target 'iosApp' from project 'iosApp')
    cd /Users/runner/work/echo-nightly/echo-nightly/iosApp
    builtin-swiftStdLibTool --copy --verbose --scan-executable /Users/runner/work/echo-nightly/echo-nightly/build/DerivedData/Build/Products/Debug-iphonesimulator/iosApp.app/iosApp.debug.dylib --scan-folder /Users/runner/work/echo-nightly/echo-nightly/build/DerivedData/Build/Products/Debug-iphonesimulator/iosApp.app/Frameworks --scan-folder /Users/runner/work/echo-nightly/echo-nightly/build/DerivedData/Build/Products/Debug-iphonesimulator/iosApp.app/PlugIns --scan-folder /Users/runner/work/echo-nightly/echo-nightly/build/DerivedData/Build/Products/Debug-iphonesimulator/iosApp.app/SystemExtensions --scan-folder /Users/runner/work/echo-nightly/echo-nightly/build/DerivedData/Build/Products/Debug-iphonesimulator/iosApp.app/Extensions --platform iphonesimulator --toolchain /var/run/com.apple.security.cryptexd/mnt/com.apple.MobileAsset.MetalToolchain-v17.6.109.0.5CuhRO/Metal.xctoolchain --toolchain /Applications/Xcode_26.6.app/Contents/Developer/Toolchains/XcodeDefault.xctoolchain --destination /Users/runner/work/echo-nightly/echo-nightly/build/DerivedData/Build/Products/Debug-iphonesimulator/iosApp.app/Frameworks --strip-bitcode --strip-bitcode-tool /Applications/Xcode_26.6.app/Contents/Developer/Toolchains/XcodeDefault.xctoolchain/usr/bin/bitcode_strip --emit-dependency-info /Users/runner/work/echo-nightly/echo-nightly/build/DerivedData/Build/Intermediates.noindex/iosApp.build/Debug-iphonesimulator/iosApp.build/SwiftStdLibToolInputDependencies.dep --filter-for-swift-os
Ignoring --strip-bitcode because --sign was not passed

SwiftDriver iosAppTests normal arm64 com.apple.xcode.tools.swift.compiler (in target 'iosAppTests' from project 'iosApp')
    cd /Users/runner/work/echo-nightly/echo-nightly/iosApp
    builtin-SwiftDriver -- /Applications/Xcode_26.6.app/Contents/Developer/Toolchains/XcodeDefault.xctoolchain/usr/bin/swiftc -module-name iosAppTests -Onone @/Users/runner/work/echo-nightly/echo-nightly/build/DerivedData/Build/Intermediates.noindex/iosApp.build/Debug-iphonesimulator/iosAppTests.build/Objects-normal/arm64/iosAppTests.SwiftFileList -plugin-path /Applications/Xcode_26.6.app/Contents/Developer/Toolchains/XcodeDefault.xctoolchain/usr/lib/swift/host/plugins/testing -enable-bare-slash-regex -enable-experimental-feature DebugDescriptionMacro -sdk /Applications/Xcode_26.6.app/Contents/Developer/Platforms/iPhoneSimulator.platform/Developer/SDKs/iPhoneSimulator26.5.sdk -target arm64-apple-ios15.0-simulator -g -module-cache-path /Users/runner/work/echo-nightly/echo-nightly/build/DerivedData/ModuleCache.noindex -Xfrontend -serialize-debugging-options -index-store-path /Users/runner/work/echo-nightly/echo-nightly/build/DerivedData/Index.noindex/DataStore -Xcc -D_LIBCPP_HARDENING_MODE\=_LIBCPP_HARDENING_MODE_DEBUG -swift-version 5 -I /Users/runner/work/echo-nightly/echo-nightly/build/DerivedData/Build/Products/Debug-iphonesimulator -Isystem /Applications/Xcode_26.6.app/Contents/Developer/Platforms/iPhoneSimulator.platform/Developer/usr/lib -F /Users/runner/work/echo-nightly/echo-nightly/build/DerivedData/Build/Products/Debug-iphonesimulator -F /Applications/Xcode_26.6.app/Contents/Developer/Platforms/iPhoneSimulator.platform/Developer/Library/Frameworks -F /Applications/Xcode_26.6.app/Contents/Developer/Platforms/iPhoneSimulator.platform/Developer/SDKs/iPhoneSimulator26.5.sdk/Developer/Library/Frameworks -parse-as-library -c -j3 -enable-batch-mode -incremental -Xcc -ivfsstatcache -Xcc /Users/runner/work/echo-nightly/echo-nightly/build/DerivedData/SDKStatCaches.noindex/iphonesimulator26.5-23F81a-688ef53f1462e2c8f657fdc38a81448ff45c64a1807a658693f2a61704f17a36.sdkstatcache -output-file-map /Users/runner/work/echo-nightly/echo-nightly/build/DerivedData/Build/Intermediates.noindex/iosApp.build/Debug-iphonesimulator/iosAppTests.build/Objects-normal/arm64/iosAppTests-OutputFileMap.json -use-frontend-parseable-output -save-temps -no-color-diagnostics -explicit-module-build -module-cache-path /Users/runner/work/echo-nightly/echo-nightly/build/DerivedData/Build/Intermediates.noindex/SwiftExplicitPrecompiledModules -clang-scanner-module-cache-path /Users/runner/work/echo-nightly/echo-nightly/build/DerivedData/ModuleCache.noindex -sdk-module-cache-path /Users/runner/work/echo-nightly/echo-nightly/build/DerivedData/ModuleCache.noindex -serialize-diagnostics -emit-dependencies -emit-module -emit-module-path /Users/runner/work/echo-nightly/echo-nightly/build/DerivedData/Build/Intermediates.noindex/iosApp.build/Debug-iphonesimulator/iosAppTests.build/Objects-normal/arm64/iosAppTests.swiftmodule -validate-clang-modules-once -clang-build-session-file /Users/runner/work/echo-nightly/echo-nightly/build/DerivedData/ModuleCache.noindex/Session.modulevalidation -Xcc -I/Users/runner/work/echo-nightly/echo-nightly/build/DerivedData/Build/Intermediates.noindex/iosApp.build/Debug-iphonesimulator/iosAppTests.build/swift-overrides.hmap -emit-const-values -Xfrontend -const-gather-protocols-file -Xfrontend /Users/runner/work/echo-nightly/echo-nightly/build/DerivedData/Build/Intermediates.noindex/iosApp.build/Debug-iphonesimulator/iosAppTests.build/Objects-normal/arm64/iosAppTests_const_extract_protocols.json -Xcc -iquote -Xcc /Users/runner/work/echo-nightly/echo-nightly/build/DerivedData/Build/Intermediates.noindex/iosApp.build/Debug-iphonesimulator/iosAppTests.build/iosAppTests-generated-files.hmap -Xcc -I/Users/runner/work/echo-nightly/echo-nightly/build/DerivedData/Build/Intermediates.noindex/iosApp.build/Debug-iphonesimulator/iosAppTests.build/iosAppTests-own-target-headers.hmap -Xcc -I/Users/runner/work/echo-nightly/echo-nightly/build/DerivedData/Build/Intermediates.noindex/iosApp.build/Debug-iphonesimulator/iosAppTests.build/iosAppTests-all-target-headers.hmap -Xcc -iquote -Xcc /Users/runner/work/echo-nightly/echo-nightly/build/DerivedData/Build/Intermediates.noindex/iosApp.build/Debug-iphonesimulator/iosAppTests.build/iosAppTests-project-headers.hmap -Xcc -I/Users/runner/work/echo-nightly/echo-nightly/build/DerivedData/Build/Products/Debug-iphonesimulator/include -Xcc -I/Users/runner/work/echo-nightly/echo-nightly/build/DerivedData/Build/Intermediates.noindex/iosApp.build/Debug-iphonesimulator/iosAppTests.build/DerivedSources-normal/arm64 -Xcc -I/Users/runner/work/echo-nightly/echo-nightly/build/DerivedData/Build/Intermediates.noindex/iosApp.build/Debug-iphonesimulator/iosAppTests.build/DerivedSources/arm64 -Xcc -I/Users/runner/work/echo-nightly/echo-nightly/build/DerivedData/Build/Intermediates.noindex/iosApp.build/Debug-iphonesimulator/iosAppTests.build/DerivedSources -emit-objc-header -emit-objc-header-path /Users/runner/work/echo-nightly/echo-nightly/build/DerivedData/Build/Intermediates.noindex/iosApp.build/Debug-iphonesimulator/iosAppTests.build/Objects-normal/arm64/iosAppTests-Swift.h -working-directory /Users/runner/work/echo-nightly/echo-nightly/iosApp -experimental-emit-module-separately -disable-cmo

ProcessInfoPlistFile /Users/runner/work/echo-nightly/echo-nightly/build/DerivedData/Build/Products/Debug-iphonesimulator/iosApp.app/PlugIns/iosAppTests.xctest/Info.plist /Users/runner/work/echo-nightly/echo-nightly/build/DerivedData/Build/Intermediates.noindex/iosApp.build/Debug-iphonesimulator/iosAppTests.build/empty-iosAppTests.plist (in target 'iosAppTests' from project 'iosApp')
    cd /Users/runner/work/echo-nightly/echo-nightly/iosApp
    builtin-infoPlistUtility /Users/runner/work/echo-nightly/echo-nightly/build/DerivedData/Build/Intermediates.noindex/iosApp.build/Debug-iphonesimulator/iosAppTests.build/empty-iosAppTests.plist -producttype com.apple.product-type.bundle.unit-test -expandbuildsettings -format binary -platform iphonesimulator -o /Users/runner/work/echo-nightly/echo-nightly/build/DerivedData/Build/Products/Debug-iphonesimulator/iosApp.app/PlugIns/iosAppTests.xctest/Info.plist

SwiftExplicitDependencyGeneratePcm arm64 /Users/runner/work/echo-nightly/echo-nightly/build/DerivedData/ModuleCache.noindex/_Builtin_stddef-93410LOXYM0N9LR6EFUVAXOBN.pcm

SwiftExplicitDependencyGeneratePcm arm64 /Users/runner/work/echo-nightly/echo-nightly/build/DerivedData/ModuleCache.noindex/DeveloperToolsSupport-7RWTXD2LFKCXW3NBQD0NIR9VF.pcm

SwiftExplicitDependencyGeneratePcm arm64 /Users/runner/work/echo-nightly/echo-nightly/build/DerivedData/ModuleCache.noindex/_SwiftConcurrencyShims-6CGSTXTCZWO8RFLA1KLAFHC5N.pcm

SwiftExplicitDependencyGeneratePcm arm64 /Users/runner/work/echo-nightly/echo-nightly/build/DerivedData/ModuleCache.noindex/SwiftShims-2MZSYGO1Y2XI0GKIRMQYAFTEJ.pcm

SwiftExplicitDependencyGeneratePcm arm64 /Users/runner/work/echo-nightly/echo-nightly/build/DerivedData/ModuleCache.noindex/ptrcheck-B1FFKP018QZMVM1TG4TSKO57Q.pcm

SwiftExplicitDependencyGeneratePcm arm64 /Users/runner/work/echo-nightly/echo-nightly/build/DerivedData/ModuleCache.noindex/_Builtin_stdbool-63QL0WVG8300E0ZT58SL61IQS.pcm

SwiftExplicitDependencyGeneratePcm arm64 /Users/runner/work/echo-nightly/echo-nightly/build/DerivedData/ModuleCache.noindex/_Builtin_float-A9TVX6JLRXSCRLJC9GY9YLGW6.pcm

SwiftExplicitDependencyGeneratePcm arm64 /Users/runner/work/echo-nightly/echo-nightly/build/DerivedData/ModuleCache.noindex/_Builtin_stdarg-9JI3DJA8LA2NUI2UKCD1UIWIS.pcm

SwiftExplicitDependencyGeneratePcm arm64 /Users/runner/work/echo-nightly/echo-nightly/build/DerivedData/ModuleCache.noindex/ptrauth-EVZZ8VLJ9RV2W9WDSJ6DOZMTB.pcm

SwiftExplicitDependencyGeneratePcm arm64 /Users/runner/work/echo-nightly/echo-nightly/build/DerivedData/ModuleCache.noindex/_AvailabilityInternal-A6IACF0XDNNMSQ7X0QFIKNT4J.pcm

SwiftExplicitDependencyGeneratePcm arm64 /Users/runner/work/echo-nightly/echo-nightly/build/DerivedData/ModuleCache.noindex/_DarwinFoundation1-2MJ77UI6BRKMSRHY9C5LRQYZ5.pcm

SwiftExplicitDependencyGeneratePcm arm64 /Users/runner/work/echo-nightly/echo-nightly/build/DerivedData/ModuleCache.noindex/_Builtin_limits-348KTTLII8UVLES8DMNTP6NZW.pcm

SwiftExplicitDependencyGeneratePcm arm64 /Users/runner/work/echo-nightly/echo-nightly/build/DerivedData/ModuleCache.noindex/_DarwinFoundation2-17RVPRUXWZ2CWILQWGGKCTUKN.pcm

SwiftExplicitDependencyGeneratePcm arm64 /Users/runner/work/echo-nightly/echo-nightly/build/DerivedData/ModuleCache.noindex/_Builtin_stdint-1L0RGFV3SKTQQLLDWCMCVFGK2.pcm

SwiftExplicitDependencyGeneratePcm arm64 /Users/runner/work/echo-nightly/echo-nightly/build/DerivedData/ModuleCache.noindex/sys_types-9ZCT712E93CEBPGPXRBEQR42M.pcm

SwiftExplicitDependencyGeneratePcm arm64 /Users/runner/work/echo-nightly/echo-nightly/build/DerivedData/ModuleCache.noindex/_Builtin_tgmath-4MK5ZK4079BO1YSZVN6ZSJQWK.pcm

SwiftExplicitDependencyGeneratePcm arm64 /Users/runner/work/echo-nightly/echo-nightly/build/DerivedData/ModuleCache.noindex/_Builtin_stdatomic-7S3P70EVDW7GCCGGINCG3CRBV.pcm

SwiftExplicitDependencyGeneratePcm arm64 /Users/runner/work/echo-nightly/echo-nightly/build/DerivedData/ModuleCache.noindex/_DarwinFoundation3-DRI8J0GMIR5FR4EP5F0QM7JKB.pcm

SwiftExplicitDependencyGeneratePcm arm64 /Users/runner/work/echo-nightly/echo-nightly/build/DerivedData/ModuleCache.noindex/_Builtin_intrinsics-97T829S93N2VSQOKYZ9LHPQ09.pcm

SwiftExplicitDependencyGeneratePcm arm64 /Users/runner/work/echo-nightly/echo-nightly/build/DerivedData/ModuleCache.noindex/_Builtin_inttypes-UK6UOUPPBQ12RAOYT2NYKVDJ.pcm

SwiftExplicitDependencyGeneratePcm arm64 /Users/runner/work/echo-nightly/echo-nightly/build/DerivedData/ModuleCache.noindex/Darwin-8WE88O0NP4F9K5WKQ1PQLS256.pcm

SwiftExplicitDependencyGeneratePcm arm64 /Users/runner/work/echo-nightly/echo-nightly/build/DerivedData/ModuleCache.noindex/simd-C65DRHSFVE9WEG9F9INSGNRQW.pcm

SwiftExplicitDependencyGeneratePcm arm64 /Users/runner/work/echo-nightly/echo-nightly/build/DerivedData/ModuleCache.noindex/ObjectiveC-9JYZCENRZCZG5HZ2D4U94G7XR.pcm

SwiftExplicitDependencyGeneratePcm arm64 /Users/runner/work/echo-nightly/echo-nightly/build/DerivedData/ModuleCache.noindex/MachO-35H7Z8WHQ98DKFUD27TAGD6FK.pcm

SwiftExplicitDependencyGeneratePcm arm64 /Users/runner/work/echo-nightly/echo-nightly/build/DerivedData/ModuleCache.noindex/os_object-GI0M62J1XPL7FLF76V6EM8Z8.pcm

SwiftExplicitDependencyGeneratePcm arm64 /Users/runner/work/echo-nightly/echo-nightly/build/DerivedData/ModuleCache.noindex/os_workgroup-543IFJKD5KFMS59MVP74QXCG8.pcm

SwiftExplicitDependencyGeneratePcm arm64 /Users/runner/work/echo-nightly/echo-nightly/build/DerivedData/ModuleCache.noindex/Dispatch-B6WJS8PQN0XN8MT12IPI5LGEG.pcm

SwiftExplicitDependencyGeneratePcm arm64 /Users/runner/work/echo-nightly/echo-nightly/build/DerivedData/ModuleCache.noindex/Spatial-S1UJAPSRCNLCXPJH8VFC0F8Y.pcm

SwiftExplicitDependencyGeneratePcm arm64 /Users/runner/work/echo-nightly/echo-nightly/build/DerivedData/ModuleCache.noindex/XPC-C81D0489RIGJR3XS8QOO5SE2W.pcm

SwiftExplicitDependencyGeneratePcm arm64 /Users/runner/work/echo-nightly/echo-nightly/build/DerivedData/ModuleCache.noindex/CoreFoundation-APMOFJ3RHE86Q6F7IM8R3IG3F.pcm

SwiftExplicitDependencyGeneratePcm arm64 /Users/runner/work/echo-nightly/echo-nightly/build/DerivedData/ModuleCache.noindex/os-6AA20BVZF1UGW0ABSI32PA9BF.pcm

SwiftExplicitDependencyGeneratePcm arm64 /Users/runner/work/echo-nightly/echo-nightly/build/DerivedData/ModuleCache.noindex/CoreGraphics-2V82KV8HQ5SPRITRA2S1HDGZ3.pcm

SwiftExplicitDependencyGeneratePcm arm64 /Users/runner/work/echo-nightly/echo-nightly/build/DerivedData/ModuleCache.noindex/Security-1OVVEHAEU5EHPCX0HR8EVA3PB.pcm

SwiftExplicitDependencyGeneratePcm arm64 /Users/runner/work/echo-nightly/echo-nightly/build/DerivedData/ModuleCache.noindex/CFNetwork-AFOJRGGGAEQZ1DF6NKC4KQ3Q0.pcm

SwiftExplicitDependencyGeneratePcm arm64 /Users/runner/work/echo-nightly/echo-nightly/build/DerivedData/ModuleCache.noindex/Foundation-9SCTOKYDX1SOUCB6DRVVG01O.pcm

SwiftExplicitDependencyGeneratePcm arm64 /Users/runner/work/echo-nightly/echo-nightly/build/DerivedData/ModuleCache.noindex/CoreText-26EMRXE7H1YER31SBHVEE8YRR.pcm

SwiftExplicitDependencyGeneratePcm arm64 /Users/runner/work/echo-nightly/echo-nightly/build/DerivedData/ModuleCache.noindex/ImageIO-BUATWKOR6O705GGOMBIXPL70A.pcm

SwiftExplicitDependencyGeneratePcm arm64 /Users/runner/work/echo-nightly/echo-nightly/build/DerivedData/ModuleCache.noindex/IOSurface-2POSWNFNAG7ML1A6MFDMS6CDY.pcm

SwiftExplicitDependencyGeneratePcm arm64 /Users/runner/work/echo-nightly/echo-nightly/build/DerivedData/ModuleCache.noindex/UIUtilities-1T2BK9XO0TGTRR1W90CEMLH18.pcm

SwiftExplicitDependencyGeneratePcm arm64 /Users/runner/work/echo-nightly/echo-nightly/build/DerivedData/ModuleCache.noindex/UserNotifications-59YDIBAZISHNR7ZH8FPSGCZMZ.pcm

SwiftExplicitDependencyGeneratePcm arm64 /Users/runner/work/echo-nightly/echo-nightly/build/DerivedData/Build/Intermediates.noindex/SwiftExplicitPrecompiledModules/ComposeApp-81RDMJTCWKIUD8ERJF0IVLAVC.pcm

SwiftExplicitDependencyGeneratePcm arm64 /Users/runner/work/echo-nightly/echo-nightly/build/DerivedData/ModuleCache.noindex/UniformTypeIdentifiers-D82YLTGZDVJ4VICWRP1QWBTUQ.pcm

SwiftExplicitDependencyGeneratePcm arm64 /Users/runner/work/echo-nightly/echo-nightly/build/DerivedData/ModuleCache.noindex/DataDetection-98WUS8CGYOF4WH4U8WB3UHKMN.pcm

SwiftExplicitDependencyGeneratePcm arm64 /Users/runner/work/echo-nightly/echo-nightly/build/DerivedData/ModuleCache.noindex/CoreTransferable-BEYMBTF2LVDU94SG9V88O7SV.pcm

SwiftExplicitDependencyGeneratePcm arm64 /Users/runner/work/echo-nightly/echo-nightly/build/DerivedData/ModuleCache.noindex/Accessibility-CB849KODBJFWAODHOMV6PBS0K.pcm

SwiftExplicitDependencyGeneratePcm arm64 /Users/runner/work/echo-nightly/echo-nightly/build/DerivedData/ModuleCache.noindex/FileProvider-9LV42P6VCER3G0MZZZBEUXE57.pcm

SwiftExplicitDependencyGeneratePcm arm64 /Users/runner/work/echo-nightly/echo-nightly/build/DerivedData/ModuleCache.noindex/OSLog-361PRO9TOX6XCCV0S3AMH3R61.pcm

SwiftExplicitDependencyGeneratePcm arm64 /Users/runner/work/echo-nightly/echo-nightly/build/DerivedData/ModuleCache.noindex/Metal-ALAPHC2H7PBCXUHYTNNSZZIHN.pcm

SwiftExplicitDependencyGeneratePcm arm64 /Users/runner/work/echo-nightly/echo-nightly/build/DerivedData/ModuleCache.noindex/Symbols-528GNTX52Y61OBVEULKYQT50O.pcm

SwiftExplicitDependencyGeneratePcm arm64 /Users/runner/work/echo-nightly/echo-nightly/build/DerivedData/ModuleCache.noindex/OpenGLES-3KZF20MVM9YZN6D41HZHZA8X.pcm

SwiftExplicitDependencyGeneratePcm arm64 /Users/runner/work/echo-nightly/echo-nightly/build/DerivedData/ModuleCache.noindex/CoreData-5QD64B7R4PEG7SAWIBLQCRZFP.pcm

SwiftExplicitDependencyGeneratePcm arm64 /Users/runner/work/echo-nightly/echo-nightly/build/DerivedData/ModuleCache.noindex/CoreVideo-9K5WX323PP2R3TXP3ZA6O2M69.pcm

SwiftExplicitDependencyGeneratePcm arm64 /Users/runner/work/echo-nightly/echo-nightly/build/DerivedData/ModuleCache.noindex/CoreImage-2ZTKDZRP10QFGHX3XSIBG56IS.pcm

SwiftExplicitDependencyGeneratePcm arm64 /Users/runner/work/echo-nightly/echo-nightly/build/DerivedData/ModuleCache.noindex/QuartzCore-5X1L0FCK2E0A7KTN2FZF2T0ZM.pcm

SwiftExplicitDependencyGeneratePcm arm64 /Users/runner/work/echo-nightly/echo-nightly/build/DerivedData/ModuleCache.noindex/SwiftUICore-5D9ZM30A1ZNU9CVKZA7SQMIOB.pcm

SwiftExplicitDependencyGeneratePcm arm64 /Users/runner/work/echo-nightly/echo-nightly/build/DerivedData/ModuleCache.noindex/UIKit-AB36N5Z2NHOZ8WO01VGB68F3F.pcm

SwiftExplicitDependencyGeneratePcm arm64 /Users/runner/work/echo-nightly/echo-nightly/build/DerivedData/ModuleCache.noindex/SwiftUI-32VQK03OA8S77A7LQ8BF0QOOQ.pcm

SwiftExplicitDependencyGeneratePcm arm64 /Users/runner/work/echo-nightly/echo-nightly/build/DerivedData/Build/Intermediates.noindex/SwiftExplicitPrecompiledModules/XCUIAutomation-ATIZ9ZR1H54E8ORQF5WV1OF5I.pcm

SwiftExplicitDependencyGeneratePcm arm64 /Users/runner/work/echo-nightly/echo-nightly/build/DerivedData/Build/Intermediates.noindex/SwiftExplicitPrecompiledModules/XCTest-ASAEIXISWNCRX9IENW2RUN62Q.pcm

SwiftExplicitDependencyCompileModuleFromInterface arm64 /Users/runner/work/echo-nightly/echo-nightly/build/DerivedData/Build/Intermediates.noindex/SwiftExplicitPrecompiledModules/XCUIAutomation-25D77F7ZYKQWL.swiftmodule

SwiftExplicitDependencyCompileModuleFromInterface arm64 /Users/runner/work/echo-nightly/echo-nightly/build/DerivedData/Build/Intermediates.noindex/SwiftExplicitPrecompiledModules/XCTest-11FYHOB7XRG1G.swiftmodule

SwiftEmitModule normal arm64 Emitting\ module\ for\ iosAppTests (in target 'iosAppTests' from project 'iosApp')

SwiftCompile normal arm64 /Users/runner/work/echo-nightly/echo-nightly/iosApp/iosAppTests/EchoIosTests.swift (in target 'iosAppTests' from project 'iosApp')
    cd /Users/runner/work/echo-nightly/echo-nightly/iosApp
    

SwiftCompile normal arm64 Compiling\ EchoIosTests.swift /Users/runner/work/echo-nightly/echo-nightly/iosApp/iosAppTests/EchoIosTests.swift (in target 'iosAppTests' from project 'iosApp')
SwiftCompile normal arm64 /Users/runner/work/echo-nightly/echo-nightly/iosApp/iosAppTests/EchoIosTests.swift (in target 'iosAppTests' from project 'iosApp')
    cd /Users/runner/work/echo-nightly/echo-nightly/iosApp
    

SwiftDriverJobDiscovery normal arm64 Emitting module for iosAppTests (in target 'iosAppTests' from project 'iosApp')

SwiftDriver\ Compilation\ Requirements iosAppTests normal arm64 com.apple.xcode.tools.swift.compiler (in target 'iosAppTests' from project 'iosApp')
    cd /Users/runner/work/echo-nightly/echo-nightly/iosApp
    builtin-Swift-Compilation-Requirements -- /Applications/Xcode_26.6.app/Contents/Developer/Toolchains/XcodeDefault.xctoolchain/usr/bin/swiftc -module-name iosAppTests -Onone @/Users/runner/work/echo-nightly/echo-nightly/build/DerivedData/Build/Intermediates.noindex/iosApp.build/Debug-iphonesimulator/iosAppTests.build/Objects-normal/arm64/iosAppTests.SwiftFileList -plugin-path /Applications/Xcode_26.6.app/Contents/Developer/Toolchains/XcodeDefault.xctoolchain/usr/lib/swift/host/plugins/testing -enable-bare-slash-regex -enable-experimental-feature DebugDescriptionMacro -sdk /Applications/Xcode_26.6.app/Contents/Developer/Platforms/iPhoneSimulator.platform/Developer/SDKs/iPhoneSimulator26.5.sdk -target arm64-apple-ios15.0-simulator -g -module-cache-path /Users/runner/work/echo-nightly/echo-nightly/build/DerivedData/ModuleCache.noindex -Xfrontend -serialize-debugging-options -index-store-path /Users/runner/work/echo-nightly/echo-nightly/build/DerivedData/Index.noindex/DataStore -Xcc -D_LIBCPP_HARDENING_MODE\=_LIBCPP_HARDENING_MODE_DEBUG -swift-version 5 -I /Users/runner/work/echo-nightly/echo-nightly/build/DerivedData/Build/Products/Debug-iphonesimulator -Isystem /Applications/Xcode_26.6.app/Contents/Developer/Platforms/iPhoneSimulator.platform/Developer/usr/lib -F /Users/runner/work/echo-nightly/echo-nightly/build/DerivedData/Build/Products/Debug-iphonesimulator -F /Applications/Xcode_26.6.app/Contents/Developer/Platforms/iPhoneSimulator.platform/Developer/Library/Frameworks -F /Applications/Xcode_26.6.app/Contents/Developer/Platforms/iPhoneSimulator.platform/Developer/SDKs/iPhoneSimulator26.5.sdk/Developer/Library/Frameworks -parse-as-library -c -j3 -enable-batch-mode -incremental -Xcc -ivfsstatcache -Xcc /Users/runner/work/echo-nightly/echo-nightly/build/DerivedData/SDKStatCaches.noindex/iphonesimulator26.5-23F81a-688ef53f1462e2c8f657fdc38a81448ff45c64a1807a658693f2a61704f17a36.sdkstatcache -output-file-map /Users/runner/work/echo-nightly/echo-nightly/build/DerivedData/Build/Intermediates.noindex/iosApp.build/Debug-iphonesimulator/iosAppTests.build/Objects-normal/arm64/iosAppTests-OutputFileMap.json -use-frontend-parseable-output -save-temps -no-color-diagnostics -explicit-module-build -module-cache-path /Users/runner/work/echo-nightly/echo-nightly/build/DerivedData/Build/Intermediates.noindex/SwiftExplicitPrecompiledModules -clang-scanner-module-cache-path /Users/runner/work/echo-nightly/echo-nightly/build/DerivedData/ModuleCache.noindex -sdk-module-cache-path /Users/runner/work/echo-nightly/echo-nightly/build/DerivedData/ModuleCache.noindex -serialize-diagnostics -emit-dependencies -emit-module -emit-module-path /Users/runner/work/echo-nightly/echo-nightly/build/DerivedData/Build/Intermediates.noindex/iosApp.build/Debug-iphonesimulator/iosAppTests.build/Objects-normal/arm64/iosAppTests.swiftmodule -validate-clang-modules-once -clang-build-session-file /Users/runner/work/echo-nightly/echo-nightly/build/DerivedData/ModuleCache.noindex/Session.modulevalidation -Xcc -I/Users/runner/work/echo-nightly/echo-nightly/build/DerivedData/Build/Intermediates.noindex/iosApp.build/Debug-iphonesimulator/iosAppTests.build/swift-overrides.hmap -emit-const-values -Xfrontend -const-gather-protocols-file -Xfrontend /Users/runner/work/echo-nightly/echo-nightly/build/DerivedData/Build/Intermediates.noindex/iosApp.build/Debug-iphonesimulator/iosAppTests.build/Objects-normal/arm64/iosAppTests_const_extract_protocols.json -Xcc -iquote -Xcc /Users/runner/work/echo-nightly/echo-nightly/build/DerivedData/Build/Intermediates.noindex/iosApp.build/Debug-iphonesimulator/iosAppTests.build/iosAppTests-generated-files.hmap -Xcc -I/Users/runner/work/echo-nightly/echo-nightly/build/DerivedData/Build/Intermediates.noindex/iosApp.build/Debug-iphonesimulator/iosAppTests.build/iosAppTests-own-target-headers.hmap -Xcc -I/Users/runner/work/echo-nightly/echo-nightly/build/DerivedData/Build/Intermediates.noindex/iosApp.build/Debug-iphonesimulator/iosAppTests.build/iosAppTests-all-target-headers.hmap -Xcc -iquote -Xcc /Users/runner/work/echo-nightly/echo-nightly/build/DerivedData/Build/Intermediates.noindex/iosApp.build/Debug-iphonesimulator/iosAppTests.build/iosAppTests-project-headers.hmap -Xcc -I/Users/runner/work/echo-nightly/echo-nightly/build/DerivedData/Build/Products/Debug-iphonesimulator/include -Xcc -I/Users/runner/work/echo-nightly/echo-nightly/build/DerivedData/Build/Intermediates.noindex/iosApp.build/Debug-iphonesimulator/iosAppTests.build/DerivedSources-normal/arm64 -Xcc -I/Users/runner/work/echo-nightly/echo-nightly/build/DerivedData/Build/Intermediates.noindex/iosApp.build/Debug-iphonesimulator/iosAppTests.build/DerivedSources/arm64 -Xcc -I/Users/runner/work/echo-nightly/echo-nightly/build/DerivedData/Build/Intermediates.noindex/iosApp.build/Debug-iphonesimulator/iosAppTests.build/DerivedSources -emit-objc-header -emit-objc-header-path /Users/runner/work/echo-nightly/echo-nightly/build/DerivedData/Build/Intermediates.noindex/iosApp.build/Debug-iphonesimulator/iosAppTests.build/Objects-normal/arm64/iosAppTests-Swift.h -working-directory /Users/runner/work/echo-nightly/echo-nightly/iosApp -experimental-emit-module-separately -disable-cmo

SwiftMergeGeneratedHeaders /Users/runner/work/echo-nightly/echo-nightly/build/DerivedData/Build/Intermediates.noindex/iosApp.build/Debug-iphonesimulator/iosAppTests.build/DerivedSources/iosAppTests-Swift.h /Users/runner/work/echo-nightly/echo-nightly/build/DerivedData/Build/Intermediates.noindex/iosApp.build/Debug-iphonesimulator/iosAppTests.build/Objects-normal/arm64/iosAppTests-Swift.h (in target 'iosAppTests' from project 'iosApp')
    cd /Users/runner/work/echo-nightly/echo-nightly/iosApp
    builtin-swiftHeaderTool -arch arm64 /Users/runner/work/echo-nightly/echo-nightly/build/DerivedData/Build/Intermediates.noindex/iosApp.build/Debug-iphonesimulator/iosAppTests.build/Objects-normal/arm64/iosAppTests-Swift.h -o /Users/runner/work/echo-nightly/echo-nightly/build/DerivedData/Build/Intermediates.noindex/iosApp.build/Debug-iphonesimulator/iosAppTests.build/DerivedSources/iosAppTests-Swift.h

Copy /Users/runner/work/echo-nightly/echo-nightly/build/DerivedData/Build/Products/Debug-iphonesimulator/iosAppTests.swiftmodule/arm64-apple-ios-simulator.swiftmodule /Users/runner/work/echo-nightly/echo-nightly/build/DerivedData/Build/Intermediates.noindex/iosApp.build/Debug-iphonesimulator/iosAppTests.build/Objects-normal/arm64/iosAppTests.swiftmodule (in target 'iosAppTests' from project 'iosApp')
    cd /Users/runner/work/echo-nightly/echo-nightly/iosApp
    builtin-copy -exclude .DS_Store -exclude CVS -exclude .svn -exclude .git -exclude .hg -strip-unsigned-binaries -strip-deterministic -strip-tool /Applications/Xcode_26.6.app/Contents/Developer/Toolchains/XcodeDefault.xctoolchain/usr/bin/strip -resolve-src-symlinks -rename /Users/runner/work/echo-nightly/echo-nightly/build/DerivedData/Build/Intermediates.noindex/iosApp.build/Debug-iphonesimulator/iosAppTests.build/Objects-normal/arm64/iosAppTests.swiftmodule /Users/runner/work/echo-nightly/echo-nightly/build/DerivedData/Build/Products/Debug-iphonesimulator/iosAppTests.swiftmodule/arm64-apple-ios-simulator.swiftmodule

Copy /Users/runner/work/echo-nightly/echo-nightly/build/DerivedData/Build/Products/Debug-iphonesimulator/iosAppTests.swiftmodule/arm64-apple-ios-simulator.swiftdoc /Users/runner/work/echo-nightly/echo-nightly/build/DerivedData/Build/Intermediates.noindex/iosApp.build/Debug-iphonesimulator/iosAppTests.build/Objects-normal/arm64/iosAppTests.swiftdoc (in target 'iosAppTests' from project 'iosApp')
    cd /Users/runner/work/echo-nightly/echo-nightly/iosApp
    builtin-copy -exclude .DS_Store -exclude CVS -exclude .svn -exclude .git -exclude .hg -strip-unsigned-binaries -strip-deterministic -strip-tool /Applications/Xcode_26.6.app/Contents/Developer/Toolchains/XcodeDefault.xctoolchain/usr/bin/strip -resolve-src-symlinks -rename /Users/runner/work/echo-nightly/echo-nightly/build/DerivedData/Build/Intermediates.noindex/iosApp.build/Debug-iphonesimulator/iosAppTests.build/Objects-normal/arm64/iosAppTests.swiftdoc /Users/runner/work/echo-nightly/echo-nightly/build/DerivedData/Build/Products/Debug-iphonesimulator/iosAppTests.swiftmodule/arm64-apple-ios-simulator.swiftdoc

Copy /Users/runner/work/echo-nightly/echo-nightly/build/DerivedData/Build/Products/Debug-iphonesimulator/iosAppTests.swiftmodule/arm64-apple-ios-simulator.abi.json /Users/runner/work/echo-nightly/echo-nightly/build/DerivedData/Build/Intermediates.noindex/iosApp.build/Debug-iphonesimulator/iosAppTests.build/Objects-normal/arm64/iosAppTests.abi.json (in target 'iosAppTests' from project 'iosApp')
    cd /Users/runner/work/echo-nightly/echo-nightly/iosApp
    builtin-copy -exclude .DS_Store -exclude CVS -exclude .svn -exclude .git -exclude .hg -strip-unsigned-binaries -strip-deterministic -strip-tool /Applications/Xcode_26.6.app/Contents/Developer/Toolchains/XcodeDefault.xctoolchain/usr/bin/strip -resolve-src-symlinks -rename /Users/runner/work/echo-nightly/echo-nightly/build/DerivedData/Build/Intermediates.noindex/iosApp.build/Debug-iphonesimulator/iosAppTests.build/Objects-normal/arm64/iosAppTests.abi.json /Users/runner/work/echo-nightly/echo-nightly/build/DerivedData/Build/Products/Debug-iphonesimulator/iosAppTests.swiftmodule/arm64-apple-ios-simulator.abi.json

Copy /Users/runner/work/echo-nightly/echo-nightly/build/DerivedData/Build/Products/Debug-iphonesimulator/iosAppTests.swiftmodule/Project/arm64-apple-ios-simulator.swiftsourceinfo /Users/runner/work/echo-nightly/echo-nightly/build/DerivedData/Build/Intermediates.noindex/iosApp.build/Debug-iphonesimulator/iosAppTests.build/Objects-normal/arm64/iosAppTests.swiftsourceinfo (in target 'iosAppTests' from project 'iosApp')
    cd /Users/runner/work/echo-nightly/echo-nightly/iosApp
    builtin-copy -exclude .DS_Store -exclude CVS -exclude .svn -exclude .git -exclude .hg -strip-unsigned-binaries -strip-deterministic -strip-tool /Applications/Xcode_26.6.app/Contents/Developer/Toolchains/XcodeDefault.xctoolchain/usr/bin/strip -resolve-src-symlinks -rename /Users/runner/work/echo-nightly/echo-nightly/build/DerivedData/Build/Intermediates.noindex/iosApp.build/Debug-iphonesimulator/iosAppTests.build/Objects-normal/arm64/iosAppTests.swiftsourceinfo /Users/runner/work/echo-nightly/echo-nightly/build/DerivedData/Build/Products/Debug-iphonesimulator/iosAppTests.swiftmodule/Project/arm64-apple-ios-simulator.swiftsourceinfo

SwiftDriverJobDiscovery normal arm64 Compiling EchoIosTests.swift (in target 'iosAppTests' from project 'iosApp')

SwiftDriver\ Compilation iosAppTests normal arm64 com.apple.xcode.tools.swift.compiler (in target 'iosAppTests' from project 'iosApp')
    cd /Users/runner/work/echo-nightly/echo-nightly/iosApp
    builtin-Swift-Compilation -- /Applications/Xcode_26.6.app/Contents/Developer/Toolchains/XcodeDefault.xctoolchain/usr/bin/swiftc -module-name iosAppTests -Onone @/Users/runner/work/echo-nightly/echo-nightly/build/DerivedData/Build/Intermediates.noindex/iosApp.build/Debug-iphonesimulator/iosAppTests.build/Objects-normal/arm64/iosAppTests.SwiftFileList -plugin-path /Applications/Xcode_26.6.app/Contents/Developer/Toolchains/XcodeDefault.xctoolchain/usr/lib/swift/host/plugins/testing -enable-bare-slash-regex -enable-experimental-feature DebugDescriptionMacro -sdk /Applications/Xcode_26.6.app/Contents/Developer/Platforms/iPhoneSimulator.platform/Developer/SDKs/iPhoneSimulator26.5.sdk -target arm64-apple-ios15.0-simulator -g -module-cache-path /Users/runner/work/echo-nightly/echo-nightly/build/DerivedData/ModuleCache.noindex -Xfrontend -serialize-debugging-options -index-store-path /Users/runner/work/echo-nightly/echo-nightly/build/DerivedData/Index.noindex/DataStore -Xcc -D_LIBCPP_HARDENING_MODE\=_LIBCPP_HARDENING_MODE_DEBUG -swift-version 5 -I /Users/runner/work/echo-nightly/echo-nightly/build/DerivedData/Build/Products/Debug-iphonesimulator -Isystem /Applications/Xcode_26.6.app/Contents/Developer/Platforms/iPhoneSimulator.platform/Developer/usr/lib -F /Users/runner/work/echo-nightly/echo-nightly/build/DerivedData/Build/Products/Debug-iphonesimulator -F /Applications/Xcode_26.6.app/Contents/Developer/Platforms/iPhoneSimulator.platform/Developer/Library/Frameworks -F /Applications/Xcode_26.6.app/Contents/Developer/Platforms/iPhoneSimulator.platform/Developer/SDKs/iPhoneSimulator26.5.sdk/Developer/Library/Frameworks -parse-as-library -c -j3 -enable-batch-mode -incremental -Xcc -ivfsstatcache -Xcc /Users/runner/work/echo-nightly/echo-nightly/build/DerivedData/SDKStatCaches.noindex/iphonesimulator26.5-23F81a-688ef53f1462e2c8f657fdc38a81448ff45c64a1807a658693f2a61704f17a36.sdkstatcache -output-file-map /Users/runner/work/echo-nightly/echo-nightly/build/DerivedData/Build/Intermediates.noindex/iosApp.build/Debug-iphonesimulator/iosAppTests.build/Objects-normal/arm64/iosAppTests-OutputFileMap.json -use-frontend-parseable-output -save-temps -no-color-diagnostics -explicit-module-build -module-cache-path /Users/runner/work/echo-nightly/echo-nightly/build/DerivedData/Build/Intermediates.noindex/SwiftExplicitPrecompiledModules -clang-scanner-module-cache-path /Users/runner/work/echo-nightly/echo-nightly/build/DerivedData/ModuleCache.noindex -sdk-module-cache-path /Users/runner/work/echo-nightly/echo-nightly/build/DerivedData/ModuleCache.noindex -serialize-diagnostics -emit-dependencies -emit-module -emit-module-path /Users/runner/work/echo-nightly/echo-nightly/build/DerivedData/Build/Intermediates.noindex/iosApp.build/Debug-iphonesimulator/iosAppTests.build/Objects-normal/arm64/iosAppTests.swiftmodule -validate-clang-modules-once -clang-build-session-file /Users/runner/work/echo-nightly/echo-nightly/build/DerivedData/ModuleCache.noindex/Session.modulevalidation -Xcc -I/Users/runner/work/echo-nightly/echo-nightly/build/DerivedData/Build/Intermediates.noindex/iosApp.build/Debug-iphonesimulator/iosAppTests.build/swift-overrides.hmap -emit-const-values -Xfrontend -const-gather-protocols-file -Xfrontend /Users/runner/work/echo-nightly/echo-nightly/build/DerivedData/Build/Intermediates.noindex/iosApp.build/Debug-iphonesimulator/iosAppTests.build/Objects-normal/arm64/iosAppTests_const_extract_protocols.json -Xcc -iquote -Xcc /Users/runner/work/echo-nightly/echo-nightly/build/DerivedData/Build/Intermediates.noindex/iosApp.build/Debug-iphonesimulator/iosAppTests.build/iosAppTests-generated-files.hmap -Xcc -I/Users/runner/work/echo-nightly/echo-nightly/build/DerivedData/Build/Intermediates.noindex/iosApp.build/Debug-iphonesimulator/iosAppTests.build/iosAppTests-own-target-headers.hmap -Xcc -I/Users/runner/work/echo-nightly/echo-nightly/build/DerivedData/Build/Intermediates.noindex/iosApp.build/Debug-iphonesimulator/iosAppTests.build/iosAppTests-all-target-headers.hmap -Xcc -iquote -Xcc /Users/runner/work/echo-nightly/echo-nightly/build/DerivedData/Build/Intermediates.noindex/iosApp.build/Debug-iphonesimulator/iosAppTests.build/iosAppTests-project-headers.hmap -Xcc -I/Users/runner/work/echo-nightly/echo-nightly/build/DerivedData/Build/Products/Debug-iphonesimulator/include -Xcc -I/Users/runner/work/echo-nightly/echo-nightly/build/DerivedData/Build/Intermediates.noindex/iosApp.build/Debug-iphonesimulator/iosAppTests.build/DerivedSources-normal/arm64 -Xcc -I/Users/runner/work/echo-nightly/echo-nightly/build/DerivedData/Build/Intermediates.noindex/iosApp.build/Debug-iphonesimulator/iosAppTests.build/DerivedSources/arm64 -Xcc -I/Users/runner/work/echo-nightly/echo-nightly/build/DerivedData/Build/Intermediates.noindex/iosApp.build/Debug-iphonesimulator/iosAppTests.build/DerivedSources -emit-objc-header -emit-objc-header-path /Users/runner/work/echo-nightly/echo-nightly/build/DerivedData/Build/Intermediates.noindex/iosApp.build/Debug-iphonesimulator/iosAppTests.build/Objects-normal/arm64/iosAppTests-Swift.h -working-directory /Users/runner/work/echo-nightly/echo-nightly/iosApp -experimental-emit-module-separately -disable-cmo

Ld /Users/runner/work/echo-nightly/echo-nightly/build/DerivedData/Build/Products/Debug-iphonesimulator/iosApp.app/PlugIns/iosAppTests.xctest/iosAppTests normal (in target 'iosAppTests' from project 'iosApp')
    cd /Users/runner/work/echo-nightly/echo-nightly/iosApp
    /Applications/Xcode_26.6.app/Contents/Developer/Toolchains/XcodeDefault.xctoolchain/usr/bin/clang -Xlinker -reproducible -target arm64-apple-ios15.0-simulator -bundle -isysroot /Applications/Xcode_26.6.app/Contents/Developer/Platforms/iPhoneSimulator.platform/Developer/SDKs/iPhoneSimulator26.5.sdk -O0 -L/Users/runner/work/echo-nightly/echo-nightly/build/DerivedData/Build/Intermediates.noindex/EagerLinkingTBDs/Debug-iphonesimulator -L/Users/runner/work/echo-nightly/echo-nightly/build/DerivedData/Build/Products/Debug-iphonesimulator -L/Applications/Xcode_26.6.app/Contents/Developer/Platforms/iPhoneSimulator.platform/Developer/usr/lib -F/Users/runner/work/echo-nightly/echo-nightly/build/DerivedData/Build/Intermediates.noindex/EagerLinkingTBDs/Debug-iphonesimulator -F/Users/runner/work/echo-nightly/echo-nightly/build/DerivedData/Build/Products/Debug-iphonesimulator -iframework /Applications/Xcode_26.6.app/Contents/Developer/Platforms/iPhoneSimulator.platform/Developer/Library/Frameworks -iframework /Applications/Xcode_26.6.app/Contents/Developer/Platforms/iPhoneSimulator.platform/Developer/SDKs/iPhoneSimulator26.5.sdk/Developer/Library/Frameworks -filelist /Users/runner/work/echo-nightly/echo-nightly/build/DerivedData/Build/Intermediates.noindex/iosApp.build/Debug-iphonesimulator/iosAppTests.build/Objects-normal/arm64/iosAppTests.LinkFileList -Xlinker -rpath -Xlinker /usr/lib/swift -Xlinker -rpath -Xlinker @loader_path/Frameworks -Xlinker -rpath -Xlinker @executable_path/Frameworks -Xlinker -dead_strip -bundle_loader /Users/runner/work/echo-nightly/echo-nightly/build/DerivedData/Build/Products/Debug-iphonesimulator/iosApp.app/iosApp -Xlinker -object_path_lto -Xlinker /Users/runner/work/echo-nightly/echo-nightly/build/DerivedData/Build/Intermediates.noindex/iosApp.build/Debug-iphonesimulator/iosAppTests.build/Objects-normal/arm64/iosAppTests_lto.o -Xlinker -no_deduplicate -Xlinker -objc_abi_version -Xlinker 2 -Xlinker -dependency_info -Xlinker /Users/runner/work/echo-nightly/echo-nightly/build/DerivedData/Build/Intermediates.noindex/iosApp.build/Debug-iphonesimulator/iosAppTests.build/Objects-normal/arm64/iosAppTests_dependency_info.dat -fobjc-link-runtime -L/Applications/Xcode_26.6.app/Contents/Developer/Toolchains/XcodeDefault.xctoolchain/usr/lib/swift/iphonesimulator -L/usr/lib/swift -Xlinker -add_ast_path -Xlinker /Users/runner/work/echo-nightly/echo-nightly/build/DerivedData/Build/Intermediates.noindex/iosApp.build/Debug-iphonesimulator/iosAppTests.build/Objects-normal/arm64/iosAppTests.swiftmodule @/Users/runner/work/echo-nightly/echo-nightly/build/DerivedData/Build/Intermediates.noindex/iosApp.build/Debug-iphonesimulator/iosAppTests.build/Objects-normal/arm64/iosAppTests-linker-args.resp -Xlinker -needed_framework -Xlinker XCTest -framework XCTest -Xlinker -needed-lXCTestSwiftSupport -lXCTestSwiftSupport /Users/runner/work/echo-nightly/echo-nightly/build/DerivedData/Build/Products/Debug-iphonesimulator/iosApp.app/iosApp.debug.dylib -o /Users/runner/work/echo-nightly/echo-nightly/build/DerivedData/Build/Products/Debug-iphonesimulator/iosApp.app/PlugIns/iosAppTests.xctest/iosAppTests

ExtractAppIntentsMetadata (in target 'iosAppTests' from project 'iosApp')
    cd /Users/runner/work/echo-nightly/echo-nightly/iosApp
    /Applications/Xcode_26.6.app/Contents/Developer/Toolchains/XcodeDefault.xctoolchain/usr/bin/appintentsmetadataprocessor --toolchain-dir /var/run/com.apple.security.cryptexd/mnt/com.apple.MobileAsset.MetalToolchain-v17.6.109.0.5CuhRO/Metal.xctoolchain --module-name iosAppTests --sdk-root /Applications/Xcode_26.6.app/Contents/Developer/Platforms/iPhoneSimulator.platform/Developer/SDKs/iPhoneSimulator26.5.sdk --xcode-version 17F113 --platform-family iOS --deployment-target 15.0 --bundle-identifier dev.brahmkshatriya.echo.ios.tests --output /Users/runner/work/echo-nightly/echo-nightly/build/DerivedData/Build/Products/Debug-iphonesimulator/iosApp.app/PlugIns/iosAppTests.xctest --target-triple arm64-apple-ios15.0-simulator --binary-file /Users/runner/work/echo-nightly/echo-nightly/build/DerivedData/Build/Products/Debug-iphonesimulator/iosApp.app/PlugIns/iosAppTests.xctest/iosAppTests --dependency-file /Users/runner/work/echo-nightly/echo-nightly/build/DerivedData/Build/Intermediates.noindex/iosApp.build/Debug-iphonesimulator/iosAppTests.build/Objects-normal/arm64/iosAppTests_dependency_info.dat --stringsdata-file /Users/runner/work/echo-nightly/echo-nightly/build/DerivedData/Build/Intermediates.noindex/iosApp.build/Debug-iphonesimulator/iosAppTests.build/Objects-normal/arm64/ExtractedAppShortcutsMetadata.stringsdata --source-file-list /Users/runner/work/echo-nightly/echo-nightly/build/DerivedData/Build/Intermediates.noindex/iosApp.build/Debug-iphonesimulator/iosAppTests.build/Objects-normal/arm64/iosAppTests.SwiftFileList --metadata-file-list /Users/runner/work/echo-nightly/echo-nightly/build/DerivedData/Build/Intermediates.noindex/iosApp.build/Debug-iphonesimulator/iosAppTests.build/iosAppTests.DependencyMetadataFileList --static-metadata-file-list /Users/runner/work/echo-nightly/echo-nightly/build/DerivedData/Build/Intermediates.noindex/iosApp.build/Debug-iphonesimulator/iosAppTests.build/iosAppTests.DependencyStaticMetadataFileList --swift-const-vals-list /Users/runner/work/echo-nightly/echo-nightly/build/DerivedData/Build/Intermediates.noindex/iosApp.build/Debug-iphonesimulator/iosAppTests.build/Objects-normal/arm64/iosAppTests.SwiftConstValuesFileList --compile-time-extraction --deployment-aware-processing --validate-assistant-intents --no-app-shortcuts-localization
2026-09-06 12:34:18.616 appintentsmetadataprocessor[26594:71581] Starting appintentsmetadataprocessor export
2026-09-06 12:34:18.619 appintentsmetadataprocessor[26594:71581] warning: Metadata extraction skipped. No AppIntents.framework dependency found.

CopySwiftLibs /Users/runner/work/echo-nightly/echo-nightly/build/DerivedData/Build/Products/Debug-iphonesimulator/iosApp.app/PlugIns/iosAppTests.xctest (in target 'iosAppTests' from project 'iosApp')
    cd /Users/runner/work/echo-nightly/echo-nightly/iosApp
    builtin-swiftStdLibTool --copy --verbose --scan-executable /Users/runner/work/echo-nightly/echo-nightly/build/DerivedData/Build/Products/Debug-iphonesimulator/iosApp.app/PlugIns/iosAppTests.xctest/iosAppTests --scan-folder /Users/runner/work/echo-nightly/echo-nightly/build/DerivedData/Build/Products/Debug-iphonesimulator/iosApp.app/PlugIns/iosAppTests.xctest/Frameworks --scan-folder /Users/runner/work/echo-nightly/echo-nightly/build/DerivedData/Build/Products/Debug-iphonesimulator/iosApp.app/PlugIns/iosAppTests.xctest/PlugIns --scan-folder /Users/runner/work/echo-nightly/echo-nightly/build/DerivedData/Build/Products/Debug-iphonesimulator/iosApp.app/PlugIns/iosAppTests.xctest/SystemExtensions --scan-folder /Users/runner/work/echo-nightly/echo-nightly/build/DerivedData/Build/Products/Debug-iphonesimulator/iosApp.app/PlugIns/iosAppTests.xctest/Extensions --platform iphonesimulator --toolchain /var/run/com.apple.security.cryptexd/mnt/com.apple.MobileAsset.MetalToolchain-v17.6.109.0.5CuhRO/Metal.xctoolchain --toolchain /Applications/Xcode_26.6.app/Contents/Developer/Toolchains/XcodeDefault.xctoolchain --destination /Users/runner/work/echo-nightly/echo-nightly/build/DerivedData/Build/Products/Debug-iphonesimulator/iosApp.app/PlugIns/iosAppTests.xctest/Frameworks --strip-bitcode --scan-executable /Applications/Xcode_26.6.app/Contents/Developer/Platforms/iPhoneSimulator.platform/Developer/usr/lib/libXCTestSwiftSupport.dylib --strip-bitcode-tool /Applications/Xcode_26.6.app/Contents/Developer/Toolchains/XcodeDefault.xctoolchain/usr/bin/bitcode_strip --emit-dependency-info /Users/runner/work/echo-nightly/echo-nightly/build/DerivedData/Build/Intermediates.noindex/iosApp.build/Debug-iphonesimulator/iosAppTests.build/SwiftStdLibToolInputDependencies.dep --filter-for-swift-os
Ignoring --strip-bitcode because --sign was not passed

AppIntentsSSUTraining (in target 'iosAppTests' from project 'iosApp')
    cd /Users/runner/work/echo-nightly/echo-nightly/iosApp
    /Applications/Xcode_26.6.app/Contents/Developer/Toolchains/XcodeDefault.xctoolchain/usr/bin/appintentsnltrainingprocessor --infoplist-path /Users/runner/work/echo-nightly/echo-nightly/build/DerivedData/Build/Products/Debug-iphonesimulator/iosApp.app/PlugIns/iosAppTests.xctest/Info.plist --temp-dir-path /Users/runner/work/echo-nightly/echo-nightly/build/DerivedData/Build/Intermediates.noindex/iosApp.build/Debug-iphonesimulator/iosAppTests.build/ssu --bundle-id dev.brahmkshatriya.echo.ios.tests --product-path /Users/runner/work/echo-nightly/echo-nightly/build/DerivedData/Build/Products/Debug-iphonesimulator/iosApp.app/PlugIns/iosAppTests.xctest --extracted-metadata-path /Users/runner/work/echo-nightly/echo-nightly/build/DerivedData/Build/Products/Debug-iphonesimulator/iosApp.app/PlugIns/iosAppTests.xctest/Metadata.appintents --metadata-file-list /Users/runner/work/echo-nightly/echo-nightly/build/DerivedData/Build/Intermediates.noindex/iosApp.build/Debug-iphonesimulator/iosAppTests.build/iosAppTests.DependencyMetadataFileList --source-file /Users/runner/work/echo-nightly/echo-nightly/build/DerivedData/Build/Products/Debug-iphonesimulator/iosApp.app/PlugIns/iosAppTests.xctest/Info.plist --archive-ssu-assets
2026-09-06 12:34:18.644 appintentsnltrainingprocessor[26597:71586] Parsing options for appintentsnltrainingprocessor
2026-09-06 12:34:18.644 appintentsnltrainingprocessor[26597:71586] Starting AppIntents SSU YAML Generation
2026-09-06 12:34:18.644 appintentsnltrainingprocessor[26597:71586] No AppShortcuts found - Skipping.

RegisterExecutionPolicyException /Users/runner/work/echo-nightly/echo-nightly/build/DerivedData/Build/Products/Debug-iphonesimulator/iosApp.app/PlugIns/iosAppTests.xctest (in target 'iosAppTests' from project 'iosApp')
    cd /Users/runner/work/echo-nightly/echo-nightly/iosApp
    builtin-RegisterExecutionPolicyException /Users/runner/work/echo-nightly/echo-nightly/build/DerivedData/Build/Products/Debug-iphonesimulator/iosApp.app/PlugIns/iosAppTests.xctest

Touch /Users/runner/work/echo-nightly/echo-nightly/build/DerivedData/Build/Products/Debug-iphonesimulator/iosApp.app/PlugIns/iosAppTests.xctest (in target 'iosAppTests' from project 'iosApp')
    cd /Users/runner/work/echo-nightly/echo-nightly/iosApp
    /usr/bin/touch -c /Users/runner/work/echo-nightly/echo-nightly/build/DerivedData/Build/Products/Debug-iphonesimulator/iosApp.app/PlugIns/iosAppTests.xctest

Validate /Users/runner/work/echo-nightly/echo-nightly/build/DerivedData/Build/Products/Debug-iphonesimulator/iosApp.app (in target 'iosApp' from project 'iosApp')
    cd /Users/runner/work/echo-nightly/echo-nightly/iosApp
    builtin-validationUtility /Users/runner/work/echo-nightly/echo-nightly/build/DerivedData/Build/Products/Debug-iphonesimulator/iosApp.app -shallow-bundle -infoplist-subpath Info.plist

note: Run script build phase 'Compile Kotlin Framework' will be run during every build because the option to run the script phase "Based on dependency analysis" is unchecked. (in target 'iosApp' from project 'iosApp')
2026-09-06 12:38:05.997207+0000 iosApp[29051:81176] [plugin] AddInstanceForFactory: No factory registered for id <CFUUID 0x106d17d20> F8BB1C28-BAE8-11D6-9C31-00039315CD46
2026-09-06 12:38:06.677805+0000 iosApp[29051:81176] fopen failed for data file: errno = 2 (No such file or directory)
2026-09-06 12:38:09.097712+0000 iosApp[29051:81176] fopen failed for data file: errno = 2 (No such file or directory)
Uncaught Kotlin exception: kotlin.IllegalStateException: Error: `Info.plist` doesn't have a valid `CADisableMinimumFrameDurationOnPhone` entry, or has it set to `false`. 
This will result in an inadequate performance on iPhones with high refresh rate. 
Add `<key>CADisableMinimumFrameDurationOnPhone</key><true/>` entry to the `Info.plist` file to fix this error. 
If you don't have a separate .plist file, add the entry to the target from within Xcode: Project -> Targets -> Info -> Custom iOS Target Properties.                            
To disable this check, set `ComposeUIViewController(configure = { enforceStrictPlistSanityCheck = false }) { .. }`.                            
Test Suite 'All tests' started at 2026-09-06 12:38:27.445.
Test Suite 'iosAppTests.xctest' started at 2026-09-06 12:38:27.446.
Test Suite 'EchoIosTests' started at 2026-09-06 12:38:27.447.
Test Case '-[iosAppTests.EchoIosTests testAudioSessionConfiguredForPlayback]' started.
Test Case '-[iosAppTests.EchoIosTests testAudioSessionConfiguredForPlayback]' passed (0.014 seconds).
Test Case '-[iosAppTests.EchoIosTests testBridgeLibraryAndExtension]' started.
Test Case '-[iosAppTests.EchoIosTests testBridgeLibraryAndExtension]' passed (0.012 seconds).
Test Case '-[iosAppTests.EchoIosTests testComposeRootLoads]' started.
/Users/runner/work/echo-nightly/echo-nightly/iosApp/iosAppTests/EchoIosTests.swift:18: error: -[iosAppTests.EchoIosTests testComposeRootLoads] : XCTAssertFalse failed
Test Case '-[iosAppTests.EchoIosTests testComposeRootLoads]' failed (0.362 seconds).
Test Case '-[iosAppTests.EchoIosTests testImportFilesEmptyIsNoop]' started.
Test Case '-[iosAppTests.EchoIosTests testImportFilesEmptyIsNoop]' passed (0.002 seconds).
Test Suite 'EchoIosTests' failed at 2026-09-06 12:38:27.975.
	 Executed 4 tests, with 1 failure (0 unexpected) in 0.390 (0.528) seconds
Test Suite 'iosAppTests.xctest' failed at 2026-09-06 12:38:27.975.
	 Executed 4 tests, with 1 failure (0 unexpected) in 0.390 (0.529) seconds
Test Suite 'All tests' failed at 2026-09-06 12:38:27.975.
	 Executed 4 tests, with 1 failure (0 unexpected) in 0.390 (0.530) seconds
2026-09-06 12:38:47.018740+0000 iosApp[29051:84200] [Default] Xcode took 19.03 seconds to acknowledge that testing finished.
2026-09-06 12:40:08.267 xcodebuild[25523:68841] [MT] IDETestOperationsObserverDebug: 349.553 elapsed -- Testing started completed.
2026-09-06 12:40:08.267 xcodebuild[25523:68841] [MT] IDETestOperationsObserverDebug: 0.000 sec, +0.000 sec -- start
2026-09-06 12:40:08.267 xcodebuild[25523:68841] [MT] IDETestOperationsObserverDebug: 349.553 sec, +349.553 sec -- end

Test session results, code coverage, and logs:
	/Users/runner/work/echo-nightly/echo-nightly/build/DerivedData/Logs/Test/Test-iosApp-2026.09.06_12-34-03-+0000.xcresult

Failing tests:
	EchoIosTests.testComposeRootLoads()

** TEST FAILED **

Testing started
