Downloading https://services.gradle.org/distributions/gradle-9.0.0-bin.zip
............10%.............20%.............30%.............40%.............50%............60%.............70%.............80%.............90%.............100%

Welcome to Gradle 9.0.0!

Here are the highlights of this release:
 - Configuration Cache is the recommended execution mode
 - Gradle requires JVM 17 or higher to run
 - Build scripts use Kotlin 2.2 and Groovy 4.0
 - Improved Kotlin DSL script compilation avoidance

For more details see https://docs.gradle.org/9.0.0/release-notes.html

Starting a Gradle Daemon (subsequent builds will be faster)
Calculating task graph as no cached configuration is available for tasks: :composeApp:compileKotlinIosArm64 :composeApp:compileKotlinIosSimulatorArm64 :composeApp:compileKotlinIosX64 :common:compileKotlinIosArm64
> Task :composeApp:checkKotlinGradlePluginConfigurationErrors SKIPPED
> Task :common:checkKotlinGradlePluginConfigurationErrors SKIPPED
> Task :composeApp:convertXmlValueResourcesForAppleMain NO-SOURCE
> Task :composeApp:convertXmlValueResourcesForCommonMain NO-SOURCE
> Task :composeApp:copyNonXmlValueResourcesForCommonMain NO-SOURCE
> Task :composeApp:prepareComposeResourcesTaskForCommonMain NO-SOURCE
> Task :composeApp:copyNonXmlValueResourcesForAppleMain NO-SOURCE
> Task :composeApp:generateResourceAccessorsForCommonMain SKIPPED
> Task :composeApp:prepareComposeResourcesTaskForAppleMain NO-SOURCE
> Task :composeApp:generateResourceAccessorsForAppleMain SKIPPED
> Task :composeApp:convertXmlValueResourcesForIosArm64Main NO-SOURCE
> Task :composeApp:convertXmlValueResourcesForIosMain NO-SOURCE
> Task :composeApp:copyNonXmlValueResourcesForIosMain NO-SOURCE
> Task :composeApp:copyNonXmlValueResourcesForIosArm64Main NO-SOURCE
> Task :composeApp:prepareComposeResourcesTaskForIosArm64Main NO-SOURCE
> Task :composeApp:generateResourceAccessorsForIosArm64Main SKIPPED
> Task :composeApp:convertXmlValueResourcesForNativeMain NO-SOURCE
> Task :composeApp:copyNonXmlValueResourcesForNativeMain NO-SOURCE
> Task :composeApp:prepareComposeResourcesTaskForNativeMain NO-SOURCE
> Task :composeApp:generateResourceAccessorsForNativeMain SKIPPED
> Task :composeApp:generateComposeResClass SKIPPED
> Task :composeApp:generateExpectResourceCollectorsForCommonMain SKIPPED
> Task :composeApp:prepareComposeResourcesTaskForIosMain NO-SOURCE
> Task :composeApp:generateResourceAccessorsForIosMain SKIPPED
> Task :composeApp:generateActualResourceCollectorsForIosArm64Main SKIPPED
> Task :composeApp:convertXmlValueResourcesForIosSimulatorArm64Main NO-SOURCE
> Task :composeApp:copyNonXmlValueResourcesForIosSimulatorArm64Main NO-SOURCE
> Task :composeApp:prepareComposeResourcesTaskForIosSimulatorArm64Main NO-SOURCE
> Task :composeApp:generateResourceAccessorsForIosSimulatorArm64Main SKIPPED
> Task :composeApp:generateActualResourceCollectorsForIosSimulatorArm64Main SKIPPED

> Task :common:compileKotlinIosSimulatorArm64
Kotlin/Native bundle directory /Users/runner/.konan/kotlin-native-prebuilt-macos-aarch64-2.2.10 is not empty. Native bundle files will be overwritten.

> Task :common:compileKotlinIosArm64
> Task :common:compileKotlinIosX64

> Task :common:compileKotlinIosArm64
Downloading native dependencies (LLVM, sysroot etc). This is a one-time action performed only on the first run of the compiler.
Downloading dependency https://download.jetbrains.com/kotlin/native/resources/llvm/19-aarch64-macos/llvm-19-aarch64-macos-essentials-75.tar.gz to /Users/runner/.konan/dependencies/cache/llvm-19-aarch64-macos-essentials-75.tar.gz
Done.
Extracting dependency: /Users/runner/.konan/dependencies/cache/llvm-19-aarch64-macos-essentials-75.tar.gz into /Users/runner/.konan/dependencies
Downloading dependency https://download.jetbrains.com/kotlin/native/libffi-3.3-1-macos-arm64.tar.gz to /Users/runner/.konan/dependencies/cache/libffi-3.3-1-macos-arm64.tar.gz
Done.
Extracting dependency: /Users/runner/.konan/dependencies/cache/libffi-3.3-1-macos-arm64.tar.gz into /Users/runner/.konan/dependencies
w: file:///Users/runner/work/echo-nightly/echo-nightly/common/src/commonMain/kotlin/dev/brahmkshatriya/echo/common/models/Date.kt:47:19 'val monthNumber: Int' is deprecated. Use the 'month' property instead.
w: file:///Users/runner/work/echo-nightly/echo-nightly/common/src/commonMain/kotlin/dev/brahmkshatriya/echo/common/models/Date.kt:47:45 'val dayOfMonth: Int' is deprecated. Use the 'day' property instead.
w: file:///Users/runner/work/echo-nightly/echo-nightly/common/src/commonMain/kotlin/dev/brahmkshatriya/echo/common/models/Date.kt:48:20 'val monthNumber: Int' is deprecated. Use the 'month' property instead.
w: file:///Users/runner/work/echo-nightly/echo-nightly/common/src/commonMain/kotlin/dev/brahmkshatriya/echo/common/models/Date.kt:51:19 'val dayOfMonth: Int' is deprecated. Use the 'day' property instead.
w: file:///Users/runner/work/echo-nightly/echo-nightly/common/src/commonMain/kotlin/dev/brahmkshatriya/echo/common/models/Date.kt:52:20 'val dayOfMonth: Int' is deprecated. Use the 'day' property instead.
w: file:///Users/runner/work/echo-nightly/echo-nightly/common/src/commonMain/kotlin/dev/brahmkshatriya/echo/common/models/EchoFile.kt:12:1 'expect'/'actual' classes (including interfaces, objects, annotations, enums, and 'actual' typealiases) are in Beta. Consider using the '-Xexpect-actual-classes' flag to suppress this warning. Also see: https://youtrack.jetbrains.com/issue/KT-61573
w: file:///Users/runner/work/echo-nightly/echo-nightly/common/src/iosMain/kotlin/dev/brahmkshatriya/echo/common/models/EchoFileIos.kt:10:1 'expect'/'actual' classes (including interfaces, objects, annotations, enums, and 'actual' typealiases) are in Beta. Consider using the '-Xexpect-actual-classes' flag to suppress this warning. Also see: https://youtrack.jetbrains.com/issue/KT-61573

> Task :common:compileKotlinIosX64
w: file:///Users/runner/work/echo-nightly/echo-nightly/common/src/commonMain/kotlin/dev/brahmkshatriya/echo/common/models/Date.kt:47:19 'val monthNumber: Int' is deprecated. Use the 'month' property instead.
w: file:///Users/runner/work/echo-nightly/echo-nightly/common/src/commonMain/kotlin/dev/brahmkshatriya/echo/common/models/Date.kt:47:45 'val dayOfMonth: Int' is deprecated. Use the 'day' property instead.
w: file:///Users/runner/work/echo-nightly/echo-nightly/common/src/commonMain/kotlin/dev/brahmkshatriya/echo/common/models/Date.kt:48:20 'val monthNumber: Int' is deprecated. Use the 'month' property instead.
w: file:///Users/runner/work/echo-nightly/echo-nightly/common/src/commonMain/kotlin/dev/brahmkshatriya/echo/common/models/Date.kt:51:19 'val dayOfMonth: Int' is deprecated. Use the 'day' property instead.
w: file:///Users/runner/work/echo-nightly/echo-nightly/common/src/commonMain/kotlin/dev/brahmkshatriya/echo/common/models/Date.kt:52:20 'val dayOfMonth: Int' is deprecated. Use the 'day' property instead.
w: file:///Users/runner/work/echo-nightly/echo-nightly/common/src/commonMain/kotlin/dev/brahmkshatriya/echo/common/models/EchoFile.kt:12:1 'expect'/'actual' classes (including interfaces, objects, annotations, enums, and 'actual' typealiases) are in Beta. Consider using the '-Xexpect-actual-classes' flag to suppress this warning. Also see: https://youtrack.jetbrains.com/issue/KT-61573
w: file:///Users/runner/work/echo-nightly/echo-nightly/common/src/iosMain/kotlin/dev/brahmkshatriya/echo/common/models/EchoFileIos.kt:10:1 'expect'/'actual' classes (including interfaces, objects, annotations, enums, and 'actual' typealiases) are in Beta. Consider using the '-Xexpect-actual-classes' flag to suppress this warning. Also see: https://youtrack.jetbrains.com/issue/KT-61573

> Task :common:compileKotlinIosSimulatorArm64
w: file:///Users/runner/work/echo-nightly/echo-nightly/common/src/commonMain/kotlin/dev/brahmkshatriya/echo/common/models/Date.kt:47:19 'val monthNumber: Int' is deprecated. Use the 'month' property instead.
w: file:///Users/runner/work/echo-nightly/echo-nightly/common/src/commonMain/kotlin/dev/brahmkshatriya/echo/common/models/Date.kt:47:45 'val dayOfMonth: Int' is deprecated. Use the 'day' property instead.
w: file:///Users/runner/work/echo-nightly/echo-nightly/common/src/commonMain/kotlin/dev/brahmkshatriya/echo/common/models/Date.kt:48:20 'val monthNumber: Int' is deprecated. Use the 'month' property instead.
w: file:///Users/runner/work/echo-nightly/echo-nightly/common/src/commonMain/kotlin/dev/brahmkshatriya/echo/common/models/Date.kt:51:19 'val dayOfMonth: Int' is deprecated. Use the 'day' property instead.
w: file:///Users/runner/work/echo-nightly/echo-nightly/common/src/commonMain/kotlin/dev/brahmkshatriya/echo/common/models/Date.kt:52:20 'val dayOfMonth: Int' is deprecated. Use the 'day' property instead.
w: file:///Users/runner/work/echo-nightly/echo-nightly/common/src/commonMain/kotlin/dev/brahmkshatriya/echo/common/models/EchoFile.kt:12:1 'expect'/'actual' classes (including interfaces, objects, annotations, enums, and 'actual' typealiases) are in Beta. Consider using the '-Xexpect-actual-classes' flag to suppress this warning. Also see: https://youtrack.jetbrains.com/issue/KT-61573
w: file:///Users/runner/work/echo-nightly/echo-nightly/common/src/iosMain/kotlin/dev/brahmkshatriya/echo/common/models/EchoFileIos.kt:10:1 'expect'/'actual' classes (including interfaces, objects, annotations, enums, and 'actual' typealiases) are in Beta. Consider using the '-Xexpect-actual-classes' flag to suppress this warning. Also see: https://youtrack.jetbrains.com/issue/KT-61573

> Task :composeApp:convertXmlValueResourcesForIosX64Main NO-SOURCE
> Task :composeApp:copyNonXmlValueResourcesForIosX64Main NO-SOURCE
> Task :composeApp:prepareComposeResourcesTaskForIosX64Main NO-SOURCE
> Task :composeApp:generateResourceAccessorsForIosX64Main SKIPPED
> Task :composeApp:generateActualResourceCollectorsForIosX64Main SKIPPED

> Task :composeApp:compileKotlinIosArm64 FAILED
e: file:///Users/runner/work/echo-nightly/echo-nightly/composeApp/src/commonMain/kotlin/dev/brahmkshatriya/echo/player/audio/PlaybackController.kt:41:1 Class 'PlaybackController' is not abstract and does not implement abstract members:
fun onPlay(): Unit
fun onPause(): Unit
fun onTogglePlayPause(): Unit
fun onNext(): Unit
fun onPrevious(): Unit
fun onSeekTo(positionMs: Long): Unit
fun onSkipForward(): Unit
fun onSkipBackward(): Unit
e: file:///Users/runner/work/echo-nightly/echo-nightly/composeApp/src/commonMain/kotlin/dev/brahmkshatriya/echo/player/audio/QueueItem.kt:43:32 Unresolved reference 'Clock'.
e: file:///Users/runner/work/echo-nightly/echo-nightly/composeApp/src/commonMain/kotlin/dev/brahmkshatriya/echo/player/audio/QueueManager.kt:46:39 Unresolved reference 'Track'.
e: file:///Users/runner/work/echo-nightly/echo-nightly/composeApp/src/commonMain/kotlin/dev/brahmkshatriya/echo/player/audio/QueueManager.kt:50:42 Cannot infer type for this parameter. Specify it explicitly.
e: file:///Users/runner/work/echo-nightly/echo-nightly/composeApp/src/commonMain/kotlin/dev/brahmkshatriya/echo/player/di/AppGraph.kt:84:17 Argument type mismatch: actual type is 'Function0<MusicExtension>', but 'BuiltinExtensionFactory' was expected.
e: file:///Users/runner/work/echo-nightly/echo-nightly/composeApp/src/commonMain/kotlin/dev/brahmkshatriya/echo/player/di/AppGraph.kt:85:17 Argument type mismatch: actual type is 'Function0<MusicExtension>', but 'BuiltinExtensionFactory' was expected.
e: file:///Users/runner/work/echo-nightly/echo-nightly/composeApp/src/commonMain/kotlin/dev/brahmkshatriya/echo/player/di/AppGraph.kt:150:9 Unresolved reference 'engine'.
e: file:///Users/runner/work/echo-nightly/echo-nightly/composeApp/src/commonMain/kotlin/dev/brahmkshatriya/echo/player/domain/EchoError.kt:49:10 Class 'EchoError.Cancelled' is not abstract and does not implement abstract member:
val cause: Throwable?
e: file:///Users/runner/work/echo-nightly/echo-nightly/composeApp/src/commonMain/kotlin/dev/brahmkshatriya/echo/player/domain/EchoError.kt:68:20 Argument type mismatch: actual type is 'EchoError', but 'Throwable' was expected.
e: file:///Users/runner/work/echo-nightly/echo-nightly/composeApp/src/commonMain/kotlin/dev/brahmkshatriya/echo/player/domain/EchoError.kt:76:20 Argument type mismatch: actual type is 'EchoError', but 'Throwable' was expected.
e: file:///Users/runner/work/echo-nightly/echo-nightly/composeApp/src/commonMain/kotlin/dev/brahmkshatriya/echo/player/download/DownloadRepository.kt:244:24 Type mismatch: inferred type is 'EchoError.Extension', but 'Throwable' was expected.
e: file:///Users/runner/work/echo-nightly/echo-nightly/composeApp/src/commonMain/kotlin/dev/brahmkshatriya/echo/player/download/DownloadRepository.kt:246:73 Unresolved reference 'resolve'.
e: file:///Users/runner/work/echo-nightly/echo-nightly/composeApp/src/commonMain/kotlin/dev/brahmkshatriya/echo/player/download/DownloadRepository.kt:303:19 Type mismatch: inferred type is 'EchoError.Storage', but 'Throwable' was expected.
e: file:///Users/runner/work/echo-nightly/echo-nightly/composeApp/src/commonMain/kotlin/dev/brahmkshatriya/echo/player/download/DownloadRepository.kt:305:27 Unresolved reference 'bytes'.
e: file:///Users/runner/work/echo-nightly/echo-nightly/composeApp/src/commonMain/kotlin/dev/brahmkshatriya/echo/player/download/DownloadRepository.kt:309:19 Type mismatch: inferred type is 'EchoError.Storage', but 'Throwable' was expected.
e: file:///Users/runner/work/echo-nightly/echo-nightly/composeApp/src/commonMain/kotlin/dev/brahmkshatriya/echo/player/download/DownloadRepository.kt:360:44 Unresolved reference 'Clock'.
e: file:///Users/runner/work/echo-nightly/echo-nightly/composeApp/src/commonMain/kotlin/dev/brahmkshatriya/echo/player/extensions/ExtensionRuntime.kt:35:29 Unresolved reference 'BUILT_IN'.
e: file:///Users/runner/work/echo-nightly/echo-nightly/composeApp/src/commonMain/kotlin/dev/brahmkshatriya/echo/player/extensions/ExtensionRuntime.kt:138:38 Argument type mismatch: actual type is 'EchoError.Extension', but 'Throwable' was expected.
e: file:///Users/runner/work/echo-nightly/echo-nightly/composeApp/src/commonMain/kotlin/dev/brahmkshatriya/echo/player/extensions/ExtensionRuntime.kt:141:26 Type mismatch: inferred type is 'EchoError.Extension', but 'Throwable' was expected.
e: file:///Users/runner/work/echo-nightly/echo-nightly/composeApp/src/commonMain/kotlin/dev/brahmkshatriya/echo/player/extensions/ExtensionRuntime.kt:143:23 Argument type mismatch: actual type is 'Result<ExtensionClient>', but 'ExtensionClient' was expected.
e: file:///Users/runner/work/echo-nightly/echo-nightly/composeApp/src/commonMain/kotlin/dev/brahmkshatriya/echo/player/extensions/ExtensionRuntime.kt:146:22 Throwable type mismatch: actual type is 'EchoError'.
e: file:///Users/runner/work/echo-nightly/echo-nightly/composeApp/src/commonMain/kotlin/dev/brahmkshatriya/echo/player/extensions/ExtensionRuntime.kt:147:23 Type mismatch: inferred type is 'EchoError.Extension', but 'Throwable' was expected.
e: file:///Users/runner/work/echo-nightly/echo-nightly/composeApp/src/commonMain/kotlin/dev/brahmkshatriya/echo/player/extensions/ExtensionRuntime.kt:147:68 Argument type mismatch: actual type is 'EchoError', but 'Throwable?' was expected.
e: file:///Users/runner/work/echo-nightly/echo-nightly/composeApp/src/commonMain/kotlin/dev/brahmkshatriya/echo/player/extensions/ExtensionRuntime.kt:149:23 Type mismatch: inferred type is 'EchoError.Extension', but 'Throwable' was expected.
e: file:///Users/runner/work/echo-nightly/echo-nightly/composeApp/src/commonMain/kotlin/dev/brahmkshatriya/echo/player/extensions/local/LocalExtension.kt:10:47 Unresolved reference 'Feed'.
e: file:///Users/runner/work/echo-nightly/echo-nightly/composeApp/src/commonMain/kotlin/dev/brahmkshatriya/echo/player/extensions/local/LocalExtension.kt:116:59 Cannot access 'constructor(): ClientException': it is protected in 'dev/brahmkshatriya/echo/common/helpers/ClientException'.
e: file:///Users/runner/work/echo-nightly/echo-nightly/composeApp/src/commonMain/kotlin/dev/brahmkshatriya/echo/player/extensions/local/LocalExtension.kt:120:52 Unresolved reference 'Feed'.
e: file:///Users/runner/work/echo-nightly/echo-nightly/composeApp/src/commonMain/kotlin/dev/brahmkshatriya/echo/player/extensions/local/LocalExtension.kt:123:16 Unresolved reference 'Feed'.
e: file:///Users/runner/work/echo-nightly/echo-nightly/composeApp/src/commonMain/kotlin/dev/brahmkshatriya/echo/player/extensions/local/LocalExtension.kt:123:21 Cannot infer type for this parameter. Specify it explicitly.
e: file:///Users/runner/work/echo-nightly/echo-nightly/composeApp/src/commonMain/kotlin/dev/brahmkshatriya/echo/player/extensions/local/LocalExtension.kt:123:61 Unresolved reference 'toFeedData'.
e: file:///Users/runner/work/echo-nightly/echo-nightly/composeApp/src/commonMain/kotlin/dev/brahmkshatriya/echo/player/extensions/local/LocalExtension.kt:126:50 Unresolved reference 'Feed'.
e: file:///Users/runner/work/echo-nightly/echo-nightly/composeApp/src/commonMain/kotlin/dev/brahmkshatriya/echo/player/extensions/local/LocalExtension.kt:130:61 Cannot access 'constructor(): ClientException': it is protected in 'dev/brahmkshatriya/echo/common/helpers/ClientException'.
e: file:///Users/runner/work/echo-nightly/echo-nightly/composeApp/src/commonMain/kotlin/dev/brahmkshatriya/echo/player/extensions/local/LocalExtension.kt:134:52 Unresolved reference 'Feed'.
e: file:///Users/runner/work/echo-nightly/echo-nightly/composeApp/src/commonMain/kotlin/dev/brahmkshatriya/echo/player/extensions/local/LocalExtension.kt:159:61 Cannot access 'constructor(): ClientException': it is protected in 'dev/brahmkshatriya/echo/common/helpers/ClientException'.
e: file:///Users/runner/work/echo-nightly/echo-nightly/composeApp/src/commonMain/kotlin/dev/brahmkshatriya/echo/player/extensions/local/LocalExtension.kt:164:50 Unresolved reference 'Feed'.
e: file:///Users/runner/work/echo-nightly/echo-nightly/composeApp/src/commonMain/kotlin/dev/brahmkshatriya/echo/player/extensions/local/LocalExtension.kt:211:57 Unresolved reference 'toFeedData'.
e: file:///Users/runner/work/echo-nightly/echo-nightly/composeApp/src/commonMain/kotlin/dev/brahmkshatriya/echo/player/extensions/subsonic/SubsonicApi.kt:45:35 Type mismatch: inferred type is 'EchoError.Extension', but 'Throwable' was expected.
e: file:///Users/runner/work/echo-nightly/echo-nightly/composeApp/src/commonMain/kotlin/dev/brahmkshatriya/echo/player/extensions/subsonic/SubsonicApi.kt:59:35 Type mismatch: inferred type is 'EchoError.Extension', but 'Throwable' was expected.
e: file:///Users/runner/work/echo-nightly/echo-nightly/composeApp/src/commonMain/kotlin/dev/brahmkshatriya/echo/player/extensions/subsonic/SubsonicApi.kt:73:22 Type mismatch: inferred type is 'EchoError.Network', but 'Throwable' was expected.
e: file:///Users/runner/work/echo-nightly/echo-nightly/composeApp/src/commonMain/kotlin/dev/brahmkshatriya/echo/player/extensions/subsonic/SubsonicApi.kt:75:19 Type mismatch: inferred type is 'EchoError.Network', but 'Throwable' was expected.
e: file:///Users/runner/work/echo-nightly/echo-nightly/composeApp/src/commonMain/kotlin/dev/brahmkshatriya/echo/player/extensions/subsonic/SubsonicApi.kt:105:22 Type mismatch: inferred type is 'EchoError.Network', but 'Throwable' was expected.
e: file:///Users/runner/work/echo-nightly/echo-nightly/composeApp/src/commonMain/kotlin/dev/brahmkshatriya/echo/player/extensions/subsonic/SubsonicApi.kt:111:22 Type mismatch: inferred type is 'EchoError.Network', but 'Throwable' was expected.
e: file:///Users/runner/work/echo-nightly/echo-nightly/composeApp/src/commonMain/kotlin/dev/brahmkshatriya/echo/player/extensions/subsonic/SubsonicApi.kt:145:19 Type mismatch: inferred type is 'EchoError.Network', but 'Throwable' was expected.
e: file:///Users/runner/work/echo-nightly/echo-nightly/composeApp/src/commonMain/kotlin/dev/brahmkshatriya/echo/player/extensions/subsonic/SubsonicApi.kt:152:47 Type mismatch: inferred type is 'EchoError.Network', but 'Throwable' was expected.
e: file:///Users/runner/work/echo-nightly/echo-nightly/composeApp/src/commonMain/kotlin/dev/brahmkshatriya/echo/player/extensions/subsonic/SubsonicApi.kt:154:19 Type mismatch: inferred type is 'EchoError.Network', but 'Throwable' was expected.
e: file:///Users/runner/work/echo-nightly/echo-nightly/composeApp/src/commonMain/kotlin/dev/brahmkshatriya/echo/player/extensions/subsonic/SubsonicApi.kt:159:36 Type mismatch: inferred type is 'EchoError.Network', but 'Throwable' was expected.
e: file:///Users/runner/work/echo-nightly/echo-nightly/composeApp/src/commonMain/kotlin/dev/brahmkshatriya/echo/player/extensions/subsonic/SubsonicExtension.kt:10:47 Unresolved reference 'Feed'.
e: file:///Users/runner/work/echo-nightly/echo-nightly/composeApp/src/commonMain/kotlin/dev/brahmkshatriya/echo/player/extensions/subsonic/SubsonicExtension.kt:42:19 Cannot access 'constructor(): ClientException': it is protected in 'dev/brahmkshatriya/echo/common/helpers/ClientException'.
e: file:///Users/runner/work/echo-nightly/echo-nightly/composeApp/src/commonMain/kotlin/dev/brahmkshatriya/echo/player/extensions/subsonic/SubsonicExtension.kt:65:9 No parameter with name 'genres' found.
e: file:///Users/runner/work/echo-nightly/echo-nightly/composeApp/src/commonMain/kotlin/dev/brahmkshatriya/echo/player/extensions/subsonic/SubsonicExtension.kt:76:9 No parameter with name 'genres' found.
e: file:///Users/runner/work/echo-nightly/echo-nightly/composeApp/src/commonMain/kotlin/dev/brahmkshatriya/echo/player/extensions/subsonic/SubsonicExtension.kt:103:42 Unresolved reference 'Feed'.
e: file:///Users/runner/work/echo-nightly/echo-nightly/composeApp/src/commonMain/kotlin/dev/brahmkshatriya/echo/player/extensions/subsonic/SubsonicExtension.kt:114:57 Unresolved reference 'Feed'.
e: file:///Users/runner/work/echo-nightly/echo-nightly/composeApp/src/commonMain/kotlin/dev/brahmkshatriya/echo/player/extensions/subsonic/SubsonicExtension.kt:129:52 Unresolved reference 'Feed'.
e: file:///Users/runner/work/echo-nightly/echo-nightly/composeApp/src/commonMain/kotlin/dev/brahmkshatriya/echo/player/extensions/subsonic/SubsonicExtension.kt:134:16 Unresolved reference 'Feed'.
e: file:///Users/runner/work/echo-nightly/echo-nightly/composeApp/src/commonMain/kotlin/dev/brahmkshatriya/echo/player/extensions/subsonic/SubsonicExtension.kt:134:21 Cannot infer type for this parameter. Specify it explicitly.
e: file:///Users/runner/work/echo-nightly/echo-nightly/composeApp/src/commonMain/kotlin/dev/brahmkshatriya/echo/player/extensions/subsonic/SubsonicExtension.kt:134:61 Unresolved reference 'toFeedData'.
e: file:///Users/runner/work/echo-nightly/echo-nightly/composeApp/src/commonMain/kotlin/dev/brahmkshatriya/echo/player/extensions/subsonic/SubsonicExtension.kt:137:50 Unresolved reference 'Feed'.
e: file:///Users/runner/work/echo-nightly/echo-nightly/composeApp/src/commonMain/kotlin/dev/brahmkshatriya/echo/player/extensions/subsonic/SubsonicExtension.kt:144:52 Unresolved reference 'Feed'.
e: file:///Users/runner/work/echo-nightly/echo-nightly/composeApp/src/commonMain/kotlin/dev/brahmkshatriya/echo/player/extensions/subsonic/SubsonicExtension.kt:182:50 Unresolved reference 'Feed'.
e: file:///Users/runner/work/echo-nightly/echo-nightly/composeApp/src/commonMain/kotlin/dev/brahmkshatriya/echo/player/extensions/subsonic/SubsonicExtension.kt:194:39 Unresolved reference 'Feed'.
e: file:///Users/runner/work/echo-nightly/echo-nightly/composeApp/src/commonMain/kotlin/dev/brahmkshatriya/echo/player/extensions/subsonic/SubsonicExtension.kt:195:9 Unresolved reference 'Feed'.
e: file:///Users/runner/work/echo-nightly/echo-nightly/composeApp/src/commonMain/kotlin/dev/brahmkshatriya/echo/player/extensions/subsonic/SubsonicExtension.kt:195:14 Cannot infer type for this parameter. Specify it explicitly.
e: file:///Users/runner/work/echo-nightly/echo-nightly/composeApp/src/commonMain/kotlin/dev/brahmkshatriya/echo/player/extensions/subsonic/SubsonicExtension.kt:195:52 Unresolved reference 'toFeedData'.
e: file:///Users/runner/work/echo-nightly/echo-nightly/composeApp/src/commonMain/kotlin/dev/brahmkshatriya/echo/player/library/DefaultStreamResolver.kt:65:22 Type mismatch: inferred type is 'EchoError.Extension', but 'Throwable' was expected.
e: file:///Users/runner/work/echo-nightly/echo-nightly/composeApp/src/commonMain/kotlin/dev/brahmkshatriya/echo/player/library/DefaultStreamResolver.kt:68:22 Type mismatch: inferred type is 'EchoError.Extension', but 'Throwable' was expected.
e: file:///Users/runner/work/echo-nightly/echo-nightly/composeApp/src/commonMain/kotlin/dev/brahmkshatriya/echo/player/library/DefaultStreamResolver.kt:70:22 Type mismatch: inferred type is 'EchoError.Playback', but 'Throwable' was expected.
e: file:///Users/runner/work/echo-nightly/echo-nightly/composeApp/src/commonMain/kotlin/dev/brahmkshatriya/echo/player/library/DefaultStreamResolver.kt:74:36 Type mismatch: inferred type is 'EchoError.Extension', but 'Throwable' was expected.
e: file:///Users/runner/work/echo-nightly/echo-nightly/composeApp/src/commonMain/kotlin/dev/brahmkshatriya/echo/player/library/DefaultStreamResolver.kt:78:22 Type mismatch: inferred type is 'EchoError.Playback', but 'Throwable' was expected.
e: file:///Users/runner/work/echo-nightly/echo-nightly/composeApp/src/commonMain/kotlin/dev/brahmkshatriya/echo/player/library/DefaultStreamResolver.kt:81:32 Type mismatch: inferred type is 'EchoError.Extension', but 'Throwable' was expected.
e: file:///Users/runner/work/echo-nightly/echo-nightly/composeApp/src/commonMain/kotlin/dev/brahmkshatriya/echo/player/library/DefaultStreamResolver.kt:86:30 Type mismatch: inferred type is 'EchoError.Playback', but 'Throwable' was expected.
e: file:///Users/runner/work/echo-nightly/echo-nightly/composeApp/src/commonMain/kotlin/dev/brahmkshatriya/echo/player/library/DefaultStreamResolver.kt:88:30 Type mismatch: inferred type is 'EchoError.Playback', but 'Throwable' was expected.
e: file:///Users/runner/work/echo-nightly/echo-nightly/composeApp/src/commonMain/kotlin/dev/brahmkshatriya/echo/player/library/DefaultStreamResolver.kt:97:27 Type mismatch: inferred type is 'EchoError.Playback', but 'Throwable' was expected.
e: file:///Users/runner/work/echo-nightly/echo-nightly/composeApp/src/commonMain/kotlin/dev/brahmkshatriya/echo/player/library/LibraryRepositories.kt:132:26 Unresolved reference 'Clock'.
e: file:///Users/runner/work/echo-nightly/echo-nightly/composeApp/src/commonMain/kotlin/dev/brahmkshatriya/echo/player/library/LibraryRepositories.kt:135:48 Unresolved reference 'Clock'.
e: file:///Users/runner/work/echo-nightly/echo-nightly/composeApp/src/commonMain/kotlin/dev/brahmkshatriya/echo/player/library/LibraryRepositories.kt:152:43 'return' is prohibited here.
e: file:///Users/runner/work/echo-nightly/echo-nightly/composeApp/src/commonMain/kotlin/dev/brahmkshatriya/echo/player/library/LibraryRepositories.kt:191:43 'return' is prohibited here.
e: file:///Users/runner/work/echo-nightly/echo-nightly/composeApp/src/commonMain/kotlin/dev/brahmkshatriya/echo/player/library/LibraryRepositories.kt:210:48 Unresolved reference 'Clock'.
e: file:///Users/runner/work/echo-nightly/echo-nightly/composeApp/src/commonMain/kotlin/dev/brahmkshatriya/echo/player/library/LocalLibraryRepository.kt:106:41 Type mismatch: inferred type is 'EchoError.Storage', but 'Throwable' was expected.
e: file:///Users/runner/work/echo-nightly/echo-nightly/composeApp/src/commonMain/kotlin/dev/brahmkshatriya/echo/player/library/LocalLibraryRepository.kt:116:50 Cannot infer type for this parameter. Specify it explicitly.
e: file:///Users/runner/work/echo-nightly/echo-nightly/composeApp/src/commonMain/kotlin/dev/brahmkshatriya/echo/player/library/LocalLibraryRepository.kt:116:50 Not enough information to infer type argument for 'R'.
e: file:///Users/runner/work/echo-nightly/echo-nightly/composeApp/src/commonMain/kotlin/dev/brahmkshatriya/echo/player/library/LocalLibraryRepository.kt:118:45 Unresolved reference 'resolve'.
e: file:///Users/runner/work/echo-nightly/echo-nightly/composeApp/src/commonMain/kotlin/dev/brahmkshatriya/echo/player/library/LocalLibraryRepository.kt:118:64 Cannot infer type for this parameter. Specify it explicitly.
e: file:///Users/runner/work/echo-nightly/echo-nightly/composeApp/src/commonMain/kotlin/dev/brahmkshatriya/echo/player/library/LocalLibraryRepository.kt:118:69 Cannot infer type for this parameter. Specify it explicitly.
e: file:///Users/runner/work/echo-nightly/echo-nightly/composeApp/src/commonMain/kotlin/dev/brahmkshatriya/echo/player/library/LocalLibraryRepository.kt:118:74 Unresolved reference 'mkdirs'.
e: file:///Users/runner/work/echo-nightly/echo-nightly/composeApp/src/commonMain/kotlin/dev/brahmkshatriya/echo/player/library/LocalLibraryRepository.kt:118:85 Unresolved reference 'resolve'.
e: file:///Users/runner/work/echo-nightly/echo-nightly/composeApp/src/commonMain/kotlin/dev/brahmkshatriya/echo/player/library/LocalLibraryRepository.kt:119:17 Cannot infer type for this parameter. Specify it explicitly.
e: file:///Users/runner/work/echo-nightly/echo-nightly/composeApp/src/commonMain/kotlin/dev/brahmkshatriya/echo/player/library/LocalLibraryRepository.kt:120:22 Cannot infer type for this parameter. Specify it explicitly.
e: file:///Users/runner/work/echo-nightly/echo-nightly/composeApp/src/commonMain/kotlin/dev/brahmkshatriya/echo/player/library/LocalLibraryRepository.kt:120:22 Not enough information to infer type argument for 'T'.
e: file:///Users/runner/work/echo-nightly/echo-nightly/composeApp/src/commonMain/kotlin/dev/brahmkshatriya/echo/player/library/LocalLibraryRepository.kt:121:35 Cannot infer type for this parameter. Specify it explicitly.
e: file:///Users/runner/work/echo-nightly/echo-nightly/composeApp/src/commonMain/kotlin/dev/brahmkshatriya/echo/player/library/LocalLibraryRepository.kt:121:35 Not enough information to infer type argument for 'R'.
e: file:///Users/runner/work/echo-nightly/echo-nightly/composeApp/src/commonMain/kotlin/dev/brahmkshatriya/echo/player/library/LocalLibraryRepository.kt:121:35 Unresolved reference. None of the following candidates is applicable because of a receiver type mismatch:
fun <T, R> T.let(block: (T) -> R): R
    [R|Contract description]
     <
        CallsInPlace(block, EXACTLY_ONCE)
    >
e: file:///Users/runner/work/echo-nightly/echo-nightly/composeApp/src/commonMain/kotlin/dev/brahmkshatriya/echo/player/library/LocalLibraryRepository.kt:121:39 Cannot infer type for this parameter. Specify it explicitly.
e: file:///Users/runner/work/echo-nightly/echo-nightly/composeApp/src/commonMain/kotlin/dev/brahmkshatriya/echo/player/library/LocalLibraryRepository.kt:216:44 Unresolved reference 'Clock'.
e: file:///Users/runner/work/echo-nightly/echo-nightly/composeApp/src/commonMain/kotlin/dev/brahmkshatriya/echo/player/library/SearchRepository.kt:3:47 Unresolved reference 'Feed'.
e: file:///Users/runner/work/echo-nightly/echo-nightly/composeApp/src/commonMain/kotlin/dev/brahmkshatriya/echo/player/library/SearchRepository.kt:39:13 Not enough information to infer type argument for 'K'.
e: file:///Users/runner/work/echo-nightly/echo-nightly/composeApp/src/commonMain/kotlin/dev/brahmkshatriya/echo/player/library/SearchRepository.kt:40:17 Cannot infer type for this parameter. Specify it explicitly.
e: file:///Users/runner/work/echo-nightly/echo-nightly/composeApp/src/commonMain/kotlin/dev/brahmkshatriya/echo/player/library/SearchRepository.kt:40:36 Unresolved reference 'loadAll'.
e: file:///Users/runner/work/echo-nightly/echo-nightly/composeApp/src/commonMain/kotlin/dev/brahmkshatriya/echo/player/library/SearchRepository.kt:41:22 Cannot infer type for this parameter. Specify it explicitly.
e: file:///Users/runner/work/echo-nightly/echo-nightly/composeApp/src/commonMain/kotlin/dev/brahmkshatriya/echo/player/library/SearchRepository.kt:41:22 Not enough information to infer type argument for 'T'.
e: file:///Users/runner/work/echo-nightly/echo-nightly/composeApp/src/commonMain/kotlin/dev/brahmkshatriya/echo/player/library/SearchRepository.kt:41:32 Cannot infer type for this parameter. Specify it explicitly.
e: file:///Users/runner/work/echo-nightly/echo-nightly/composeApp/src/commonMain/kotlin/dev/brahmkshatriya/echo/player/library/SearchRepository.kt:42:22 Cannot infer type for this parameter. Specify it explicitly.
e: file:///Users/runner/work/echo-nightly/echo-nightly/composeApp/src/commonMain/kotlin/dev/brahmkshatriya/echo/player/library/SearchRepository.kt:42:22 Not enough information to infer type argument for 'T'.
e: file:///Users/runner/work/echo-nightly/echo-nightly/composeApp/src/commonMain/kotlin/dev/brahmkshatriya/echo/player/library/SearchRepository.kt:52:17 Cannot infer type for this parameter. Specify it explicitly.
e: file:///Users/runner/work/echo-nightly/echo-nightly/composeApp/src/commonMain/kotlin/dev/brahmkshatriya/echo/player/library/SearchRepository.kt:53:25 Unresolved reference 'HomeFeedClient'.
e: file:///Users/runner/work/echo-nightly/echo-nightly/composeApp/src/commonMain/kotlin/dev/brahmkshatriya/echo/player/library/SearchRepository.kt:53:42 Unresolved reference 'loadHomeFeed'.
e: file:///Users/runner/work/echo-nightly/echo-nightly/composeApp/src/commonMain/kotlin/dev/brahmkshatriya/echo/player/library/SearchRepository.kt:54:11 Cannot infer type for this parameter. Specify it explicitly.
e: file:///Users/runner/work/echo-nightly/echo-nightly/composeApp/src/commonMain/kotlin/dev/brahmkshatriya/echo/player/library/SearchRepository.kt:54:11 Not enough information to infer type argument for 'R'.
e: file:///Users/runner/work/echo-nightly/echo-nightly/composeApp/src/commonMain/kotlin/dev/brahmkshatriya/echo/player/library/SearchRepository.kt:54:11 Not enough information to infer type argument for 'T'.
e: file:///Users/runner/work/echo-nightly/echo-nightly/composeApp/src/commonMain/kotlin/dev/brahmkshatriya/echo/player/library/SearchRepository.kt:54:25 Cannot infer type for this parameter. Specify it explicitly.
e: file:///Users/runner/work/echo-nightly/echo-nightly/composeApp/src/commonMain/kotlin/dev/brahmkshatriya/echo/player/library/SearchRepository.kt:55:19 Unresolved reference 'loadAll'.
e: file:///Users/runner/work/echo-nightly/echo-nightly/composeApp/src/commonMain/kotlin/dev/brahmkshatriya/echo/player/library/SearchRepository.kt:55:32 Cannot infer type for this parameter. Specify it explicitly.
e: file:///Users/runner/work/echo-nightly/echo-nightly/composeApp/src/commonMain/kotlin/dev/brahmkshatriya/echo/player/library/SearchRepository.kt:55:32 Not enough information to infer type argument for 'T'.
e: file:///Users/runner/work/echo-nightly/echo-nightly/composeApp/src/commonMain/kotlin/dev/brahmkshatriya/echo/player/ui/App.kt:43:37 Unresolved reference 'LocalConfiguration'.
e: file:///Users/runner/work/echo-nightly/echo-nightly/composeApp/src/commonMain/kotlin/dev/brahmkshatriya/echo/player/ui/App.kt:105:29 Unresolved reference 'LocalConfiguration'.
e: file:///Users/runner/work/echo-nightly/echo-nightly/composeApp/src/commonMain/kotlin/dev/brahmkshatriya/echo/player/ui/Artwork.kt:45:34 This type is final, so it cannot be extended.
e: file:///Users/runner/work/echo-nightly/echo-nightly/composeApp/src/commonMain/kotlin/dev/brahmkshatriya/echo/player/ui/Artwork.kt:45:34 Cannot access 'constructor<K, V>(keysArray: Array<K>, valuesArray: Array<V>?, presenceArray: IntArray, hashArray: IntArray, maxProbeDistance: Int, length: Int): HashMap<K, V>': it is private in 'kotlin/collections/HashMap'.
e: file:///Users/runner/work/echo-nightly/echo-nightly/composeApp/src/commonMain/kotlin/dev/brahmkshatriya/echo/player/ui/Artwork.kt:46:9 'removeEldestEntry' overrides nothing.
e: file:///Users/runner/work/echo-nightly/echo-nightly/composeApp/src/commonMain/kotlin/dev/brahmkshatriya/echo/player/ui/Artwork.kt:47:27 Unresolved reference 'MAX_ENTRIES'.
e: file:///Users/runner/work/echo-nightly/echo-nightly/composeApp/src/commonMain/kotlin/dev/brahmkshatriya/echo/player/ui/Artwork.kt:51:42 Unresolved reference 'synchronized'.
e: file:///Users/runner/work/echo-nightly/echo-nightly/composeApp/src/commonMain/kotlin/dev/brahmkshatriya/echo/player/ui/Artwork.kt:54:9 Unresolved reference 'synchronized'.
e: file:///Users/runner/work/echo-nightly/echo-nightly/composeApp/src/commonMain/kotlin/dev/brahmkshatriya/echo/player/ui/Artwork.kt:76:17 Cannot infer type for this parameter. Specify it explicitly.
e: file:///Users/runner/work/echo-nightly/echo-nightly/composeApp/src/commonMain/kotlin/dev/brahmkshatriya/echo/player/ui/Artwork.kt:76:46 Unresolved reference 'bytes'.
e: file:///Users/runner/work/echo-nightly/echo-nightly/composeApp/src/commonMain/kotlin/dev/brahmkshatriya/echo/player/ui/Artwork.kt:90:20 Cannot infer type for this parameter. Specify it explicitly.
e: file:///Users/runner/work/echo-nightly/echo-nightly/composeApp/src/commonMain/kotlin/dev/brahmkshatriya/echo/player/ui/Artwork.kt:90:49 Unresolved reference 'bytes'.
e: file:///Users/runner/work/echo-nightly/echo-nightly/composeApp/src/commonMain/kotlin/dev/brahmkshatriya/echo/player/ui/screens/ExtensionsScreen.kt:55:38 'val' cannot be reassigned.
e: file:///Users/runner/work/echo-nightly/echo-nightly/composeApp/src/commonMain/kotlin/dev/brahmkshatriya/echo/player/ui/screens/PlayerScreen.kt:72:54 Unresolved reference 'LocalConfiguration'.
e: file:///Users/runner/work/echo-nightly/echo-nightly/composeApp/src/commonMain/kotlin/dev/brahmkshatriya/echo/player/ui/screens/PlayerScreen.kt:138:35 No value passed for parameter 'onDrag'.
e: file:///Users/runner/work/echo-nightly/echo-nightly/composeApp/src/commonMain/kotlin/dev/brahmkshatriya/echo/player/ui/screens/SearchScreen.kt:138:9 Unresolved reference 'ArtworkImage'.
e: file:///Users/runner/work/echo-nightly/echo-nightly/composeApp/src/commonMain/kotlin/dev/brahmkshatriya/echo/player/ui/screens/SearchScreen.kt:161:9 Unresolved reference 'ArtworkImage'.
e: file:///Users/runner/work/echo-nightly/echo-nightly/composeApp/src/iosMain/kotlin/dev/brahmkshatriya/echo/player/MainView.kt:104:9 Return type mismatch: expected 'String', actual 'CharCategory'.
e: file:///Users/runner/work/echo-nightly/echo-nightly/composeApp/src/iosMain/kotlin/dev/brahmkshatriya/echo/player/MainView.kt:104:31 Unresolved reference 'AVAudioSession'.
e: file:///Users/runner/work/echo-nightly/echo-nightly/composeApp/src/iosMain/kotlin/dev/brahmkshatriya/echo/player/audio/IosAudioPlayer.kt:65:55 Unresolved reference 'NSObjectProtocol'.
e: file:///Users/runner/work/echo-nightly/echo-nightly/composeApp/src/iosMain/kotlin/dev/brahmkshatriya/echo/player/audio/IosAudioPlayer.kt:87:23 Unresolved reference 'AVAudioSession'.
e: file:///Users/runner/work/echo-nightly/echo-nightly/composeApp/src/iosMain/kotlin/dev/brahmkshatriya/echo/player/audio/IosAudioPlayer.kt:88:49 Unresolved reference 'AVAudioSessionCategoryPlayback'.
e: file:///Users/runner/work/echo-nightly/echo-nightly/composeApp/src/iosMain/kotlin/dev/brahmkshatriya/echo/player/audio/IosAudioPlayer.kt:90:79 Unresolved reference 'localizedDescription'.
e: file:///Users/runner/work/echo-nightly/echo-nightly/composeApp/src/iosMain/kotlin/dev/brahmkshatriya/echo/player/audio/IosAudioPlayer.kt:95:23 Unresolved reference 'AVAudioSession'.
e: file:///Users/runner/work/echo-nightly/echo-nightly/composeApp/src/iosMain/kotlin/dev/brahmkshatriya/echo/player/audio/IosAudioPlayer.kt:98:72 Unresolved reference 'localizedDescription'.
e: file:///Users/runner/work/echo-nightly/echo-nightly/composeApp/src/iosMain/kotlin/dev/brahmkshatriya/echo/player/audio/IosAudioPlayer.kt:104:20 Unresolved reference 'AVAudioSessionInterruptionNotification'.
e: file:///Users/runner/work/echo-nightly/echo-nightly/composeApp/src/iosMain/kotlin/dev/brahmkshatriya/echo/player/audio/IosAudioPlayer.kt:108:40 Only safe (?.) or non-null asserted (!!.) calls are allowed on a nullable receiver of type 'NSNotification?'.
e: file:///Users/runner/work/echo-nightly/echo-nightly/composeApp/src/iosMain/kotlin/dev/brahmkshatriya/echo/player/audio/IosAudioPlayer.kt:109:39 Unresolved reference 'AVAudioSessionInterruptionTypeKey'.
e: file:///Users/runner/work/echo-nightly/echo-nightly/composeApp/src/iosMain/kotlin/dev/brahmkshatriya/echo/player/audio/IosAudioPlayer.kt:118:50 Unresolved reference 'AVAudioSessionInterruptionOptionKey'.
e: file:///Users/runner/work/echo-nightly/echo-nightly/composeApp/src/iosMain/kotlin/dev/brahmkshatriya/echo/player/audio/IosAudioPlayer.kt:130:20 Unresolved reference 'AVAudioSessionRouteChangeNotification'.
e: file:///Users/runner/work/echo-nightly/echo-nightly/composeApp/src/iosMain/kotlin/dev/brahmkshatriya/echo/player/audio/IosAudioPlayer.kt:134:39 Only safe (?.) or non-null asserted (!!.) calls are allowed on a nullable receiver of type 'NSNotification?'.
e: file:///Users/runner/work/echo-nightly/echo-nightly/composeApp/src/iosMain/kotlin/dev/brahmkshatriya/echo/player/audio/IosAudioPlayer.kt:134:54 Unresolved reference 'AVAudioSessionRouteChangeReasonKey'.
e: file:///Users/runner/work/echo-nightly/echo-nightly/composeApp/src/iosMain/kotlin/dev/brahmkshatriya/echo/player/audio/IosAudioPlayer.kt:176:31 This declaration needs opt-in. Its usage must be marked with '@kotlinx.cinterop.ExperimentalForeignApi' or '@OptIn(kotlinx.cinterop.ExperimentalForeignApi::class)'
e: file:///Users/runner/work/echo-nightly/echo-nightly/composeApp/src/iosMain/kotlin/dev/brahmkshatriya/echo/player/audio/IosAudioPlayer.kt:176:42 This declaration needs opt-in. Its usage must be marked with '@kotlinx.cinterop.ExperimentalForeignApi' or '@OptIn(kotlinx.cinterop.ExperimentalForeignApi::class)'
e: file:///Users/runner/work/echo-nightly/echo-nightly/composeApp/src/iosMain/kotlin/dev/brahmkshatriya/echo/player/audio/IosAudioPlayer.kt:191:26 Type mismatch: inferred type is 'EchoError.Playback', but 'Throwable' was expected.
e: file:///Users/runner/work/echo-nightly/echo-nightly/composeApp/src/iosMain/kotlin/dev/brahmkshatriya/echo/player/audio/IosAudioPlayer.kt:199:26 Unresolved reference 'AnyObject'.
e: file:///Users/runner/work/echo-nightly/echo-nightly/composeApp/src/iosMain/kotlin/dev/brahmkshatriya/echo/player/audio/IosAudioPlayer.kt:235:20 This declaration needs opt-in. Its usage must be marked with '@kotlinx.cinterop.ExperimentalForeignApi' or '@OptIn(kotlinx.cinterop.ExperimentalForeignApi::class)'
e: file:///Users/runner/work/echo-nightly/echo-nightly/composeApp/src/iosMain/kotlin/dev/brahmkshatriya/echo/player/audio/IosAudioPlayer.kt:236:17 This declaration needs opt-in. Its usage must be marked with '@kotlinx.cinterop.ExperimentalForeignApi' or '@OptIn(kotlinx.cinterop.ExperimentalForeignApi::class)'
e: file:///Users/runner/work/echo-nightly/echo-nightly/composeApp/src/iosMain/kotlin/dev/brahmkshatriya/echo/player/audio/IosAudioPlayer.kt:236:28 This declaration needs opt-in. Its usage must be marked with '@kotlinx.cinterop.ExperimentalForeignApi' or '@OptIn(kotlinx.cinterop.ExperimentalForeignApi::class)'
e: file:///Users/runner/work/echo-nightly/echo-nightly/composeApp/src/iosMain/kotlin/dev/brahmkshatriya/echo/player/audio/IosAudioPlayer.kt:282:31 Cannot infer type for this parameter. Specify it explicitly.
e: file:///Users/runner/work/echo-nightly/echo-nightly/composeApp/src/iosMain/kotlin/dev/brahmkshatriya/echo/player/audio/IosAudioPlayer.kt:282:31 Not enough information to infer type argument for 'T'.
e: file:///Users/runner/work/echo-nightly/echo-nightly/composeApp/src/iosMain/kotlin/dev/brahmkshatriya/echo/player/audio/IosAudioPlayer.kt:282:39 Cannot infer type for this parameter. Specify it explicitly.
e: file:///Users/runner/work/echo-nightly/echo-nightly/composeApp/src/iosMain/kotlin/dev/brahmkshatriya/echo/player/audio/IosAudioPlayer.kt:291:37 This declaration needs opt-in. Its usage must be marked with '@kotlinx.cinterop.ExperimentalForeignApi' or '@OptIn(kotlinx.cinterop.ExperimentalForeignApi::class)'
e: file:///Users/runner/work/echo-nightly/echo-nightly/composeApp/src/iosMain/kotlin/dev/brahmkshatriya/echo/player/audio/IosAudioPlayer.kt:292:24 This declaration needs opt-in. Its usage must be marked with '@kotlinx.cinterop.ExperimentalForeignApi' or '@OptIn(kotlinx.cinterop.ExperimentalForeignApi::class)'
e: file:///Users/runner/work/echo-nightly/echo-nightly/composeApp/src/iosMain/kotlin/dev/brahmkshatriya/echo/player/audio/IosAudioPlayer.kt:305:41 Argument type mismatch: actual type is 'CValue<CMTime>', but 'CMTime' was expected.
e: file:///Users/runner/work/echo-nightly/echo-nightly/composeApp/src/iosMain/kotlin/dev/brahmkshatriya/echo/player/audio/IosAudioPlayer.kt:305:49 This declaration needs opt-in. Its usage must be marked with '@kotlinx.cinterop.ExperimentalForeignApi' or '@OptIn(kotlinx.cinterop.ExperimentalForeignApi::class)'
e: file:///Users/runner/work/echo-nightly/echo-nightly/composeApp/src/iosMain/kotlin/dev/brahmkshatriya/echo/player/audio/IosAudioPlayer.kt:306:41 Argument type mismatch: actual type is 'CValue<CMTime>', but 'CMTime' was expected.
e: file:///Users/runner/work/echo-nightly/echo-nightly/composeApp/src/iosMain/kotlin/dev/brahmkshatriya/echo/player/audio/IosAudioPlayer.kt:306:46 This declaration needs opt-in. Its usage must be marked with '@kotlinx.cinterop.ExperimentalForeignApi' or '@OptIn(kotlinx.cinterop.ExperimentalForeignApi::class)'
e: file:///Users/runner/work/echo-nightly/echo-nightly/composeApp/src/iosMain/kotlin/dev/brahmkshatriya/echo/player/audio/IosAudioPlayer.kt:312:44 This declaration needs opt-in. Its usage must be marked with '@kotlinx.cinterop.ExperimentalForeignApi' or '@OptIn(kotlinx.cinterop.ExperimentalForeignApi::class)'
e: file:///Users/runner/work/echo-nightly/echo-nightly/composeApp/src/iosMain/kotlin/dev/brahmkshatriya/echo/player/audio/IosAudioPlayer.kt:312:44 Argument type mismatch: actual type is 'CValue<CMTime>', but 'CMTime' was expected.
e: file:///Users/runner/work/echo-nightly/echo-nightly/composeApp/src/iosMain/kotlin/dev/brahmkshatriya/echo/player/audio/IosAudioPlayer.kt:312:68 Unresolved reference 'timeRangeValue'.
e: file:///Users/runner/work/echo-nightly/echo-nightly/composeApp/src/iosMain/kotlin/dev/brahmkshatriya/echo/player/audio/IosAudioPlayer.kt:357:32 Unresolved reference 'AnyObject'.
e: file:///Users/runner/work/echo-nightly/echo-nightly/composeApp/src/iosMain/kotlin/dev/brahmkshatriya/echo/player/audio/IosAudioPlayer.kt:358:13 Argument type mismatch: actual type is 'Pair<String, String>', but 'Pair<uninferred K (of fun <K, V> mutableMapOf), Any?>' was expected.
e: file:///Users/runner/work/echo-nightly/echo-nightly/composeApp/src/iosMain/kotlin/dev/brahmkshatriya/echo/player/audio/IosAudioPlayer.kt:359:13 Argument type mismatch: actual type is 'Pair<String, String>', but 'Pair<uninferred K (of fun <K, V> mutableMapOf), Any?>' was expected.
e: file:///Users/runner/work/echo-nightly/echo-nightly/composeApp/src/iosMain/kotlin/dev/brahmkshatriya/echo/player/audio/IosAudioPlayer.kt:360:13 Argument type mismatch: actual type is 'Pair<String, Double>', but 'Pair<uninferred K (of fun <K, V> mutableMapOf), Any?>' was expected.
e: file:///Users/runner/work/echo-nightly/echo-nightly/composeApp/src/iosMain/kotlin/dev/brahmkshatriya/echo/player/audio/IosAudioPlayer.kt:361:13 Argument type mismatch: actual type is 'Pair<String, Double>', but 'Pair<uninferred K (of fun <K, V> mutableMapOf), Any?>' was expected.
e: file:///Users/runner/work/echo-nightly/echo-nightly/composeApp/src/iosMain/kotlin/dev/brahmkshatriya/echo/player/audio/IosAudioPlayer.kt:362:13 Argument type mismatch: actual type is 'Pair<String, Double>', but 'Pair<uninferred K (of fun <K, V> mutableMapOf), Any?>' was expected.
e: file:///Users/runner/work/echo-nightly/echo-nightly/composeApp/src/iosMain/kotlin/dev/brahmkshatriya/echo/player/audio/IosAudioPlayer.kt:366:68 This declaration needs opt-in. Its usage must be marked with '@kotlinx.cinterop.ExperimentalForeignApi' or '@OptIn(kotlinx.cinterop.ExperimentalForeignApi::class)'
e: file:///Users/runner/work/echo-nightly/echo-nightly/composeApp/src/iosMain/kotlin/dev/brahmkshatriya/echo/player/audio/IosAudioPlayer.kt:367:30 This declaration needs opt-in. Its usage must be marked with '@kotlinx.cinterop.ExperimentalForeignApi' or '@OptIn(kotlinx.cinterop.ExperimentalForeignApi::class)'
e: file:///Users/runner/work/echo-nightly/echo-nightly/composeApp/src/iosMain/kotlin/dev/brahmkshatriya/echo/player/platform/IosPlatform.kt:12:30 Unresolved reference 'AVMetadataCommonKeyAlbum'.
e: file:///Users/runner/work/echo-nightly/echo-nightly/composeApp/src/iosMain/kotlin/dev/brahmkshatriya/echo/player/platform/IosPlatform.kt:13:30 Unresolved reference 'AVMetadataCommonKeyAlbumArtist'.
e: file:///Users/runner/work/echo-nightly/echo-nightly/composeApp/src/iosMain/kotlin/dev/brahmkshatriya/echo/player/platform/IosPlatform.kt:29:28 Unresolved reference 'httpBody'.
e: file:///Users/runner/work/echo-nightly/echo-nightly/composeApp/src/iosMain/kotlin/dev/brahmkshatriya/echo/player/platform/IosPlatform.kt:30:28 Unresolved reference 'httpMethod'.
e: file:///Users/runner/work/echo-nightly/echo-nightly/composeApp/src/iosMain/kotlin/dev/brahmkshatriya/echo/player/platform/IosPlatform.kt:47:30 Type mismatch: inferred type is 'EchoError.Network', but 'Throwable' was expected.
e: file:///Users/runner/work/echo-nightly/echo-nightly/composeApp/src/iosMain/kotlin/dev/brahmkshatriya/echo/player/platform/IosPlatform.kt:49:34 None of the following candidates is applicable:
constructor(uRL: NSURL): NSMutableURLRequest
constructor(uRL: NSURL, cachePolicy: ULong, timeoutInterval: Double): NSMutableURLRequest
constructor(): NSMutableURLRequest
constructor(coder: NSCoder): NSMutableURLRequest
e: file:///Users/runner/work/echo-nightly/echo-nightly/composeApp/src/iosMain/kotlin/dev/brahmkshatriya/echo/player/platform/IosPlatform.kt:50:28 Unresolved reference 'httpMethod'.
e: file:///Users/runner/work/echo-nightly/echo-nightly/composeApp/src/iosMain/kotlin/dev/brahmkshatriya/echo/player/platform/IosPlatform.kt:54:48 Unresolved reference 'httpBody'.
e: file:///Users/runner/work/echo-nightly/echo-nightly/composeApp/src/iosMain/kotlin/dev/brahmkshatriya/echo/player/platform/IosPlatform.kt:60:33 Argument type mismatch: actual type is 'EchoError.Network', but 'Throwable' was expected.
e: file:///Users/runner/work/echo-nightly/echo-nightly/composeApp/src/iosMain/kotlin/dev/brahmkshatriya/echo/player/platform/IosPlatform.kt:80:25 Argument type mismatch: actual type is 'EchoError', but 'Throwable' was expected.
e: file:///Users/runner/work/echo-nightly/echo-nightly/composeApp/src/iosMain/kotlin/dev/brahmkshatriya/echo/player/platform/IosPlatform.kt:94:26 Type mismatch: inferred type is 'EchoError.Network', but 'Throwable' was expected.
e: file:///Users/runner/work/echo-nightly/echo-nightly/composeApp/src/iosMain/kotlin/dev/brahmkshatriya/echo/player/platform/IosPlatform.kt:102:30 None of the following candidates is applicable:
constructor(uRL: NSURL): NSMutableURLRequest
constructor(uRL: NSURL, cachePolicy: ULong, timeoutInterval: Double): NSMutableURLRequest
constructor(): NSMutableURLRequest
constructor(coder: NSCoder): NSMutableURLRequest
e: file:///Users/runner/work/echo-nightly/echo-nightly/composeApp/src/iosMain/kotlin/dev/brahmkshatriya/echo/player/platform/IosPlatform.kt:103:24 Unresolved reference 'httpMethod'.
e: file:///Users/runner/work/echo-nightly/echo-nightly/composeApp/src/iosMain/kotlin/dev/brahmkshatriya/echo/player/platform/IosPlatform.kt:119:21 Argument type mismatch: actual type is 'EchoError', but 'Throwable' was expected.
e: file:///Users/runner/work/echo-nightly/echo-nightly/composeApp/src/iosMain/kotlin/dev/brahmkshatriya/echo/player/platform/IosPlatform.kt:136:9 Class 'DownloadDelegate' is not abstract and does not implement abstract member:
fun URLSession(session: NSURLSession, downloadTask: NSURLSessionDownloadTask, didFinishDownloadingToURL: NSURL): Unit
e: file:///Users/runner/work/echo-nightly/echo-nightly/composeApp/src/iosMain/kotlin/dev/brahmkshatriya/echo/player/platform/IosPlatform.kt:140:49 Unresolved reference 'CancellableContinuation'.
e: file:///Users/runner/work/echo-nightly/echo-nightly/composeApp/src/iosMain/kotlin/dev/brahmkshatriya/echo/player/platform/IosPlatform.kt:161:5 'URLSession' overrides nothing. Potential signatures for overriding:
fun URLSession(session: NSURLSession, downloadTask: NSURLSessionDownloadTask, didFinishDownloadingToURL: NSURL): Unit
fun URLSession(session: NSURLSession, downloadTask: NSURLSessionDownloadTask, didResumeAtOffset: Long, expectedTotalBytes: Long): Unit
fun URLSession(session: NSURLSession, didCreateTask: NSURLSessionTask): Unit
fun URLSession(session: NSURLSession, task: NSURLSessionTask, willBeginDelayedRequest: NSURLRequest, completionHandler: (Long, NSURLRequest?) -> Unit): Unit
fun URLSession(session: NSURLSession, taskIsWaitingForConnectivity: NSURLSessionTask): Unit
fun URLSession(session: NSURLSession, task: NSURLSessionTask, willPerformHTTPRedirection: NSHTTPURLResponse, newRequest: NSURLRequest, completionHandler: (NSURLRequest?) -> Unit): Unit
fun URLSession(session: NSURLSession, task: NSURLSessionTask, didReceiveChallenge: NSURLAuthenticationChallenge, completionHandler: (Long, NSURLCredential?) -> Unit): Unit
fun URLSession(session: NSURLSession, task: NSURLSessionTask, needNewBodyStream: (NSInputStream?) -> Unit): Unit
fun URLSession(session: NSURLSession, task: NSURLSessionTask, needNewBodyStreamFromOffset: Long, completionHandler: (NSInputStream?) -> Unit): Unit
fun URLSession(session: NSURLSession, task: NSURLSessionTask, didSendBodyData: Long, totalBytesSent: Long, totalBytesExpectedToSend: Long): Unit
fun URLSession(session: NSURLSession, task: NSURLSessionTask, didReceiveInformationalResponse: NSHTTPURLResponse): Unit
fun URLSession(session: NSURLSession, task: NSURLSessionTask, didFinishCollectingMetrics: NSURLSessionTaskMetrics): Unit
fun URLSession(session: NSURLSession, task: NSURLSessionTask, didCompleteWithError: NSError?): Unit
fun URLSession(session: NSURLSession, didBecomeInvalidWithError: NSError?): Unit
fun URLSession(session: NSURLSession, didReceiveChallenge: NSURLAuthenticationChallenge, completionHandler: (Long, NSURLCredential?) -> Unit): Unit
e: file:///Users/runner/work/echo-nightly/echo-nightly/composeApp/src/iosMain/kotlin/dev/brahmkshatriya/echo/player/platform/IosPlatform.kt:164:9 An explicit type is required on a value parameter.
e: file:///Users/runner/work/echo-nightly/echo-nightly/composeApp/src/iosMain/kotlin/dev/brahmkshatriya/echo/player/platform/IosPlatform.kt:164:34 Syntax error: Expecting comma or ')'.
e: file:///Users/runner/work/echo-nightly/echo-nightly/composeApp/src/iosMain/kotlin/dev/brahmkshatriya/echo/player/platform/IosPlatform.kt:170:55 Type mismatch: inferred type is 'EchoError.Storage', but 'Throwable' was expected.
e: file:///Users/runner/work/echo-nightly/echo-nightly/composeApp/src/iosMain/kotlin/dev/brahmkshatriya/echo/player/platform/IosPlatform.kt:172:30 Type mismatch: inferred type is 'EchoError.Storage', but 'Throwable' was expected.
e: file:///Users/runner/work/echo-nightly/echo-nightly/composeApp/src/iosMain/kotlin/dev/brahmkshatriya/echo/player/platform/IosPlatform.kt:173:43 Unresolved reference 'fileHandleForWritingAtPath'.
e: file:///Users/runner/work/echo-nightly/echo-nightly/composeApp/src/iosMain/kotlin/dev/brahmkshatriya/echo/player/platform/IosPlatform.kt:174:30 Type mismatch: inferred type is 'EchoError.Storage', but 'Throwable' was expected.
e: file:///Users/runner/work/echo-nightly/echo-nightly/composeApp/src/iosMain/kotlin/dev/brahmkshatriya/echo/player/platform/IosPlatform.kt:179:25 This declaration needs opt-in. Its usage must be marked with '@kotlinx.cinterop.ExperimentalForeignApi' or '@OptIn(kotlinx.cinterop.ExperimentalForeignApi::class)'
e: file:///Users/runner/work/echo-nightly/echo-nightly/composeApp/src/iosMain/kotlin/dev/brahmkshatriya/echo/player/platform/IosPlatform.kt:184:30 This declaration needs opt-in. Its usage must be marked with '@kotlinx.cinterop.ExperimentalForeignApi' or '@OptIn(kotlinx.cinterop.ExperimentalForeignApi::class)'
e: file:///Users/runner/work/echo-nightly/echo-nightly/composeApp/src/iosMain/kotlin/dev/brahmkshatriya/echo/player/platform/IosPlatform.kt:185:27 Type mismatch: inferred type is 'EchoError.Storage', but 'Throwable' was expected.
e: file:///Users/runner/work/echo-nightly/echo-nightly/composeApp/src/iosMain/kotlin/dev/brahmkshatriya/echo/player/platform/IosPlatform.kt:189:30 Unresolved reference 'isActive'.
e: file:///Users/runner/work/echo-nightly/echo-nightly/composeApp/src/iosMain/kotlin/dev/brahmkshatriya/echo/player/platform/IosPlatform.kt:191:30 Unresolved reference 'isActive'.
e: file:///Users/runner/work/echo-nightly/echo-nightly/composeApp/src/iosMain/kotlin/dev/brahmkshatriya/echo/player/platform/IosPlatform.kt:192:30 Cannot infer type for this parameter. Specify it explicitly.
e: file:///Users/runner/work/echo-nightly/echo-nightly/composeApp/src/iosMain/kotlin/dev/brahmkshatriya/echo/player/platform/IosPlatform.kt:193:21 Argument type mismatch: actual type is 'EchoError', but 'Throwable' was expected.
e: file:///Users/runner/work/echo-nightly/echo-nightly/composeApp/src/iosMain/kotlin/dev/brahmkshatriya/echo/player/platform/IosPlatform.kt:199:5 'URLSession' overrides nothing. Potential signatures for overriding:
fun URLSession(session: NSURLSession, downloadTask: NSURLSessionDownloadTask, didFinishDownloadingToURL: NSURL): Unit
fun URLSession(session: NSURLSession, downloadTask: NSURLSessionDownloadTask, didResumeAtOffset: Long, expectedTotalBytes: Long): Unit
fun URLSession(session: NSURLSession, didCreateTask: NSURLSessionTask): Unit
fun URLSession(session: NSURLSession, task: NSURLSessionTask, willBeginDelayedRequest: NSURLRequest, completionHandler: (Long, NSURLRequest?) -> Unit): Unit
fun URLSession(session: NSURLSession, taskIsWaitingForConnectivity: NSURLSessionTask): Unit
fun URLSession(session: NSURLSession, task: NSURLSessionTask, willPerformHTTPRedirection: NSHTTPURLResponse, newRequest: NSURLRequest, completionHandler: (NSURLRequest?) -> Unit): Unit
fun URLSession(session: NSURLSession, task: NSURLSessionTask, didReceiveChallenge: NSURLAuthenticationChallenge, completionHandler: (Long, NSURLCredential?) -> Unit): Unit
fun URLSession(session: NSURLSession, task: NSURLSessionTask, needNewBodyStream: (NSInputStream?) -> Unit): Unit
fun URLSession(session: NSURLSession, task: NSURLSessionTask, needNewBodyStreamFromOffset: Long, completionHandler: (NSInputStream?) -> Unit): Unit
fun URLSession(session: NSURLSession, task: NSURLSessionTask, didSendBodyData: Long, totalBytesSent: Long, totalBytesExpectedToSend: Long): Unit
fun URLSession(session: NSURLSession, task: NSURLSessionTask, didReceiveInformationalResponse: NSHTTPURLResponse): Unit
fun URLSession(session: NSURLSession, task: NSURLSessionTask, didFinishCollectingMetrics: NSURLSessionTaskMetrics): Unit
fun URLSession(session: NSURLSession, task: NSURLSessionTask, didCompleteWithError: NSError?): Unit
fun URLSession(session: NSURLSession, didBecomeInvalidWithError: NSError?): Unit
fun URLSession(session: NSURLSession, didReceiveChallenge: NSURLAuthenticationChallenge, completionHandler: (Long, NSURLCredential?) -> Unit): Unit
e: file:///Users/runner/work/echo-nightly/echo-nightly/composeApp/src/iosMain/kotlin/dev/brahmkshatriya/echo/player/platform/IosPlatform.kt:202:31 Unresolved reference 'NSError'.
e: file:///Users/runner/work/echo-nightly/echo-nightly/composeApp/src/iosMain/kotlin/dev/brahmkshatriya/echo/player/platform/IosPlatform.kt:205:58 Unresolved reference 'isActive'.
e: file:///Users/runner/work/echo-nightly/echo-nightly/composeApp/src/iosMain/kotlin/dev/brahmkshatriya/echo/player/platform/IosPlatform.kt:206:26 Cannot infer type for this parameter. Specify it explicitly.
e: file:///Users/runner/work/echo-nightly/echo-nightly/composeApp/src/iosMain/kotlin/dev/brahmkshatriya/echo/player/platform/IosPlatform.kt:207:17 Argument type mismatch: actual type is 'EchoError.Network', but 'Throwable' was expected.
e: file:///Users/runner/work/echo-nightly/echo-nightly/composeApp/src/iosMain/kotlin/dev/brahmkshatriya/echo/player/platform/IosPlatform.kt:207:56 Unresolved reference 'localizedDescription'.
e: file:///Users/runner/work/echo-nightly/echo-nightly/composeApp/src/iosMain/kotlin/dev/brahmkshatriya/echo/player/platform/IosPlatform.kt:263:26 Unresolved reference 'resolve'.
e: file:///Users/runner/work/echo-nightly/echo-nightly/composeApp/src/iosMain/kotlin/dev/brahmkshatriya/echo/player/platform/IosPlatform.kt:268:22 This declaration needs opt-in. Its usage must be marked with '@kotlinx.cinterop.ExperimentalForeignApi' or '@OptIn(kotlinx.cinterop.ExperimentalForeignApi::class)'
e: file:///Users/runner/work/echo-nightly/echo-nightly/composeApp/src/iosMain/kotlin/dev/brahmkshatriya/echo/player/platform/IosPlatform.kt:270:26 Type mismatch: inferred type is 'EchoError.Storage', but 'Throwable' was expected.
e: file:///Users/runner/work/echo-nightly/echo-nightly/composeApp/src/iosMain/kotlin/dev/brahmkshatriya/echo/player/platform/IosPlatform.kt:283:34 Unresolved reference 'commonMetadata'.
e: file:///Users/runner/work/echo-nightly/echo-nightly/composeApp/src/iosMain/kotlin/dev/brahmkshatriya/echo/player/platform/IosPlatform.kt:286:40 Unresolved reference 'it'.
e: file:///Users/runner/work/echo-nightly/echo-nightly/composeApp/src/iosMain/kotlin/dev/brahmkshatriya/echo/player/platform/IosPlatform.kt:286:63 Unresolved reference 'stringValue'.
e: file:///Users/runner/work/echo-nightly/echo-nightly/composeApp/src/iosMain/kotlin/dev/brahmkshatriya/echo/player/platform/IosPlatform.kt:286:76 Cannot infer type for this parameter. Specify it explicitly.
e: file:///Users/runner/work/echo-nightly/echo-nightly/composeApp/src/iosMain/kotlin/dev/brahmkshatriya/echo/player/platform/IosPlatform.kt:286:83 Cannot infer type for this parameter. Specify it explicitly.
e: file:///Users/runner/work/echo-nightly/echo-nightly/composeApp/src/iosMain/kotlin/dev/brahmkshatriya/echo/player/platform/IosPlatform.kt:288:54 Unresolved reference 'it'.
e: file:///Users/runner/work/echo-nightly/echo-nightly/composeApp/src/iosMain/kotlin/dev/brahmkshatriya/echo/player/platform/IosPlatform.kt:288:100 Unresolved reference 'dataValue'.
e: file:///Users/runner/work/echo-nightly/echo-nightly/composeApp/src/iosMain/kotlin/dev/brahmkshatriya/echo/player/platform/IosPlatform.kt:290:36 This declaration needs opt-in. Its usage must be marked with '@kotlinx.cinterop.ExperimentalForeignApi' or '@OptIn(kotlinx.cinterop.ExperimentalForeignApi::class)'
e: file:///Users/runner/work/echo-nightly/echo-nightly/composeApp/src/iosMain/kotlin/dev/brahmkshatriya/echo/player/platform/IosPlatform.kt:292:21 This declaration needs opt-in. Its usage must be marked with '@kotlinx.cinterop.ExperimentalForeignApi' or '@OptIn(kotlinx.cinterop.ExperimentalForeignApi::class)'
e: file:///Users/runner/work/echo-nightly/echo-nightly/composeApp/src/iosMain/kotlin/dev/brahmkshatriya/echo/player/platform/IosPlatform.kt:292:32 Unresolved reference 'timescale'.
e: file:///Users/runner/work/echo-nightly/echo-nightly/composeApp/src/iosMain/kotlin/dev/brahmkshatriya/echo/player/platform/IosPlatform.kt:293:22 This declaration needs opt-in. Its usage must be marked with '@kotlinx.cinterop.ExperimentalForeignApi' or '@OptIn(kotlinx.cinterop.ExperimentalForeignApi::class)'
e: file:///Users/runner/work/echo-nightly/echo-nightly/composeApp/src/iosMain/kotlin/dev/brahmkshatriya/echo/player/platform/IosPlatform.kt:293:33 Unresolved reference 'value'.
e: file:///Users/runner/work/echo-nightly/echo-nightly/composeApp/src/iosMain/kotlin/dev/brahmkshatriya/echo/player/platform/IosPlatform.kt:293:52 This declaration needs opt-in. Its usage must be marked with '@kotlinx.cinterop.ExperimentalForeignApi' or '@OptIn(kotlinx.cinterop.ExperimentalForeignApi::class)'
e: file:///Users/runner/work/echo-nightly/echo-nightly/composeApp/src/iosMain/kotlin/dev/brahmkshatriya/echo/player/platform/IosPlatform.kt:293:63 Unresolved reference 'timescale'.
e: file:///Users/runner/work/echo-nightly/echo-nightly/composeApp/src/iosMain/kotlin/dev/brahmkshatriya/echo/player/platform/IosPlatform.kt:295:33 Argument type mismatch: actual type is 'String?', but 'String' was expected.
e: file:///Users/runner/work/echo-nightly/echo-nightly/composeApp/src/iosMain/kotlin/dev/brahmkshatriya/echo/player/platform/IosPlatform.kt:298:30 Argument type mismatch: actual type is 'String?', but 'String' was expected.
e: file:///Users/runner/work/echo-nightly/echo-nightly/composeApp/src/iosMain/kotlin/dev/brahmkshatriya/echo/player/platform/IosPlatform.kt:299:31 Argument type mismatch: actual type is 'String?', but 'String' was expected.
e: file:///Users/runner/work/echo-nightly/echo-nightly/composeApp/src/iosMain/kotlin/dev/brahmkshatriya/echo/player/platform/IosPlatform.kt:300:30 Unresolved reference 'AVMetadataCommonKeyAlbum'.
e: file:///Users/runner/work/echo-nightly/echo-nightly/composeApp/src/iosMain/kotlin/dev/brahmkshatriya/echo/player/platform/IosPlatform.kt:301:36 Unresolved reference 'AVMetadataCommonKeyAlbumArtist'.
e: file:///Users/runner/work/echo-nightly/echo-nightly/composeApp/src/iosMain/kotlin/dev/brahmkshatriya/echo/player/ui/IosUiActuals.kt:17:18 Unresolved reference 'UIDocumentPickerModeImport'.
e: file:///Users/runner/work/echo-nightly/echo-nightly/composeApp/src/iosMain/kotlin/dev/brahmkshatriya/echo/player/ui/IosUiActuals.kt:41:46 Unresolved reference 'UIWindowSceneActivationStateForegroundActive'.
e: file:///Users/runner/work/echo-nightly/echo-nightly/composeApp/src/iosMain/kotlin/dev/brahmkshatriya/echo/player/ui/IosUiActuals.kt:43:43 Unresolved reference 'isKeyWindow'.
e: file:///Users/runner/work/echo-nightly/echo-nightly/composeApp/src/iosMain/kotlin/dev/brahmkshatriya/echo/player/ui/IosUiActuals.kt:43:58 Unresolved reference 'rootViewController'.

> Task :composeApp:compileKotlinIosSimulatorArm64 FAILED
e: file:///Users/runner/work/echo-nightly/echo-nightly/composeApp/src/commonMain/kotlin/dev/brahmkshatriya/echo/player/audio/PlaybackController.kt:41:1 Class 'PlaybackController' is not abstract and does not implement abstract members:
fun onPlay(): Unit
fun onPause(): Unit
fun onTogglePlayPause(): Unit
fun onNext(): Unit
fun onPrevious(): Unit
fun onSeekTo(positionMs: Long): Unit
fun onSkipForward(): Unit
fun onSkipBackward(): Unit
e: file:///Users/runner/work/echo-nightly/echo-nightly/composeApp/src/commonMain/kotlin/dev/brahmkshatriya/echo/player/audio/QueueItem.kt:43:32 Unresolved reference 'Clock'.
e: file:///Users/runner/work/echo-nightly/echo-nightly/composeApp/src/commonMain/kotlin/dev/brahmkshatriya/echo/player/audio/QueueManager.kt:46:39 Unresolved reference 'Track'.
e: file:///Users/runner/work/echo-nightly/echo-nightly/composeApp/src/commonMain/kotlin/dev/brahmkshatriya/echo/player/audio/QueueManager.kt:50:42 Cannot infer type for this parameter. Specify it explicitly.
e: file:///Users/runner/work/echo-nightly/echo-nightly/composeApp/src/commonMain/kotlin/dev/brahmkshatriya/echo/player/di/AppGraph.kt:84:17 Argument type mismatch: actual type is 'Function0<MusicExtension>', but 'BuiltinExtensionFactory' was expected.
e: file:///Users/runner/work/echo-nightly/echo-nightly/composeApp/src/commonMain/kotlin/dev/brahmkshatriya/echo/player/di/AppGraph.kt:85:17 Argument type mismatch: actual type is 'Function0<MusicExtension>', but 'BuiltinExtensionFactory' was expected.
e: file:///Users/runner/work/echo-nightly/echo-nightly/composeApp/src/commonMain/kotlin/dev/brahmkshatriya/echo/player/di/AppGraph.kt:150:9 Unresolved reference 'engine'.
e: file:///Users/runner/work/echo-nightly/echo-nightly/composeApp/src/commonMain/kotlin/dev/brahmkshatriya/echo/player/domain/EchoError.kt:49:10 Class 'EchoError.Cancelled' is not abstract and does not implement abstract member:
val cause: Throwable?
e: file:///Users/runner/work/echo-nightly/echo-nightly/composeApp/src/commonMain/kotlin/dev/brahmkshatriya/echo/player/domain/EchoError.kt:68:20 Argument type mismatch: actual type is 'EchoError', but 'Throwable' was expected.
e: file:///Users/runner/work/echo-nightly/echo-nightly/composeApp/src/commonMain/kotlin/dev/brahmkshatriya/echo/player/domain/EchoError.kt:76:20 Argument type mismatch: actual type is 'EchoError', but 'Throwable' was expected.
e: file:///Users/runner/work/echo-nightly/echo-nightly/composeApp/src/commonMain/kotlin/dev/brahmkshatriya/echo/player/download/DownloadRepository.kt:244:24 Type mismatch: inferred type is 'EchoError.Extension', but 'Throwable' was expected.
e: file:///Users/runner/work/echo-nightly/echo-nightly/composeApp/src/commonMain/kotlin/dev/brahmkshatriya/echo/player/download/DownloadRepository.kt:246:73 Unresolved reference 'resolve'.
e: file:///Users/runner/work/echo-nightly/echo-nightly/composeApp/src/commonMain/kotlin/dev/brahmkshatriya/echo/player/download/DownloadRepository.kt:303:19 Type mismatch: inferred type is 'EchoError.Storage', but 'Throwable' was expected.
e: file:///Users/runner/work/echo-nightly/echo-nightly/composeApp/src/commonMain/kotlin/dev/brahmkshatriya/echo/player/download/DownloadRepository.kt:305:27 Unresolved reference 'bytes'.
e: file:///Users/runner/work/echo-nightly/echo-nightly/composeApp/src/commonMain/kotlin/dev/brahmkshatriya/echo/player/download/DownloadRepository.kt:309:19 Type mismatch: inferred type is 'EchoError.Storage', but 'Throwable' was expected.
e: file:///Users/runner/work/echo-nightly/echo-nightly/composeApp/src/commonMain/kotlin/dev/brahmkshatriya/echo/player/download/DownloadRepository.kt:360:44 Unresolved reference 'Clock'.
e: file:///Users/runner/work/echo-nightly/echo-nightly/composeApp/src/commonMain/kotlin/dev/brahmkshatriya/echo/player/extensions/ExtensionRuntime.kt:35:29 Unresolved reference 'BUILT_IN'.
e: file:///Users/runner/work/echo-nightly/echo-nightly/composeApp/src/commonMain/kotlin/dev/brahmkshatriya/echo/player/extensions/ExtensionRuntime.kt:138:38 Argument type mismatch: actual type is 'EchoError.Extension', but 'Throwable' was expected.
e: file:///Users/runner/work/echo-nightly/echo-nightly/composeApp/src/commonMain/kotlin/dev/brahmkshatriya/echo/player/extensions/ExtensionRuntime.kt:141:26 Type mismatch: inferred type is 'EchoError.Extension', but 'Throwable' was expected.
e: file:///Users/runner/work/echo-nightly/echo-nightly/composeApp/src/commonMain/kotlin/dev/brahmkshatriya/echo/player/extensions/ExtensionRuntime.kt:143:23 Argument type mismatch: actual type is 'Result<ExtensionClient>', but 'ExtensionClient' was expected.
e: file:///Users/runner/work/echo-nightly/echo-nightly/composeApp/src/commonMain/kotlin/dev/brahmkshatriya/echo/player/extensions/ExtensionRuntime.kt:146:22 Throwable type mismatch: actual type is 'EchoError'.
e: file:///Users/runner/work/echo-nightly/echo-nightly/composeApp/src/commonMain/kotlin/dev/brahmkshatriya/echo/player/extensions/ExtensionRuntime.kt:147:23 Type mismatch: inferred type is 'EchoError.Extension', but 'Throwable' was expected.
e: file:///Users/runner/work/echo-nightly/echo-nightly/composeApp/src/commonMain/kotlin/dev/brahmkshatriya/echo/player/extensions/ExtensionRuntime.kt:147:68 Argument type mismatch: actual type is 'EchoError', but 'Throwable?' was expected.
e: file:///Users/runner/work/echo-nightly/echo-nightly/composeApp/src/commonMain/kotlin/dev/brahmkshatriya/echo/player/extensions/ExtensionRuntime.kt:149:23 Type mismatch: inferred type is 'EchoError.Extension', but 'Throwable' was expected.
e: file:///Users/runner/work/echo-nightly/echo-nightly/composeApp/src/commonMain/kotlin/dev/brahmkshatriya/echo/player/extensions/local/LocalExtension.kt:10:47 Unresolved reference 'Feed'.
e: file:///Users/runner/work/echo-nightly/echo-nightly/composeApp/src/commonMain/kotlin/dev/brahmkshatriya/echo/player/extensions/local/LocalExtension.kt:116:59 Cannot access 'constructor(): ClientException': it is protected in 'dev/brahmkshatriya/echo/common/helpers/ClientException'.
e: file:///Users/runner/work/echo-nightly/echo-nightly/composeApp/src/commonMain/kotlin/dev/brahmkshatriya/echo/player/extensions/local/LocalExtension.kt:120:52 Unresolved reference 'Feed'.
e: file:///Users/runner/work/echo-nightly/echo-nightly/composeApp/src/commonMain/kotlin/dev/brahmkshatriya/echo/player/extensions/local/LocalExtension.kt:123:16 Unresolved reference 'Feed'.
e: file:///Users/runner/work/echo-nightly/echo-nightly/composeApp/src/commonMain/kotlin/dev/brahmkshatriya/echo/player/extensions/local/LocalExtension.kt:123:21 Cannot infer type for this parameter. Specify it explicitly.
e: file:///Users/runner/work/echo-nightly/echo-nightly/composeApp/src/commonMain/kotlin/dev/brahmkshatriya/echo/player/extensions/local/LocalExtension.kt:123:61 Unresolved reference 'toFeedData'.
e: file:///Users/runner/work/echo-nightly/echo-nightly/composeApp/src/commonMain/kotlin/dev/brahmkshatriya/echo/player/extensions/local/LocalExtension.kt:126:50 Unresolved reference 'Feed'.
e: file:///Users/runner/work/echo-nightly/echo-nightly/composeApp/src/commonMain/kotlin/dev/brahmkshatriya/echo/player/extensions/local/LocalExtension.kt:130:61 Cannot access 'constructor(): ClientException': it is protected in 'dev/brahmkshatriya/echo/common/helpers/ClientException'.
e: file:///Users/runner/work/echo-nightly/echo-nightly/composeApp/src/commonMain/kotlin/dev/brahmkshatriya/echo/player/extensions/local/LocalExtension.kt:134:52 Unresolved reference 'Feed'.
e: file:///Users/runner/work/echo-nightly/echo-nightly/composeApp/src/commonMain/kotlin/dev/brahmkshatriya/echo/player/extensions/local/LocalExtension.kt:159:61 Cannot access 'constructor(): ClientException': it is protected in 'dev/brahmkshatriya/echo/common/helpers/ClientException'.
e: file:///Users/runner/work/echo-nightly/echo-nightly/composeApp/src/commonMain/kotlin/dev/brahmkshatriya/echo/player/extensions/local/LocalExtension.kt:164:50 Unresolved reference 'Feed'.
e: file:///Users/runner/work/echo-nightly/echo-nightly/composeApp/src/commonMain/kotlin/dev/brahmkshatriya/echo/player/extensions/local/LocalExtension.kt:211:57 Unresolved reference 'toFeedData'.
e: file:///Users/runner/work/echo-nightly/echo-nightly/composeApp/src/commonMain/kotlin/dev/brahmkshatriya/echo/player/extensions/subsonic/SubsonicApi.kt:45:35 Type mismatch: inferred type is 'EchoError.Extension', but 'Throwable' was expected.
e: file:///Users/runner/work/echo-nightly/echo-nightly/composeApp/src/commonMain/kotlin/dev/brahmkshatriya/echo/player/extensions/subsonic/SubsonicApi.kt:59:35 Type mismatch: inferred type is 'EchoError.Extension', but 'Throwable' was expected.
e: file:///Users/runner/work/echo-nightly/echo-nightly/composeApp/src/commonMain/kotlin/dev/brahmkshatriya/echo/player/extensions/subsonic/SubsonicApi.kt:73:22 Type mismatch: inferred type is 'EchoError.Network', but 'Throwable' was expected.
e: file:///Users/runner/work/echo-nightly/echo-nightly/composeApp/src/commonMain/kotlin/dev/brahmkshatriya/echo/player/extensions/subsonic/SubsonicApi.kt:75:19 Type mismatch: inferred type is 'EchoError.Network', but 'Throwable' was expected.
e: file:///Users/runner/work/echo-nightly/echo-nightly/composeApp/src/commonMain/kotlin/dev/brahmkshatriya/echo/player/extensions/subsonic/SubsonicApi.kt:105:22 Type mismatch: inferred type is 'EchoError.Network', but 'Throwable' was expected.
e: file:///Users/runner/work/echo-nightly/echo-nightly/composeApp/src/commonMain/kotlin/dev/brahmkshatriya/echo/player/extensions/subsonic/SubsonicApi.kt:111:22 Type mismatch: inferred type is 'EchoError.Network', but 'Throwable' was expected.
e: file:///Users/runner/work/echo-nightly/echo-nightly/composeApp/src/commonMain/kotlin/dev/brahmkshatriya/echo/player/extensions/subsonic/SubsonicApi.kt:145:19 Type mismatch: inferred type is 'EchoError.Network', but 'Throwable' was expected.
e: file:///Users/runner/work/echo-nightly/echo-nightly/composeApp/src/commonMain/kotlin/dev/brahmkshatriya/echo/player/extensions/subsonic/SubsonicApi.kt:152:47 Type mismatch: inferred type is 'EchoError.Network', but 'Throwable' was expected.
e: file:///Users/runner/work/echo-nightly/echo-nightly/composeApp/src/commonMain/kotlin/dev/brahmkshatriya/echo/player/extensions/subsonic/SubsonicApi.kt:154:19 Type mismatch: inferred type is 'EchoError.Network', but 'Throwable' was expected.
e: file:///Users/runner/work/echo-nightly/echo-nightly/composeApp/src/commonMain/kotlin/dev/brahmkshatriya/echo/player/extensions/subsonic/SubsonicApi.kt:159:36 Type mismatch: inferred type is 'EchoError.Network', but 'Throwable' was expected.
e: file:///Users/runner/work/echo-nightly/echo-nightly/composeApp/src/commonMain/kotlin/dev/brahmkshatriya/echo/player/extensions/subsonic/SubsonicExtension.kt:10:47 Unresolved reference 'Feed'.
e: file:///Users/runner/work/echo-nightly/echo-nightly/composeApp/src/commonMain/kotlin/dev/brahmkshatriya/echo/player/extensions/subsonic/SubsonicExtension.kt:42:19 Cannot access 'constructor(): ClientException': it is protected in 'dev/brahmkshatriya/echo/common/helpers/ClientException'.
e: file:///Users/runner/work/echo-nightly/echo-nightly/composeApp/src/commonMain/kotlin/dev/brahmkshatriya/echo/player/extensions/subsonic/SubsonicExtension.kt:65:9 No parameter with name 'genres' found.
e: file:///Users/runner/work/echo-nightly/echo-nightly/composeApp/src/commonMain/kotlin/dev/brahmkshatriya/echo/player/extensions/subsonic/SubsonicExtension.kt:76:9 No parameter with name 'genres' found.
e: file:///Users/runner/work/echo-nightly/echo-nightly/composeApp/src/commonMain/kotlin/dev/brahmkshatriya/echo/player/extensions/subsonic/SubsonicExtension.kt:103:42 Unresolved reference 'Feed'.
e: file:///Users/runner/work/echo-nightly/echo-nightly/composeApp/src/commonMain/kotlin/dev/brahmkshatriya/echo/player/extensions/subsonic/SubsonicExtension.kt:114:57 Unresolved reference 'Feed'.
e: file:///Users/runner/work/echo-nightly/echo-nightly/composeApp/src/commonMain/kotlin/dev/brahmkshatriya/echo/player/extensions/subsonic/SubsonicExtension.kt:129:52 Unresolved reference 'Feed'.
e: file:///Users/runner/work/echo-nightly/echo-nightly/composeApp/src/commonMain/kotlin/dev/brahmkshatriya/echo/player/extensions/subsonic/SubsonicExtension.kt:134:16 Unresolved reference 'Feed'.
e: file:///Users/runner/work/echo-nightly/echo-nightly/composeApp/src/commonMain/kotlin/dev/brahmkshatriya/echo/player/extensions/subsonic/SubsonicExtension.kt:134:21 Cannot infer type for this parameter. Specify it explicitly.
e: file:///Users/runner/work/echo-nightly/echo-nightly/composeApp/src/commonMain/kotlin/dev/brahmkshatriya/echo/player/extensions/subsonic/SubsonicExtension.kt:134:61 Unresolved reference 'toFeedData'.
e: file:///Users/runner/work/echo-nightly/echo-nightly/composeApp/src/commonMain/kotlin/dev/brahmkshatriya/echo/player/extensions/subsonic/SubsonicExtension.kt:137:50 Unresolved reference 'Feed'.
e: file:///Users/runner/work/echo-nightly/echo-nightly/composeApp/src/commonMain/kotlin/dev/brahmkshatriya/echo/player/extensions/subsonic/SubsonicExtension.kt:144:52 Unresolved reference 'Feed'.
e: file:///Users/runner/work/echo-nightly/echo-nightly/composeApp/src/commonMain/kotlin/dev/brahmkshatriya/echo/player/extensions/subsonic/SubsonicExtension.kt:182:50 Unresolved reference 'Feed'.
e: file:///Users/runner/work/echo-nightly/echo-nightly/composeApp/src/commonMain/kotlin/dev/brahmkshatriya/echo/player/extensions/subsonic/SubsonicExtension.kt:194:39 Unresolved reference 'Feed'.
e: file:///Users/runner/work/echo-nightly/echo-nightly/composeApp/src/commonMain/kotlin/dev/brahmkshatriya/echo/player/extensions/subsonic/SubsonicExtension.kt:195:9 Unresolved reference 'Feed'.
e: file:///Users/runner/work/echo-nightly/echo-nightly/composeApp/src/commonMain/kotlin/dev/brahmkshatriya/echo/player/extensions/subsonic/SubsonicExtension.kt:195:14 Cannot infer type for this parameter. Specify it explicitly.
e: file:///Users/runner/work/echo-nightly/echo-nightly/composeApp/src/commonMain/kotlin/dev/brahmkshatriya/echo/player/extensions/subsonic/SubsonicExtension.kt:195:52 Unresolved reference 'toFeedData'.
e: file:///Users/runner/work/echo-nightly/echo-nightly/composeApp/src/commonMain/kotlin/dev/brahmkshatriya/echo/player/library/DefaultStreamResolver.kt:65:22 Type mismatch: inferred type is 'EchoError.Extension', but 'Throwable' was expected.
e: file:///Users/runner/work/echo-nightly/echo-nightly/composeApp/src/commonMain/kotlin/dev/brahmkshatriya/echo/player/library/DefaultStreamResolver.kt:68:22 Type mismatch: inferred type is 'EchoError.Extension', but 'Throwable' was expected.
e: file:///Users/runner/work/echo-nightly/echo-nightly/composeApp/src/commonMain/kotlin/dev/brahmkshatriya/echo/player/library/DefaultStreamResolver.kt:70:22 Type mismatch: inferred type is 'EchoError.Playback', but 'Throwable' was expected.
e: file:///Users/runner/work/echo-nightly/echo-nightly/composeApp/src/commonMain/kotlin/dev/brahmkshatriya/echo/player/library/DefaultStreamResolver.kt:74:36 Type mismatch: inferred type is 'EchoError.Extension', but 'Throwable' was expected.
e: file:///Users/runner/work/echo-nightly/echo-nightly/composeApp/src/commonMain/kotlin/dev/brahmkshatriya/echo/player/library/DefaultStreamResolver.kt:78:22 Type mismatch: inferred type is 'EchoError.Playback', but 'Throwable' was expected.
e: file:///Users/runner/work/echo-nightly/echo-nightly/composeApp/src/commonMain/kotlin/dev/brahmkshatriya/echo/player/library/DefaultStreamResolver.kt:81:32 Type mismatch: inferred type is 'EchoError.Extension', but 'Throwable' was expected.
e: file:///Users/runner/work/echo-nightly/echo-nightly/composeApp/src/commonMain/kotlin/dev/brahmkshatriya/echo/player/library/DefaultStreamResolver.kt:86:30 Type mismatch: inferred type is 'EchoError.Playback', but 'Throwable' was expected.
e: file:///Users/runner/work/echo-nightly/echo-nightly/composeApp/src/commonMain/kotlin/dev/brahmkshatriya/echo/player/library/DefaultStreamResolver.kt:88:30 Type mismatch: inferred type is 'EchoError.Playback', but 'Throwable' was expected.
e: file:///Users/runner/work/echo-nightly/echo-nightly/composeApp/src/commonMain/kotlin/dev/brahmkshatriya/echo/player/library/DefaultStreamResolver.kt:97:27 Type mismatch: inferred type is 'EchoError.Playback', but 'Throwable' was expected.
e: file:///Users/runner/work/echo-nightly/echo-nightly/composeApp/src/commonMain/kotlin/dev/brahmkshatriya/echo/player/library/LibraryRepositories.kt:132:26 Unresolved reference 'Clock'.
e: file:///Users/runner/work/echo-nightly/echo-nightly/composeApp/src/commonMain/kotlin/dev/brahmkshatriya/echo/player/library/LibraryRepositories.kt:135:48 Unresolved reference 'Clock'.
e: file:///Users/runner/work/echo-nightly/echo-nightly/composeApp/src/commonMain/kotlin/dev/brahmkshatriya/echo/player/library/LibraryRepositories.kt:152:43 'return' is prohibited here.
e: file:///Users/runner/work/echo-nightly/echo-nightly/composeApp/src/commonMain/kotlin/dev/brahmkshatriya/echo/player/library/LibraryRepositories.kt:191:43 'return' is prohibited here.
e: file:///Users/runner/work/echo-nightly/echo-nightly/composeApp/src/commonMain/kotlin/dev/brahmkshatriya/echo/player/library/LibraryRepositories.kt:210:48 Unresolved reference 'Clock'.
e: file:///Users/runner/work/echo-nightly/echo-nightly/composeApp/src/commonMain/kotlin/dev/brahmkshatriya/echo/player/library/LocalLibraryRepository.kt:106:41 Type mismatch: inferred type is 'EchoError.Storage', but 'Throwable' was expected.
e: file:///Users/runner/work/echo-nightly/echo-nightly/composeApp/src/commonMain/kotlin/dev/brahmkshatriya/echo/player/library/LocalLibraryRepository.kt:116:50 Cannot infer type for this parameter. Specify it explicitly.
e: file:///Users/runner/work/echo-nightly/echo-nightly/composeApp/src/commonMain/kotlin/dev/brahmkshatriya/echo/player/library/LocalLibraryRepository.kt:116:50 Not enough information to infer type argument for 'R'.
e: file:///Users/runner/work/echo-nightly/echo-nightly/composeApp/src/commonMain/kotlin/dev/brahmkshatriya/echo/player/library/LocalLibraryRepository.kt:118:45 Unresolved reference 'resolve'.
e: file:///Users/runner/work/echo-nightly/echo-nightly/composeApp/src/commonMain/kotlin/dev/brahmkshatriya/echo/player/library/LocalLibraryRepository.kt:118:64 Cannot infer type for this parameter. Specify it explicitly.
e: file:///Users/runner/work/echo-nightly/echo-nightly/composeApp/src/commonMain/kotlin/dev/brahmkshatriya/echo/player/library/LocalLibraryRepository.kt:118:69 Cannot infer type for this parameter. Specify it explicitly.
e: file:///Users/runner/work/echo-nightly/echo-nightly/composeApp/src/commonMain/kotlin/dev/brahmkshatriya/echo/player/library/LocalLibraryRepository.kt:118:74 Unresolved reference 'mkdirs'.
e: file:///Users/runner/work/echo-nightly/echo-nightly/composeApp/src/commonMain/kotlin/dev/brahmkshatriya/echo/player/library/LocalLibraryRepository.kt:118:85 Unresolved reference 'resolve'.
e: file:///Users/runner/work/echo-nightly/echo-nightly/composeApp/src/commonMain/kotlin/dev/brahmkshatriya/echo/player/library/LocalLibraryRepository.kt:119:17 Cannot infer type for this parameter. Specify it explicitly.
e: file:///Users/runner/work/echo-nightly/echo-nightly/composeApp/src/commonMain/kotlin/dev/brahmkshatriya/echo/player/library/LocalLibraryRepository.kt:120:22 Cannot infer type for this parameter. Specify it explicitly.
e: file:///Users/runner/work/echo-nightly/echo-nightly/composeApp/src/commonMain/kotlin/dev/brahmkshatriya/echo/player/library/LocalLibraryRepository.kt:120:22 Not enough information to infer type argument for 'T'.
e: file:///Users/runner/work/echo-nightly/echo-nightly/composeApp/src/commonMain/kotlin/dev/brahmkshatriya/echo/player/library/LocalLibraryRepository.kt:121:35 Cannot infer type for this parameter. Specify it explicitly.
e: file:///Users/runner/work/echo-nightly/echo-nightly/composeApp/src/commonMain/kotlin/dev/brahmkshatriya/echo/player/library/LocalLibraryRepository.kt:121:35 Not enough information to infer type argument for 'R'.
e: file:///Users/runner/work/echo-nightly/echo-nightly/composeApp/src/commonMain/kotlin/dev/brahmkshatriya/echo/player/library/LocalLibraryRepository.kt:121:35 Unresolved reference. None of the following candidates is applicable because of a receiver type mismatch:
fun <T, R> T.let(block: (T) -> R): R
    [R|Contract description]
     <
        CallsInPlace(block, EXACTLY_ONCE)
    >
e: file:///Users/runner/work/echo-nightly/echo-nightly/composeApp/src/commonMain/kotlin/dev/brahmkshatriya/echo/player/library/LocalLibraryRepository.kt:121:39 Cannot infer type for this parameter. Specify it explicitly.
e: file:///Users/runner/work/echo-nightly/echo-nightly/composeApp/src/commonMain/kotlin/dev/brahmkshatriya/echo/player/library/LocalLibraryRepository.kt:216:44 Unresolved reference 'Clock'.
e: file:///Users/runner/work/echo-nightly/echo-nightly/composeApp/src/commonMain/kotlin/dev/brahmkshatriya/echo/player/library/SearchRepository.kt:3:47 Unresolved reference 'Feed'.
e: file:///Users/runner/work/echo-nightly/echo-nightly/composeApp/src/commonMain/kotlin/dev/brahmkshatriya/echo/player/library/SearchRepository.kt:39:13 Not enough information to infer type argument for 'K'.
e: file:///Users/runner/work/echo-nightly/echo-nightly/composeApp/src/commonMain/kotlin/dev/brahmkshatriya/echo/player/library/SearchRepository.kt:40:17 Cannot infer type for this parameter. Specify it explicitly.
e: file:///Users/runner/work/echo-nightly/echo-nightly/composeApp/src/commonMain/kotlin/dev/brahmkshatriya/echo/player/library/SearchRepository.kt:40:36 Unresolved reference 'loadAll'.
e: file:///Users/runner/work/echo-nightly/echo-nightly/composeApp/src/commonMain/kotlin/dev/brahmkshatriya/echo/player/library/SearchRepository.kt:41:22 Cannot infer type for this parameter. Specify it explicitly.
e: file:///Users/runner/work/echo-nightly/echo-nightly/composeApp/src/commonMain/kotlin/dev/brahmkshatriya/echo/player/library/SearchRepository.kt:41:22 Not enough information to infer type argument for 'T'.
e: file:///Users/runner/work/echo-nightly/echo-nightly/composeApp/src/commonMain/kotlin/dev/brahmkshatriya/echo/player/library/SearchRepository.kt:41:32 Cannot infer type for this parameter. Specify it explicitly.
e: file:///Users/runner/work/echo-nightly/echo-nightly/composeApp/src/commonMain/kotlin/dev/brahmkshatriya/echo/player/library/SearchRepository.kt:42:22 Cannot infer type for this parameter. Specify it explicitly.
e: file:///Users/runner/work/echo-nightly/echo-nightly/composeApp/src/commonMain/kotlin/dev/brahmkshatriya/echo/player/library/SearchRepository.kt:42:22 Not enough information to infer type argument for 'T'.
e: file:///Users/runner/work/echo-nightly/echo-nightly/composeApp/src/commonMain/kotlin/dev/brahmkshatriya/echo/player/library/SearchRepository.kt:52:17 Cannot infer type for this parameter. Specify it explicitly.
e: file:///Users/runner/work/echo-nightly/echo-nightly/composeApp/src/commonMain/kotlin/dev/brahmkshatriya/echo/player/library/SearchRepository.kt:53:25 Unresolved reference 'HomeFeedClient'.
e: file:///Users/runner/work/echo-nightly/echo-nightly/composeApp/src/commonMain/kotlin/dev/brahmkshatriya/echo/player/library/SearchRepository.kt:53:42 Unresolved reference 'loadHomeFeed'.
e: file:///Users/runner/work/echo-nightly/echo-nightly/composeApp/src/commonMain/kotlin/dev/brahmkshatriya/echo/player/library/SearchRepository.kt:54:11 Cannot infer type for this parameter. Specify it explicitly.
e: file:///Users/runner/work/echo-nightly/echo-nightly/composeApp/src/commonMain/kotlin/dev/brahmkshatriya/echo/player/library/SearchRepository.kt:54:11 Not enough information to infer type argument for 'R'.
e: file:///Users/runner/work/echo-nightly/echo-nightly/composeApp/src/commonMain/kotlin/dev/brahmkshatriya/echo/player/library/SearchRepository.kt:54:11 Not enough information to infer type argument for 'T'.
e: file:///Users/runner/work/echo-nightly/echo-nightly/composeApp/src/commonMain/kotlin/dev/brahmkshatriya/echo/player/library/SearchRepository.kt:54:25 Cannot infer type for this parameter. Specify it explicitly.
e: file:///Users/runner/work/echo-nightly/echo-nightly/composeApp/src/commonMain/kotlin/dev/brahmkshatriya/echo/player/library/SearchRepository.kt:55:19 Unresolved reference 'loadAll'.
e: file:///Users/runner/work/echo-nightly/echo-nightly/composeApp/src/commonMain/kotlin/dev/brahmkshatriya/echo/player/library/SearchRepository.kt:55:32 Cannot infer type for this parameter. Specify it explicitly.
e: file:///Users/runner/work/echo-nightly/echo-nightly/composeApp/src/commonMain/kotlin/dev/brahmkshatriya/echo/player/library/SearchRepository.kt:55:32 Not enough information to infer type argument for 'T'.
e: file:///Users/runner/work/echo-nightly/echo-nightly/composeApp/src/commonMain/kotlin/dev/brahmkshatriya/echo/player/ui/App.kt:43:37 Unresolved reference 'LocalConfiguration'.
e: file:///Users/runner/work/echo-nightly/echo-nightly/composeApp/src/commonMain/kotlin/dev/brahmkshatriya/echo/player/ui/App.kt:105:29 Unresolved reference 'LocalConfiguration'.
e: file:///Users/runner/work/echo-nightly/echo-nightly/composeApp/src/commonMain/kotlin/dev/brahmkshatriya/echo/player/ui/Artwork.kt:45:34 This type is final, so it cannot be extended.
e: file:///Users/runner/work/echo-nightly/echo-nightly/composeApp/src/commonMain/kotlin/dev/brahmkshatriya/echo/player/ui/Artwork.kt:45:34 Cannot access 'constructor<K, V>(keysArray: Array<K>, valuesArray: Array<V>?, presenceArray: IntArray, hashArray: IntArray, maxProbeDistance: Int, length: Int): HashMap<K, V>': it is private in 'kotlin/collections/HashMap'.
e: file:///Users/runner/work/echo-nightly/echo-nightly/composeApp/src/commonMain/kotlin/dev/brahmkshatriya/echo/player/ui/Artwork.kt:46:9 'removeEldestEntry' overrides nothing.
e: file:///Users/runner/work/echo-nightly/echo-nightly/composeApp/src/commonMain/kotlin/dev/brahmkshatriya/echo/player/ui/Artwork.kt:47:27 Unresolved reference 'MAX_ENTRIES'.
e: file:///Users/runner/work/echo-nightly/echo-nightly/composeApp/src/commonMain/kotlin/dev/brahmkshatriya/echo/player/ui/Artwork.kt:51:42 Unresolved reference 'synchronized'.
e: file:///Users/runner/work/echo-nightly/echo-nightly/composeApp/src/commonMain/kotlin/dev/brahmkshatriya/echo/player/ui/Artwork.kt:54:9 Unresolved reference 'synchronized'.
e: file:///Users/runner/work/echo-nightly/echo-nightly/composeApp/src/commonMain/kotlin/dev/brahmkshatriya/echo/player/ui/Artwork.kt:76:17 Cannot infer type for this parameter. Specify it explicitly.
e: file:///Users/runner/work/echo-nightly/echo-nightly/composeApp/src/commonMain/kotlin/dev/brahmkshatriya/echo/player/ui/Artwork.kt:76:46 Unresolved reference 'bytes'.
e: file:///Users/runner/work/echo-nightly/echo-nightly/composeApp/src/commonMain/kotlin/dev/brahmkshatriya/echo/player/ui/Artwork.kt:90:20 Cannot infer type for this parameter. Specify it explicitly.
e: file:///Users/runner/work/echo-nightly/echo-nightly/composeApp/src/commonMain/kotlin/dev/brahmkshatriya/echo/player/ui/Artwork.kt:90:49 Unresolved reference 'bytes'.
e: file:///Users/runner/work/echo-nightly/echo-nightly/composeApp/src/commonMain/kotlin/dev/brahmkshatriya/echo/player/ui/screens/ExtensionsScreen.kt:55:38 'val' cannot be reassigned.
e: file:///Users/runner/work/echo-nightly/echo-nightly/composeApp/src/commonMain/kotlin/dev/brahmkshatriya/echo/player/ui/screens/PlayerScreen.kt:72:54 Unresolved reference 'LocalConfiguration'.
e: file:///Users/runner/work/echo-nightly/echo-nightly/composeApp/src/commonMain/kotlin/dev/brahmkshatriya/echo/player/ui/screens/PlayerScreen.kt:138:35 No value passed for parameter 'onDrag'.
e: file:///Users/runner/work/echo-nightly/echo-nightly/composeApp/src/commonMain/kotlin/dev/brahmkshatriya/echo/player/ui/screens/SearchScreen.kt:138:9 Unresolved reference 'ArtworkImage'.
e: file:///Users/runner/work/echo-nightly/echo-nightly/composeApp/src/commonMain/kotlin/dev/brahmkshatriya/echo/player/ui/screens/SearchScreen.kt:161:9 Unresolved reference 'ArtworkImage'.
e: file:///Users/runner/work/echo-nightly/echo-nightly/composeApp/src/iosMain/kotlin/dev/brahmkshatriya/echo/player/MainView.kt:104:9 Return type mismatch: expected 'String', actual 'CharCategory'.
e: file:///Users/runner/work/echo-nightly/echo-nightly/composeApp/src/iosMain/kotlin/dev/brahmkshatriya/echo/player/MainView.kt:104:31 Unresolved reference 'AVAudioSession'.
e: file:///Users/runner/work/echo-nightly/echo-nightly/composeApp/src/iosMain/kotlin/dev/brahmkshatriya/echo/player/audio/IosAudioPlayer.kt:65:55 Unresolved reference 'NSObjectProtocol'.
e: file:///Users/runner/work/echo-nightly/echo-nightly/composeApp/src/iosMain/kotlin/dev/brahmkshatriya/echo/player/audio/IosAudioPlayer.kt:87:23 Unresolved reference 'AVAudioSession'.
e: file:///Users/runner/work/echo-nightly/echo-nightly/composeApp/src/iosMain/kotlin/dev/brahmkshatriya/echo/player/audio/IosAudioPlayer.kt:88:49 Unresolved reference 'AVAudioSessionCategoryPlayback'.
e: file:///Users/runner/work/echo-nightly/echo-nightly/composeApp/src/iosMain/kotlin/dev/brahmkshatriya/echo/player/audio/IosAudioPlayer.kt:90:79 Unresolved reference 'localizedDescription'.
e: file:///Users/runner/work/echo-nightly/echo-nightly/composeApp/src/iosMain/kotlin/dev/brahmkshatriya/echo/player/audio/IosAudioPlayer.kt:95:23 Unresolved reference 'AVAudioSession'.
e: file:///Users/runner/work/echo-nightly/echo-nightly/composeApp/src/iosMain/kotlin/dev/brahmkshatriya/echo/player/audio/IosAudioPlayer.kt:98:72 Unresolved reference 'localizedDescription'.
e: file:///Users/runner/work/echo-nightly/echo-nightly/composeApp/src/iosMain/kotlin/dev/brahmkshatriya/echo/player/audio/IosAudioPlayer.kt:104:20 Unresolved reference 'AVAudioSessionInterruptionNotification'.
e: file:///Users/runner/work/echo-nightly/echo-nightly/composeApp/src/iosMain/kotlin/dev/brahmkshatriya/echo/player/audio/IosAudioPlayer.kt:108:40 Only safe (?.) or non-null asserted (!!.) calls are allowed on a nullable receiver of type 'NSNotification?'.
e: file:///Users/runner/work/echo-nightly/echo-nightly/composeApp/src/iosMain/kotlin/dev/brahmkshatriya/echo/player/audio/IosAudioPlayer.kt:109:39 Unresolved reference 'AVAudioSessionInterruptionTypeKey'.
e: file:///Users/runner/work/echo-nightly/echo-nightly/composeApp/src/iosMain/kotlin/dev/brahmkshatriya/echo/player/audio/IosAudioPlayer.kt:118:50 Unresolved reference 'AVAudioSessionInterruptionOptionKey'.
e: file:///Users/runner/work/echo-nightly/echo-nightly/composeApp/src/iosMain/kotlin/dev/brahmkshatriya/echo/player/audio/IosAudioPlayer.kt:130:20 Unresolved reference 'AVAudioSessionRouteChangeNotification'.
e: file:///Users/runner/work/echo-nightly/echo-nightly/composeApp/src/iosMain/kotlin/dev/brahmkshatriya/echo/player/audio/IosAudioPlayer.kt:134:39 Only safe (?.) or non-null asserted (!!.) calls are allowed on a nullable receiver of type 'NSNotification?'.
e: file:///Users/runner/work/echo-nightly/echo-nightly/composeApp/src/iosMain/kotlin/dev/brahmkshatriya/echo/player/audio/IosAudioPlayer.kt:134:54 Unresolved reference 'AVAudioSessionRouteChangeReasonKey'.
e: file:///Users/runner/work/echo-nightly/echo-nightly/composeApp/src/iosMain/kotlin/dev/brahmkshatriya/echo/player/audio/IosAudioPlayer.kt:176:31 This declaration needs opt-in. Its usage must be marked with '@kotlinx.cinterop.ExperimentalForeignApi' or '@OptIn(kotlinx.cinterop.ExperimentalForeignApi::class)'
e: file:///Users/runner/work/echo-nightly/echo-nightly/composeApp/src/iosMain/kotlin/dev/brahmkshatriya/echo/player/audio/IosAudioPlayer.kt:176:42 This declaration needs opt-in. Its usage must be marked with '@kotlinx.cinterop.ExperimentalForeignApi' or '@OptIn(kotlinx.cinterop.ExperimentalForeignApi::class)'
e: file:///Users/runner/work/echo-nightly/echo-nightly/composeApp/src/iosMain/kotlin/dev/brahmkshatriya/echo/player/audio/IosAudioPlayer.kt:191:26 Type mismatch: inferred type is 'EchoError.Playback', but 'Throwable' was expected.
e: file:///Users/runner/work/echo-nightly/echo-nightly/composeApp/src/iosMain/kotlin/dev/brahmkshatriya/echo/player/audio/IosAudioPlayer.kt:199:26 Unresolved reference 'AnyObject'.
e: file:///Users/runner/work/echo-nightly/echo-nightly/composeApp/src/iosMain/kotlin/dev/brahmkshatriya/echo/player/audio/IosAudioPlayer.kt:235:20 This declaration needs opt-in. Its usage must be marked with '@kotlinx.cinterop.ExperimentalForeignApi' or '@OptIn(kotlinx.cinterop.ExperimentalForeignApi::class)'
e: file:///Users/runner/work/echo-nightly/echo-nightly/composeApp/src/iosMain/kotlin/dev/brahmkshatriya/echo/player/audio/IosAudioPlayer.kt:236:17 This declaration needs opt-in. Its usage must be marked with '@kotlinx.cinterop.ExperimentalForeignApi' or '@OptIn(kotlinx.cinterop.ExperimentalForeignApi::class)'
e: file:///Users/runner/work/echo-nightly/echo-nightly/composeApp/src/iosMain/kotlin/dev/brahmkshatriya/echo/player/audio/IosAudioPlayer.kt:236:28 This declaration needs opt-in. Its usage must be marked with '@kotlinx.cinterop.ExperimentalForeignApi' or '@OptIn(kotlinx.cinterop.ExperimentalForeignApi::class)'
e: file:///Users/runner/work/echo-nightly/echo-nightly/composeApp/src/iosMain/kotlin/dev/brahmkshatriya/echo/player/audio/IosAudioPlayer.kt:282:31 Cannot infer type for this parameter. Specify it explicitly.
e: file:///Users/runner/work/echo-nightly/echo-nightly/composeApp/src/iosMain/kotlin/dev/brahmkshatriya/echo/player/audio/IosAudioPlayer.kt:282:31 Not enough information to infer type argument for 'T'.
e: file:///Users/runner/work/echo-nightly/echo-nightly/composeApp/src/iosMain/kotlin/dev/brahmkshatriya/echo/player/audio/IosAudioPlayer.kt:282:39 Cannot infer type for this parameter. Specify it explicitly.
e: file:///Users/runner/work/echo-nightly/echo-nightly/composeApp/src/iosMain/kotlin/dev/brahmkshatriya/echo/player/audio/IosAudioPlayer.kt:291:37 This declaration needs opt-in. Its usage must be marked with '@kotlinx.cinterop.ExperimentalForeignApi' or '@OptIn(kotlinx.cinterop.ExperimentalForeignApi::class)'
e: file:///Users/runner/work/echo-nightly/echo-nightly/composeApp/src/iosMain/kotlin/dev/brahmkshatriya/echo/player/audio/IosAudioPlayer.kt:292:24 This declaration needs opt-in. Its usage must be marked with '@kotlinx.cinterop.ExperimentalForeignApi' or '@OptIn(kotlinx.cinterop.ExperimentalForeignApi::class)'
e: file:///Users/runner/work/echo-nightly/echo-nightly/composeApp/src/iosMain/kotlin/dev/brahmkshatriya/echo/player/audio/IosAudioPlayer.kt:305:41 Argument type mismatch: actual type is 'CValue<CMTime>', but 'CMTime' was expected.
e: file:///Users/runner/work/echo-nightly/echo-nightly/composeApp/src/iosMain/kotlin/dev/brahmkshatriya/echo/player/audio/IosAudioPlayer.kt:305:49 This declaration needs opt-in. Its usage must be marked with '@kotlinx.cinterop.ExperimentalForeignApi' or '@OptIn(kotlinx.cinterop.ExperimentalForeignApi::class)'
e: file:///Users/runner/work/echo-nightly/echo-nightly/composeApp/src/iosMain/kotlin/dev/brahmkshatriya/echo/player/audio/IosAudioPlayer.kt:306:41 Argument type mismatch: actual type is 'CValue<CMTime>', but 'CMTime' was expected.
e: file:///Users/runner/work/echo-nightly/echo-nightly/composeApp/src/iosMain/kotlin/dev/brahmkshatriya/echo/player/audio/IosAudioPlayer.kt:306:46 This declaration needs opt-in. Its usage must be marked with '@kotlinx.cinterop.ExperimentalForeignApi' or '@OptIn(kotlinx.cinterop.ExperimentalForeignApi::class)'
e: file:///Users/runner/work/echo-nightly/echo-nightly/composeApp/src/iosMain/kotlin/dev/brahmkshatriya/echo/player/audio/IosAudioPlayer.kt:312:44 This declaration needs opt-in. Its usage must be marked with '@kotlinx.cinterop.ExperimentalForeignApi' or '@OptIn(kotlinx.cinterop.ExperimentalForeignApi::class)'
e: file:///Users/runner/work/echo-nightly/echo-nightly/composeApp/src/iosMain/kotlin/dev/brahmkshatriya/echo/player/audio/IosAudioPlayer.kt:312:44 Argument type mismatch: actual type is 'CValue<CMTime>', but 'CMTime' was expected.
e: file:///Users/runner/work/echo-nightly/echo-nightly/composeApp/src/iosMain/kotlin/dev/brahmkshatriya/echo/player/audio/IosAudioPlayer.kt:312:68 Unresolved reference 'timeRangeValue'.
e: file:///Users/runner/work/echo-nightly/echo-nightly/composeApp/src/iosMain/kotlin/dev/brahmkshatriya/echo/player/audio/IosAudioPlayer.kt:357:32 Unresolved reference 'AnyObject'.
e: file:///Users/runner/work/echo-nightly/echo-nightly/composeApp/src/iosMain/kotlin/dev/brahmkshatriya/echo/player/audio/IosAudioPlayer.kt:358:13 Argument type mismatch: actual type is 'Pair<String, String>', but 'Pair<uninferred K (of fun <K, V> mutableMapOf), Any?>' was expected.
e: file:///Users/runner/work/echo-nightly/echo-nightly/composeApp/src/iosMain/kotlin/dev/brahmkshatriya/echo/player/audio/IosAudioPlayer.kt:359:13 Argument type mismatch: actual type is 'Pair<String, String>', but 'Pair<uninferred K (of fun <K, V> mutableMapOf), Any?>' was expected.
e: file:///Users/runner/work/echo-nightly/echo-nightly/composeApp/src/iosMain/kotlin/dev/brahmkshatriya/echo/player/audio/IosAudioPlayer.kt:360:13 Argument type mismatch: actual type is 'Pair<String, Double>', but 'Pair<uninferred K (of fun <K, V> mutableMapOf), Any?>' was expected.
e: file:///Users/runner/work/echo-nightly/echo-nightly/composeApp/src/iosMain/kotlin/dev/brahmkshatriya/echo/player/audio/IosAudioPlayer.kt:361:13 Argument type mismatch: actual type is 'Pair<String, Double>', but 'Pair<uninferred K (of fun <K, V> mutableMapOf), Any?>' was expected.
e: file:///Users/runner/work/echo-nightly/echo-nightly/composeApp/src/iosMain/kotlin/dev/brahmkshatriya/echo/player/audio/IosAudioPlayer.kt:362:13 Argument type mismatch: actual type is 'Pair<String, Double>', but 'Pair<uninferred K (of fun <K, V> mutableMapOf), Any?>' was expected.
e: file:///Users/runner/work/echo-nightly/echo-nightly/composeApp/src/iosMain/kotlin/dev/brahmkshatriya/echo/player/audio/IosAudioPlayer.kt:366:68 This declaration needs opt-in. Its usage must be marked with '@kotlinx.cinterop.ExperimentalForeignApi' or '@OptIn(kotlinx.cinterop.ExperimentalForeignApi::class)'
e: file:///Users/runner/work/echo-nightly/echo-nightly/composeApp/src/iosMain/kotlin/dev/brahmkshatriya/echo/player/audio/IosAudioPlayer.kt:367:30 This declaration needs opt-in. Its usage must be marked with '@kotlinx.cinterop.ExperimentalForeignApi' or '@OptIn(kotlinx.cinterop.ExperimentalForeignApi::class)'
e: file:///Users/runner/work/echo-nightly/echo-nightly/composeApp/src/iosMain/kotlin/dev/brahmkshatriya/echo/player/platform/IosPlatform.kt:12:30 Unresolved reference 'AVMetadataCommonKeyAlbum'.
e: file:///Users/runner/work/echo-nightly/echo-nightly/composeApp/src/iosMain/kotlin/dev/brahmkshatriya/echo/player/platform/IosPlatform.kt:13:30 Unresolved reference 'AVMetadataCommonKeyAlbumArtist'.
e: file:///Users/runner/work/echo-nightly/echo-nightly/composeApp/src/iosMain/kotlin/dev/brahmkshatriya/echo/player/platform/IosPlatform.kt:29:28 Unresolved reference 'httpBody'.
e: file:///Users/runner/work/echo-nightly/echo-nightly/composeApp/src/iosMain/kotlin/dev/brahmkshatriya/echo/player/platform/IosPlatform.kt:30:28 Unresolved reference 'httpMethod'.
e: file:///Users/runner/work/echo-nightly/echo-nightly/composeApp/src/iosMain/kotlin/dev/brahmkshatriya/echo/player/platform/IosPlatform.kt:47:30 Type mismatch: inferred type is 'EchoError.Network', but 'Throwable' was expected.
e: file:///Users/runner/work/echo-nightly/echo-nightly/composeApp/src/iosMain/kotlin/dev/brahmkshatriya/echo/player/platform/IosPlatform.kt:49:34 None of the following candidates is applicable:
constructor(uRL: NSURL): NSMutableURLRequest
constructor(uRL: NSURL, cachePolicy: ULong, timeoutInterval: Double): NSMutableURLRequest
constructor(): NSMutableURLRequest
constructor(coder: NSCoder): NSMutableURLRequest
e: file:///Users/runner/work/echo-nightly/echo-nightly/composeApp/src/iosMain/kotlin/dev/brahmkshatriya/echo/player/platform/IosPlatform.kt:50:28 Unresolved reference 'httpMethod'.
e: file:///Users/runner/work/echo-nightly/echo-nightly/composeApp/src/iosMain/kotlin/dev/brahmkshatriya/echo/player/platform/IosPlatform.kt:54:48 Unresolved reference 'httpBody'.
e: file:///Users/runner/work/echo-nightly/echo-nightly/composeApp/src/iosMain/kotlin/dev/brahmkshatriya/echo/player/platform/IosPlatform.kt:60:33 Argument type mismatch: actual type is 'EchoError.Network', but 'Throwable' was expected.
e: file:///Users/runner/work/echo-nightly/echo-nightly/composeApp/src/iosMain/kotlin/dev/brahmkshatriya/echo/player/platform/IosPlatform.kt:80:25 Argument type mismatch: actual type is 'EchoError', but 'Throwable' was expected.
e: file:///Users/runner/work/echo-nightly/echo-nightly/composeApp/src/iosMain/kotlin/dev/brahmkshatriya/echo/player/platform/IosPlatform.kt:94:26 Type mismatch: inferred type is 'EchoError.Network', but 'Throwable' was expected.
e: file:///Users/runner/work/echo-nightly/echo-nightly/composeApp/src/iosMain/kotlin/dev/brahmkshatriya/echo/player/platform/IosPlatform.kt:102:30 None of the following candidates is applicable:
constructor(uRL: NSURL): NSMutableURLRequest
constructor(uRL: NSURL, cachePolicy: ULong, timeoutInterval: Double): NSMutableURLRequest
constructor(): NSMutableURLRequest
constructor(coder: NSCoder): NSMutableURLRequest
e: file:///Users/runner/work/echo-nightly/echo-nightly/composeApp/src/iosMain/kotlin/dev/brahmkshatriya/echo/player/platform/IosPlatform.kt:103:24 Unresolved reference 'httpMethod'.
e: file:///Users/runner/work/echo-nightly/echo-nightly/composeApp/src/iosMain/kotlin/dev/brahmkshatriya/echo/player/platform/IosPlatform.kt:119:21 Argument type mismatch: actual type is 'EchoError', but 'Throwable' was expected.
e: file:///Users/runner/work/echo-nightly/echo-nightly/composeApp/src/iosMain/kotlin/dev/brahmkshatriya/echo/player/platform/IosPlatform.kt:136:9 Class 'DownloadDelegate' is not abstract and does not implement abstract member:
fun URLSession(session: NSURLSession, downloadTask: NSURLSessionDownloadTask, didFinishDownloadingToURL: NSURL): Unit
e: file:///Users/runner/work/echo-nightly/echo-nightly/composeApp/src/iosMain/kotlin/dev/brahmkshatriya/echo/player/platform/IosPlatform.kt:140:49 Unresolved reference 'CancellableContinuation'.
e: file:///Users/runner/work/echo-nightly/echo-nightly/composeApp/src/iosMain/kotlin/dev/brahmkshatriya/echo/player/platform/IosPlatform.kt:161:5 'URLSession' overrides nothing. Potential signatures for overriding:
fun URLSession(session: NSURLSession, downloadTask: NSURLSessionDownloadTask, didFinishDownloadingToURL: NSURL): Unit
fun URLSession(session: NSURLSession, downloadTask: NSURLSessionDownloadTask, didResumeAtOffset: Long, expectedTotalBytes: Long): Unit
fun URLSession(session: NSURLSession, didCreateTask: NSURLSessionTask): Unit
fun URLSession(session: NSURLSession, task: NSURLSessionTask, willBeginDelayedRequest: NSURLRequest, completionHandler: (Long, NSURLRequest?) -> Unit): Unit
fun URLSession(session: NSURLSession, taskIsWaitingForConnectivity: NSURLSessionTask): Unit
fun URLSession(session: NSURLSession, task: NSURLSessionTask, willPerformHTTPRedirection: NSHTTPURLResponse, newRequest: NSURLRequest, completionHandler: (NSURLRequest?) -> Unit): Unit
fun URLSession(session: NSURLSession, task: NSURLSessionTask, didReceiveChallenge: NSURLAuthenticationChallenge, completionHandler: (Long, NSURLCredential?) -> Unit): Unit
fun URLSession(session: NSURLSession, task: NSURLSessionTask, needNewBodyStream: (NSInputStream?) -> Unit): Unit
fun URLSession(session: NSURLSession, task: NSURLSessionTask, needNewBodyStreamFromOffset: Long, completionHandler: (NSInputStream?) -> Unit): Unit
fun URLSession(session: NSURLSession, task: NSURLSessionTask, didSendBodyData: Long, totalBytesSent: Long, totalBytesExpectedToSend: Long): Unit
fun URLSession(session: NSURLSession, task: NSURLSessionTask, didReceiveInformationalResponse: NSHTTPURLResponse): Unit
fun URLSession(session: NSURLSession, task: NSURLSessionTask, didFinishCollectingMetrics: NSURLSessionTaskMetrics): Unit
fun URLSession(session: NSURLSession, task: NSURLSessionTask, didCompleteWithError: NSError?): Unit
fun URLSession(session: NSURLSession, didBecomeInvalidWithError: NSError?): Unit
fun URLSession(session: NSURLSession, didReceiveChallenge: NSURLAuthenticationChallenge, completionHandler: (Long, NSURLCredential?) -> Unit): Unit
e: file:///Users/runner/work/echo-nightly/echo-nightly/composeApp/src/iosMain/kotlin/dev/brahmkshatriya/echo/player/platform/IosPlatform.kt:164:9 An explicit type is required on a value parameter.
e: file:///Users/runner/work/echo-nightly/echo-nightly/composeApp/src/iosMain/kotlin/dev/brahmkshatriya/echo/player/platform/IosPlatform.kt:164:34 Syntax error: Expecting comma or ')'.
e: file:///Users/runner/work/echo-nightly/echo-nightly/composeApp/src/iosMain/kotlin/dev/brahmkshatriya/echo/player/platform/IosPlatform.kt:170:55 Type mismatch: inferred type is 'EchoError.Storage', but 'Throwable' was expected.
e: file:///Users/runner/work/echo-nightly/echo-nightly/composeApp/src/iosMain/kotlin/dev/brahmkshatriya/echo/player/platform/IosPlatform.kt:172:30 Type mismatch: inferred type is 'EchoError.Storage', but 'Throwable' was expected.
e: file:///Users/runner/work/echo-nightly/echo-nightly/composeApp/src/iosMain/kotlin/dev/brahmkshatriya/echo/player/platform/IosPlatform.kt:173:43 Unresolved reference 'fileHandleForWritingAtPath'.
e: file:///Users/runner/work/echo-nightly/echo-nightly/composeApp/src/iosMain/kotlin/dev/brahmkshatriya/echo/player/platform/IosPlatform.kt:174:30 Type mismatch: inferred type is 'EchoError.Storage', but 'Throwable' was expected.
e: file:///Users/runner/work/echo-nightly/echo-nightly/composeApp/src/iosMain/kotlin/dev/brahmkshatriya/echo/player/platform/IosPlatform.kt:179:25 This declaration needs opt-in. Its usage must be marked with '@kotlinx.cinterop.ExperimentalForeignApi' or '@OptIn(kotlinx.cinterop.ExperimentalForeignApi::class)'
e: file:///Users/runner/work/echo-nightly/echo-nightly/composeApp/src/iosMain/kotlin/dev/brahmkshatriya/echo/player/platform/IosPlatform.kt:184:30 This declaration needs opt-in. Its usage must be marked with '@kotlinx.cinterop.ExperimentalForeignApi' or '@OptIn(kotlinx.cinterop.ExperimentalForeignApi::class)'
e: file:///Users/runner/work/echo-nightly/echo-nightly/composeApp/src/iosMain/kotlin/dev/brahmkshatriya/echo/player/platform/IosPlatform.kt:185:27 Type mismatch: inferred type is 'EchoError.Storage', but 'Throwable' was expected.
e: file:///Users/runner/work/echo-nightly/echo-nightly/composeApp/src/iosMain/kotlin/dev/brahmkshatriya/echo/player/platform/IosPlatform.kt:189:30 Unresolved reference 'isActive'.
e: file:///Users/runner/work/echo-nightly/echo-nightly/composeApp/src/iosMain/kotlin/dev/brahmkshatriya/echo/player/platform/IosPlatform.kt:191:30 Unresolved reference 'isActive'.
e: file:///Users/runner/work/echo-nightly/echo-nightly/composeApp/src/iosMain/kotlin/dev/brahmkshatriya/echo/player/platform/IosPlatform.kt:192:30 Cannot infer type for this parameter. Specify it explicitly.
e: file:///Users/runner/work/echo-nightly/echo-nightly/composeApp/src/iosMain/kotlin/dev/brahmkshatriya/echo/player/platform/IosPlatform.kt:193:21 Argument type mismatch: actual type is 'EchoError', but 'Throwable' was expected.
e: file:///Users/runner/work/echo-nightly/echo-nightly/composeApp/src/iosMain/kotlin/dev/brahmkshatriya/echo/player/platform/IosPlatform.kt:199:5 'URLSession' overrides nothing. Potential signatures for overriding:
fun URLSession(session: NSURLSession, downloadTask: NSURLSessionDownloadTask, didFinishDownloadingToURL: NSURL): Unit
fun URLSession(session: NSURLSession, downloadTask: NSURLSessionDownloadTask, didResumeAtOffset: Long, expectedTotalBytes: Long): Unit
fun URLSession(session: NSURLSession, didCreateTask: NSURLSessionTask): Unit
fun URLSession(session: NSURLSession, task: NSURLSessionTask, willBeginDelayedRequest: NSURLRequest, completionHandler: (Long, NSURLRequest?) -> Unit): Unit
fun URLSession(session: NSURLSession, taskIsWaitingForConnectivity: NSURLSessionTask): Unit
fun URLSession(session: NSURLSession, task: NSURLSessionTask, willPerformHTTPRedirection: NSHTTPURLResponse, newRequest: NSURLRequest, completionHandler: (NSURLRequest?) -> Unit): Unit
fun URLSession(session: NSURLSession, task: NSURLSessionTask, didReceiveChallenge: NSURLAuthenticationChallenge, completionHandler: (Long, NSURLCredential?) -> Unit): Unit
fun URLSession(session: NSURLSession, task: NSURLSessionTask, needNewBodyStream: (NSInputStream?) -> Unit): Unit
fun URLSession(session: NSURLSession, task: NSURLSessionTask, needNewBodyStreamFromOffset: Long, completionHandler: (NSInputStream?) -> Unit): Unit
fun URLSession(session: NSURLSession, task: NSURLSessionTask, didSendBodyData: Long, totalBytesSent: Long, totalBytesExpectedToSend: Long): Unit
fun URLSession(session: NSURLSession, task: NSURLSessionTask, didReceiveInformationalResponse: NSHTTPURLResponse): Unit
fun URLSession(session: NSURLSession, task: NSURLSessionTask, didFinishCollectingMetrics: NSURLSessionTaskMetrics): Unit
fun URLSession(session: NSURLSession, task: NSURLSessionTask, didCompleteWithError: NSError?): Unit
fun URLSession(session: NSURLSession, didBecomeInvalidWithError: NSError?): Unit
fun URLSession(session: NSURLSession, didReceiveChallenge: NSURLAuthenticationChallenge, completionHandler: (Long, NSURLCredential?) -> Unit): Unit
e: file:///Users/runner/work/echo-nightly/echo-nightly/composeApp/src/iosMain/kotlin/dev/brahmkshatriya/echo/player/platform/IosPlatform.kt:202:31 Unresolved reference 'NSError'.
e: file:///Users/runner/work/echo-nightly/echo-nightly/composeApp/src/iosMain/kotlin/dev/brahmkshatriya/echo/player/platform/IosPlatform.kt:205:58 Unresolved reference 'isActive'.
e: file:///Users/runner/work/echo-nightly/echo-nightly/composeApp/src/iosMain/kotlin/dev/brahmkshatriya/echo/player/platform/IosPlatform.kt:206:26 Cannot infer type for this parameter. Specify it explicitly.
e: file:///Users/runner/work/echo-nightly/echo-nightly/composeApp/src/iosMain/kotlin/dev/brahmkshatriya/echo/player/platform/IosPlatform.kt:207:17 Argument type mismatch: actual type is 'EchoError.Network', but 'Throwable' was expected.
e: file:///Users/runner/work/echo-nightly/echo-nightly/composeApp/src/iosMain/kotlin/dev/brahmkshatriya/echo/player/platform/IosPlatform.kt:207:56 Unresolved reference 'localizedDescription'.
e: file:///Users/runner/work/echo-nightly/echo-nightly/composeApp/src/iosMain/kotlin/dev/brahmkshatriya/echo/player/platform/IosPlatform.kt:263:26 Unresolved reference 'resolve'.
e: file:///Users/runner/work/echo-nightly/echo-nightly/composeApp/src/iosMain/kotlin/dev/brahmkshatriya/echo/player/platform/IosPlatform.kt:268:22 This declaration needs opt-in. Its usage must be marked with '@kotlinx.cinterop.ExperimentalForeignApi' or '@OptIn(kotlinx.cinterop.ExperimentalForeignApi::class)'
e: file:///Users/runner/work/echo-nightly/echo-nightly/composeApp/src/iosMain/kotlin/dev/brahmkshatriya/echo/player/platform/IosPlatform.kt:270:26 Type mismatch: inferred type is 'EchoError.Storage', but 'Throwable' was expected.
e: file:///Users/runner/work/echo-nightly/echo-nightly/composeApp/src/iosMain/kotlin/dev/brahmkshatriya/echo/player/platform/IosPlatform.kt:283:34 Unresolved reference 'commonMetadata'.
e: file:///Users/runner/work/echo-nightly/echo-nightly/composeApp/src/iosMain/kotlin/dev/brahmkshatriya/echo/player/platform/IosPlatform.kt:286:40 Unresolved reference 'it'.
e: file:///Users/runner/work/echo-nightly/echo-nightly/composeApp/src/iosMain/kotlin/dev/brahmkshatriya/echo/player/platform/IosPlatform.kt:286:63 Unresolved reference 'stringValue'.
e: file:///Users/runner/work/echo-nightly/echo-nightly/composeApp/src/iosMain/kotlin/dev/brahmkshatriya/echo/player/platform/IosPlatform.kt:286:76 Cannot infer type for this parameter. Specify it explicitly.
e: file:///Users/runner/work/echo-nightly/echo-nightly/composeApp/src/iosMain/kotlin/dev/brahmkshatriya/echo/player/platform/IosPlatform.kt:286:83 Cannot infer type for this parameter. Specify it explicitly.
e: file:///Users/runner/work/echo-nightly/echo-nightly/composeApp/src/iosMain/kotlin/dev/brahmkshatriya/echo/player/platform/IosPlatform.kt:288:54 Unresolved reference 'it'.
e: file:///Users/runner/work/echo-nightly/echo-nightly/composeApp/src/iosMain/kotlin/dev/brahmkshatriya/echo/player/platform/IosPlatform.kt:288:100 Unresolved reference 'dataValue'.
e: file:///Users/runner/work/echo-nightly/echo-nightly/composeApp/src/iosMain/kotlin/dev/brahmkshatriya/echo/player/platform/IosPlatform.kt:290:36 This declaration needs opt-in. Its usage must be marked with '@kotlinx.cinterop.ExperimentalForeignApi' or '@OptIn(kotlinx.cinterop.ExperimentalForeignApi::class)'
e: file:///Users/runner/work/echo-nightly/echo-nightly/composeApp/src/iosMain/kotlin/dev/brahmkshatriya/echo/player/platform/IosPlatform.kt:292:21 This declaration needs opt-in. Its usage must be marked with '@kotlinx.cinterop.ExperimentalForeignApi' or '@OptIn(kotlinx.cinterop.ExperimentalForeignApi::class)'
e: file:///Users/runner/work/echo-nightly/echo-nightly/composeApp/src/iosMain/kotlin/dev/brahmkshatriya/echo/player/platform/IosPlatform.kt:292:32 Unresolved reference 'timescale'.
e: file:///Users/runner/work/echo-nightly/echo-nightly/composeApp/src/iosMain/kotlin/dev/brahmkshatriya/echo/player/platform/IosPlatform.kt:293:22 This declaration needs opt-in. Its usage must be marked with '@kotlinx.cinterop.ExperimentalForeignApi' or '@OptIn(kotlinx.cinterop.ExperimentalForeignApi::class)'
e: file:///Users/runner/work/echo-nightly/echo-nightly/composeApp/src/iosMain/kotlin/dev/brahmkshatriya/echo/player/platform/IosPlatform.kt:293:33 Unresolved reference 'value'.
e: file:///Users/runner/work/echo-nightly/echo-nightly/composeApp/src/iosMain/kotlin/dev/brahmkshatriya/echo/player/platform/IosPlatform.kt:293:52 This declaration needs opt-in. Its usage must be marked with '@kotlinx.cinterop.ExperimentalForeignApi' or '@OptIn(kotlinx.cinterop.ExperimentalForeignApi::class)'
e: file:///Users/runner/work/echo-nightly/echo-nightly/composeApp/src/iosMain/kotlin/dev/brahmkshatriya/echo/player/platform/IosPlatform.kt:293:63 Unresolved reference 'timescale'.
e: file:///Users/runner/work/echo-nightly/echo-nightly/composeApp/src/iosMain/kotlin/dev/brahmkshatriya/echo/player/platform/IosPlatform.kt:295:33 Argument type mismatch: actual type is 'String?', but 'String' was expected.
e: file:///Users/runner/work/echo-nightly/echo-nightly/composeApp/src/iosMain/kotlin/dev/brahmkshatriya/echo/player/platform/IosPlatform.kt:298:30 Argument type mismatch: actual type is 'String?', but 'String' was expected.
e: file:///Users/runner/work/echo-nightly/echo-nightly/composeApp/src/iosMain/kotlin/dev/brahmkshatriya/echo/player/platform/IosPlatform.kt:299:31 Argument type mismatch: actual type is 'String?', but 'String' was expected.
e: file:///Users/runner/work/echo-nightly/echo-nightly/composeApp/src/iosMain/kotlin/dev/brahmkshatriya/echo/player/platform/IosPlatform.kt:300:30 Unresolved reference 'AVMetadataCommonKeyAlbum'.
e: file:///Users/runner/work/echo-nightly/echo-nightly/composeApp/src/iosMain/kotlin/dev/brahmkshatriya/echo/player/platform/IosPlatform.kt:301:36 Unresolved reference 'AVMetadataCommonKeyAlbumArtist'.
e: file:///Users/runner/work/echo-nightly/echo-nightly/composeApp/src/iosMain/kotlin/dev/brahmkshatriya/echo/player/ui/IosUiActuals.kt:17:18 Unresolved reference 'UIDocumentPickerModeImport'.
e: file:///Users/runner/work/echo-nightly/echo-nightly/composeApp/src/iosMain/kotlin/dev/brahmkshatriya/echo/player/ui/IosUiActuals.kt:41:46 Unresolved reference 'UIWindowSceneActivationStateForegroundActive'.
e: file:///Users/runner/work/echo-nightly/echo-nightly/composeApp/src/iosMain/kotlin/dev/brahmkshatriya/echo/player/ui/IosUiActuals.kt:43:43 Unresolved reference 'isKeyWindow'.
e: file:///Users/runner/work/echo-nightly/echo-nightly/composeApp/src/iosMain/kotlin/dev/brahmkshatriya/echo/player/ui/IosUiActuals.kt:43:58 Unresolved reference 'rootViewController'.

> Task :composeApp:compileKotlinIosX64 FAILED
e: file:///Users/runner/work/echo-nightly/echo-nightly/composeApp/src/commonMain/kotlin/dev/brahmkshatriya/echo/player/audio/PlaybackController.kt:41:1 Class 'PlaybackController' is not abstract and does not implement abstract members:
fun onPlay(): Unit
fun onPause(): Unit
fun onTogglePlayPause(): Unit
fun onNext(): Unit
fun onPrevious(): Unit
fun onSeekTo(positionMs: Long): Unit
fun onSkipForward(): Unit
fun onSkipBackward(): Unit
e: file:///Users/runner/work/echo-nightly/echo-nightly/composeApp/src/commonMain/kotlin/dev/brahmkshatriya/echo/player/audio/QueueItem.kt:43:32 Unresolved reference 'Clock'.
e: file:///Users/runner/work/echo-nightly/echo-nightly/composeApp/src/commonMain/kotlin/dev/brahmkshatriya/echo/player/audio/QueueManager.kt:46:39 Unresolved reference 'Track'.
e: file:///Users/runner/work/echo-nightly/echo-nightly/composeApp/src/commonMain/kotlin/dev/brahmkshatriya/echo/player/audio/QueueManager.kt:50:42 Cannot infer type for this parameter. Specify it explicitly.
e: file:///Users/runner/work/echo-nightly/echo-nightly/composeApp/src/commonMain/kotlin/dev/brahmkshatriya/echo/player/di/AppGraph.kt:84:17 Argument type mismatch: actual type is 'Function0<MusicExtension>', but 'BuiltinExtensionFactory' was expected.
e: file:///Users/runner/work/echo-nightly/echo-nightly/composeApp/src/commonMain/kotlin/dev/brahmkshatriya/echo/player/di/AppGraph.kt:85:17 Argument type mismatch: actual type is 'Function0<MusicExtension>', but 'BuiltinExtensionFactory' was expected.
e: file:///Users/runner/work/echo-nightly/echo-nightly/composeApp/src/commonMain/kotlin/dev/brahmkshatriya/echo/player/di/AppGraph.kt:150:9 Unresolved reference 'engine'.
e: file:///Users/runner/work/echo-nightly/echo-nightly/composeApp/src/commonMain/kotlin/dev/brahmkshatriya/echo/player/domain/EchoError.kt:49:10 Class 'EchoError.Cancelled' is not abstract and does not implement abstract member:
val cause: Throwable?
e: file:///Users/runner/work/echo-nightly/echo-nightly/composeApp/src/commonMain/kotlin/dev/brahmkshatriya/echo/player/domain/EchoError.kt:68:20 Argument type mismatch: actual type is 'EchoError', but 'Throwable' was expected.
e: file:///Users/runner/work/echo-nightly/echo-nightly/composeApp/src/commonMain/kotlin/dev/brahmkshatriya/echo/player/domain/EchoError.kt:76:20 Argument type mismatch: actual type is 'EchoError', but 'Throwable' was expected.
e: file:///Users/runner/work/echo-nightly/echo-nightly/composeApp/src/commonMain/kotlin/dev/brahmkshatriya/echo/player/download/DownloadRepository.kt:244:24 Type mismatch: inferred type is 'EchoError.Extension', but 'Throwable' was expected.
e: file:///Users/runner/work/echo-nightly/echo-nightly/composeApp/src/commonMain/kotlin/dev/brahmkshatriya/echo/player/download/DownloadRepository.kt:246:73 Unresolved reference 'resolve'.
e: file:///Users/runner/work/echo-nightly/echo-nightly/composeApp/src/commonMain/kotlin/dev/brahmkshatriya/echo/player/download/DownloadRepository.kt:303:19 Type mismatch: inferred type is 'EchoError.Storage', but 'Throwable' was expected.
e: file:///Users/runner/work/echo-nightly/echo-nightly/composeApp/src/commonMain/kotlin/dev/brahmkshatriya/echo/player/download/DownloadRepository.kt:305:27 Unresolved reference 'bytes'.
e: file:///Users/runner/work/echo-nightly/echo-nightly/composeApp/src/commonMain/kotlin/dev/brahmkshatriya/echo/player/download/DownloadRepository.kt:309:19 Type mismatch: inferred type is 'EchoError.Storage', but 'Throwable' was expected.
e: file:///Users/runner/work/echo-nightly/echo-nightly/composeApp/src/commonMain/kotlin/dev/brahmkshatriya/echo/player/download/DownloadRepository.kt:360:44 Unresolved reference 'Clock'.
e: file:///Users/runner/work/echo-nightly/echo-nightly/composeApp/src/commonMain/kotlin/dev/brahmkshatriya/echo/player/extensions/ExtensionRuntime.kt:35:29 Unresolved reference 'BUILT_IN'.
e: file:///Users/runner/work/echo-nightly/echo-nightly/composeApp/src/commonMain/kotlin/dev/brahmkshatriya/echo/player/extensions/ExtensionRuntime.kt:138:38 Argument type mismatch: actual type is 'EchoError.Extension', but 'Throwable' was expected.
e: file:///Users/runner/work/echo-nightly/echo-nightly/composeApp/src/commonMain/kotlin/dev/brahmkshatriya/echo/player/extensions/ExtensionRuntime.kt:141:26 Type mismatch: inferred type is 'EchoError.Extension', but 'Throwable' was expected.
e: file:///Users/runner/work/echo-nightly/echo-nightly/composeApp/src/commonMain/kotlin/dev/brahmkshatriya/echo/player/extensions/ExtensionRuntime.kt:143:23 Argument type mismatch: actual type is 'Result<ExtensionClient>', but 'ExtensionClient' was expected.
e: file:///Users/runner/work/echo-nightly/echo-nightly/composeApp/src/commonMain/kotlin/dev/brahmkshatriya/echo/player/extensions/ExtensionRuntime.kt:146:22 Throwable type mismatch: actual type is 'EchoError'.
e: file:///Users/runner/work/echo-nightly/echo-nightly/composeApp/src/commonMain/kotlin/dev/brahmkshatriya/echo/player/extensions/ExtensionRuntime.kt:147:23 Type mismatch: inferred type is 'EchoError.Extension', but 'Throwable' was expected.
e: file:///Users/runner/work/echo-nightly/echo-nightly/composeApp/src/commonMain/kotlin/dev/brahmkshatriya/echo/player/extensions/ExtensionRuntime.kt:147:68 Argument type mismatch: actual type is 'EchoError', but 'Throwable?' was expected.
e: file:///Users/runner/work/echo-nightly/echo-nightly/composeApp/src/commonMain/kotlin/dev/brahmkshatriya/echo/player/extensions/ExtensionRuntime.kt:149:23 Type mismatch: inferred type is 'EchoError.Extension', but 'Throwable' was expected.
e: file:///Users/runner/work/echo-nightly/echo-nightly/composeApp/src/commonMain/kotlin/dev/brahmkshatriya/echo/player/extensions/local/LocalExtension.kt:10:47 Unresolved reference 'Feed'.
e: file:///Users/runner/work/echo-nightly/echo-nightly/composeApp/src/commonMain/kotlin/dev/brahmkshatriya/echo/player/extensions/local/LocalExtension.kt:116:59 Cannot access 'constructor(): ClientException': it is protected in 'dev/brahmkshatriya/echo/common/helpers/ClientException'.
e: file:///Users/runner/work/echo-nightly/echo-nightly/composeApp/src/commonMain/kotlin/dev/brahmkshatriya/echo/player/extensions/local/LocalExtension.kt:120:52 Unresolved reference 'Feed'.
e: file:///Users/runner/work/echo-nightly/echo-nightly/composeApp/src/commonMain/kotlin/dev/brahmkshatriya/echo/player/extensions/local/LocalExtension.kt:123:16 Unresolved reference 'Feed'.
e: file:///Users/runner/work/echo-nightly/echo-nightly/composeApp/src/commonMain/kotlin/dev/brahmkshatriya/echo/player/extensions/local/LocalExtension.kt:123:21 Cannot infer type for this parameter. Specify it explicitly.
e: file:///Users/runner/work/echo-nightly/echo-nightly/composeApp/src/commonMain/kotlin/dev/brahmkshatriya/echo/player/extensions/local/LocalExtension.kt:123:61 Unresolved reference 'toFeedData'.
e: file:///Users/runner/work/echo-nightly/echo-nightly/composeApp/src/commonMain/kotlin/dev/brahmkshatriya/echo/player/extensions/local/LocalExtension.kt:126:50 Unresolved reference 'Feed'.
e: file:///Users/runner/work/echo-nightly/echo-nightly/composeApp/src/commonMain/kotlin/dev/brahmkshatriya/echo/player/extensions/local/LocalExtension.kt:130:61 Cannot access 'constructor(): ClientException': it is protected in 'dev/brahmkshatriya/echo/common/helpers/ClientException'.
e: file:///Users/runner/work/echo-nightly/echo-nightly/composeApp/src/commonMain/kotlin/dev/brahmkshatriya/echo/player/extensions/local/LocalExtension.kt:134:52 Unresolved reference 'Feed'.
e: file:///Users/runner/work/echo-nightly/echo-nightly/composeApp/src/commonMain/kotlin/dev/brahmkshatriya/echo/player/extensions/local/LocalExtension.kt:159:61 Cannot access 'constructor(): ClientException': it is protected in 'dev/brahmkshatriya/echo/common/helpers/ClientException'.
e: file:///Users/runner/work/echo-nightly/echo-nightly/composeApp/src/commonMain/kotlin/dev/brahmkshatriya/echo/player/extensions/local/LocalExtension.kt:164:50 Unresolved reference 'Feed'.
e: file:///Users/runner/work/echo-nightly/echo-nightly/composeApp/src/commonMain/kotlin/dev/brahmkshatriya/echo/player/extensions/local/LocalExtension.kt:211:57 Unresolved reference 'toFeedData'.
e: file:///Users/runner/work/echo-nightly/echo-nightly/composeApp/src/commonMain/kotlin/dev/brahmkshatriya/echo/player/extensions/subsonic/SubsonicApi.kt:45:35 Type mismatch: inferred type is 'EchoError.Extension', but 'Throwable' was expected.
e: file:///Users/runner/work/echo-nightly/echo-nightly/composeApp/src/commonMain/kotlin/dev/brahmkshatriya/echo/player/extensions/subsonic/SubsonicApi.kt:59:35 Type mismatch: inferred type is 'EchoError.Extension', but 'Throwable' was expected.
e: file:///Users/runner/work/echo-nightly/echo-nightly/composeApp/src/commonMain/kotlin/dev/brahmkshatriya/echo/player/extensions/subsonic/SubsonicApi.kt:73:22 Type mismatch: inferred type is 'EchoError.Network', but 'Throwable' was expected.
e: file:///Users/runner/work/echo-nightly/echo-nightly/composeApp/src/commonMain/kotlin/dev/brahmkshatriya/echo/player/extensions/subsonic/SubsonicApi.kt:75:19 Type mismatch: inferred type is 'EchoError.Network', but 'Throwable' was expected.
e: file:///Users/runner/work/echo-nightly/echo-nightly/composeApp/src/commonMain/kotlin/dev/brahmkshatriya/echo/player/extensions/subsonic/SubsonicApi.kt:105:22 Type mismatch: inferred type is 'EchoError.Network', but 'Throwable' was expected.
e: file:///Users/runner/work/echo-nightly/echo-nightly/composeApp/src/commonMain/kotlin/dev/brahmkshatriya/echo/player/extensions/subsonic/SubsonicApi.kt:111:22 Type mismatch: inferred type is 'EchoError.Network', but 'Throwable' was expected.
e: file:///Users/runner/work/echo-nightly/echo-nightly/composeApp/src/commonMain/kotlin/dev/brahmkshatriya/echo/player/extensions/subsonic/SubsonicApi.kt:145:19 Type mismatch: inferred type is 'EchoError.Network', but 'Throwable' was expected.
e: file:///Users/runner/work/echo-nightly/echo-nightly/composeApp/src/commonMain/kotlin/dev/brahmkshatriya/echo/player/extensions/subsonic/SubsonicApi.kt:152:47 Type mismatch: inferred type is 'EchoError.Network', but 'Throwable' was expected.
e: file:///Users/runner/work/echo-nightly/echo-nightly/composeApp/src/commonMain/kotlin/dev/brahmkshatriya/echo/player/extensions/subsonic/SubsonicApi.kt:154:19 Type mismatch: inferred type is 'EchoError.Network', but 'Throwable' was expected.
e: file:///Users/runner/work/echo-nightly/echo-nightly/composeApp/src/commonMain/kotlin/dev/brahmkshatriya/echo/player/extensions/subsonic/SubsonicApi.kt:159:36 Type mismatch: inferred type is 'EchoError.Network', but 'Throwable' was expected.
e: file:///Users/runner/work/echo-nightly/echo-nightly/composeApp/src/commonMain/kotlin/dev/brahmkshatriya/echo/player/extensions/subsonic/SubsonicExtension.kt:10:47 Unresolved reference 'Feed'.
e: file:///Users/runner/work/echo-nightly/echo-nightly/composeApp/src/commonMain/kotlin/dev/brahmkshatriya/echo/player/extensions/subsonic/SubsonicExtension.kt:42:19 Cannot access 'constructor(): ClientException': it is protected in 'dev/brahmkshatriya/echo/common/helpers/ClientException'.
e: file:///Users/runner/work/echo-nightly/echo-nightly/composeApp/src/commonMain/kotlin/dev/brahmkshatriya/echo/player/extensions/subsonic/SubsonicExtension.kt:65:9 No parameter with name 'genres' found.
e: file:///Users/runner/work/echo-nightly/echo-nightly/composeApp/src/commonMain/kotlin/dev/brahmkshatriya/echo/player/extensions/subsonic/SubsonicExtension.kt:76:9 No parameter with name 'genres' found.
e: file:///Users/runner/work/echo-nightly/echo-nightly/composeApp/src/commonMain/kotlin/dev/brahmkshatriya/echo/player/extensions/subsonic/SubsonicExtension.kt:103:42 Unresolved reference 'Feed'.
e: file:///Users/runner/work/echo-nightly/echo-nightly/composeApp/src/commonMain/kotlin/dev/brahmkshatriya/echo/player/extensions/subsonic/SubsonicExtension.kt:114:57 Unresolved reference 'Feed'.
e: file:///Users/runner/work/echo-nightly/echo-nightly/composeApp/src/commonMain/kotlin/dev/brahmkshatriya/echo/player/extensions/subsonic/SubsonicExtension.kt:129:52 Unresolved reference 'Feed'.
e: file:///Users/runner/work/echo-nightly/echo-nightly/composeApp/src/commonMain/kotlin/dev/brahmkshatriya/echo/player/extensions/subsonic/SubsonicExtension.kt:134:16 Unresolved reference 'Feed'.
e: file:///Users/runner/work/echo-nightly/echo-nightly/composeApp/src/commonMain/kotlin/dev/brahmkshatriya/echo/player/extensions/subsonic/SubsonicExtension.kt:134:21 Cannot infer type for this parameter. Specify it explicitly.
e: file:///Users/runner/work/echo-nightly/echo-nightly/composeApp/src/commonMain/kotlin/dev/brahmkshatriya/echo/player/extensions/subsonic/SubsonicExtension.kt:134:61 Unresolved reference 'toFeedData'.
e: file:///Users/runner/work/echo-nightly/echo-nightly/composeApp/src/commonMain/kotlin/dev/brahmkshatriya/echo/player/extensions/subsonic/SubsonicExtension.kt:137:50 Unresolved reference 'Feed'.
e: file:///Users/runner/work/echo-nightly/echo-nightly/composeApp/src/commonMain/kotlin/dev/brahmkshatriya/echo/player/extensions/subsonic/SubsonicExtension.kt:144:52 Unresolved reference 'Feed'.
e: file:///Users/runner/work/echo-nightly/echo-nightly/composeApp/src/commonMain/kotlin/dev/brahmkshatriya/echo/player/extensions/subsonic/SubsonicExtension.kt:182:50 Unresolved reference 'Feed'.
e: file:///Users/runner/work/echo-nightly/echo-nightly/composeApp/src/commonMain/kotlin/dev/brahmkshatriya/echo/player/extensions/subsonic/SubsonicExtension.kt:194:39 Unresolved reference 'Feed'.
e: file:///Users/runner/work/echo-nightly/echo-nightly/composeApp/src/commonMain/kotlin/dev/brahmkshatriya/echo/player/extensions/subsonic/SubsonicExtension.kt:195:9 Unresolved reference 'Feed'.
e: file:///Users/runner/work/echo-nightly/echo-nightly/composeApp/src/commonMain/kotlin/dev/brahmkshatriya/echo/player/extensions/subsonic/SubsonicExtension.kt:195:14 Cannot infer type for this parameter. Specify it explicitly.
e: file:///Users/runner/work/echo-nightly/echo-nightly/composeApp/src/commonMain/kotlin/dev/brahmkshatriya/echo/player/extensions/subsonic/SubsonicExtension.kt:195:52 Unresolved reference 'toFeedData'.
e: file:///Users/runner/work/echo-nightly/echo-nightly/composeApp/src/commonMain/kotlin/dev/brahmkshatriya/echo/player/library/DefaultStreamResolver.kt:65:22 Type mismatch: inferred type is 'EchoError.Extension', but 'Throwable' was expected.
e: file:///Users/runner/work/echo-nightly/echo-nightly/composeApp/src/commonMain/kotlin/dev/brahmkshatriya/echo/player/library/DefaultStreamResolver.kt:68:22 Type mismatch: inferred type is 'EchoError.Extension', but 'Throwable' was expected.
e: file:///Users/runner/work/echo-nightly/echo-nightly/composeApp/src/commonMain/kotlin/dev/brahmkshatriya/echo/player/library/DefaultStreamResolver.kt:70:22 Type mismatch: inferred type is 'EchoError.Playback', but 'Throwable' was expected.
e: file:///Users/runner/work/echo-nightly/echo-nightly/composeApp/src/commonMain/kotlin/dev/brahmkshatriya/echo/player/library/DefaultStreamResolver.kt:74:36 Type mismatch: inferred type is 'EchoError.Extension', but 'Throwable' was expected.
e: file:///Users/runner/work/echo-nightly/echo-nightly/composeApp/src/commonMain/kotlin/dev/brahmkshatriya/echo/player/library/DefaultStreamResolver.kt:78:22 Type mismatch: inferred type is 'EchoError.Playback', but 'Throwable' was expected.
e: file:///Users/runner/work/echo-nightly/echo-nightly/composeApp/src/commonMain/kotlin/dev/brahmkshatriya/echo/player/library/DefaultStreamResolver.kt:81:32 Type mismatch: inferred type is 'EchoError.Extension', but 'Throwable' was expected.
e: file:///Users/runner/work/echo-nightly/echo-nightly/composeApp/src/commonMain/kotlin/dev/brahmkshatriya/echo/player/library/DefaultStreamResolver.kt:86:30 Type mismatch: inferred type is 'EchoError.Playback', but 'Throwable' was expected.
e: file:///Users/runner/work/echo-nightly/echo-nightly/composeApp/src/commonMain/kotlin/dev/brahmkshatriya/echo/player/library/DefaultStreamResolver.kt:88:30 Type mismatch: inferred type is 'EchoError.Playback', but 'Throwable' was expected.
e: file:///Users/runner/work/echo-nightly/echo-nightly/composeApp/src/commonMain/kotlin/dev/brahmkshatriya/echo/player/library/DefaultStreamResolver.kt:97:27 Type mismatch: inferred type is 'EchoError.Playback', but 'Throwable' was expected.
e: file:///Users/runner/work/echo-nightly/echo-nightly/composeApp/src/commonMain/kotlin/dev/brahmkshatriya/echo/player/library/LibraryRepositories.kt:132:26 Unresolved reference 'Clock'.
e: file:///Users/runner/work/echo-nightly/echo-nightly/composeApp/src/commonMain/kotlin/dev/brahmkshatriya/echo/player/library/LibraryRepositories.kt:135:48 Unresolved reference 'Clock'.
e: file:///Users/runner/work/echo-nightly/echo-nightly/composeApp/src/commonMain/kotlin/dev/brahmkshatriya/echo/player/library/LibraryRepositories.kt:152:43 'return' is prohibited here.
e: file:///Users/runner/work/echo-nightly/echo-nightly/composeApp/src/commonMain/kotlin/dev/brahmkshatriya/echo/player/library/LibraryRepositories.kt:191:43 'return' is prohibited here.
e: file:///Users/runner/work/echo-nightly/echo-nightly/composeApp/src/commonMain/kotlin/dev/brahmkshatriya/echo/player/library/LibraryRepositories.kt:210:48 Unresolved reference 'Clock'.
e: file:///Users/runner/work/echo-nightly/echo-nightly/composeApp/src/commonMain/kotlin/dev/brahmkshatriya/echo/player/library/LocalLibraryRepository.kt:106:41 Type mismatch: inferred type is 'EchoError.Storage', but 'Throwable' was expected.
e: file:///Users/runner/work/echo-nightly/echo-nightly/composeApp/src/commonMain/kotlin/dev/brahmkshatriya/echo/player/library/LocalLibraryRepository.kt:116:50 Cannot infer type for this parameter. Specify it explicitly.
e: file:///Users/runner/work/echo-nightly/echo-nightly/composeApp/src/commonMain/kotlin/dev/brahmkshatriya/echo/player/library/LocalLibraryRepository.kt:116:50 Not enough information to infer type argument for 'R'.
e: file:///Users/runner/work/echo-nightly/echo-nightly/composeApp/src/commonMain/kotlin/dev/brahmkshatriya/echo/player/library/LocalLibraryRepository.kt:118:45 Unresolved reference 'resolve'.
e: file:///Users/runner/work/echo-nightly/echo-nightly/composeApp/src/commonMain/kotlin/dev/brahmkshatriya/echo/player/library/LocalLibraryRepository.kt:118:64 Cannot infer type for this parameter. Specify it explicitly.
e: file:///Users/runner/work/echo-nightly/echo-nightly/composeApp/src/commonMain/kotlin/dev/brahmkshatriya/echo/player/library/LocalLibraryRepository.kt:118:69 Cannot infer type for this parameter. Specify it explicitly.
e: file:///Users/runner/work/echo-nightly/echo-nightly/composeApp/src/commonMain/kotlin/dev/brahmkshatriya/echo/player/library/LocalLibraryRepository.kt:118:74 Unresolved reference 'mkdirs'.
e: file:///Users/runner/work/echo-nightly/echo-nightly/composeApp/src/commonMain/kotlin/dev/brahmkshatriya/echo/player/library/LocalLibraryRepository.kt:118:85 Unresolved reference 'resolve'.
e: file:///Users/runner/work/echo-nightly/echo-nightly/composeApp/src/commonMain/kotlin/dev/brahmkshatriya/echo/player/library/LocalLibraryRepository.kt:119:17 Cannot infer type for this parameter. Specify it explicitly.
e: file:///Users/runner/work/echo-nightly/echo-nightly/composeApp/src/commonMain/kotlin/dev/brahmkshatriya/echo/player/library/LocalLibraryRepository.kt:120:22 Cannot infer type for this parameter. Specify it explicitly.
e: file:///Users/runner/work/echo-nightly/echo-nightly/composeApp/src/commonMain/kotlin/dev/brahmkshatriya/echo/player/library/LocalLibraryRepository.kt:120:22 Not enough information to infer type argument for 'T'.
e: file:///Users/runner/work/echo-nightly/echo-nightly/composeApp/src/commonMain/kotlin/dev/brahmkshatriya/echo/player/library/LocalLibraryRepository.kt:121:35 Cannot infer type for this parameter. Specify it explicitly.
e: file:///Users/runner/work/echo-nightly/echo-nightly/composeApp/src/commonMain/kotlin/dev/brahmkshatriya/echo/player/library/LocalLibraryRepository.kt:121:35 Not enough information to infer type argument for 'R'.
e: file:///Users/runner/work/echo-nightly/echo-nightly/composeApp/src/commonMain/kotlin/dev/brahmkshatriya/echo/player/library/LocalLibraryRepository.kt:121:35 Unresolved reference. None of the following candidates is applicable because of a receiver type mismatch:
fun <T, R> T.let(block: (T) -> R): R
    [R|Contract description]
     <
        CallsInPlace(block, EXACTLY_ONCE)
    >
e: file:///Users/runner/work/echo-nightly/echo-nightly/composeApp/src/commonMain/kotlin/dev/brahmkshatriya/echo/player/library/LocalLibraryRepository.kt:121:39 Cannot infer type for this parameter. Specify it explicitly.
e: file:///Users/runner/work/echo-nightly/echo-nightly/composeApp/src/commonMain/kotlin/dev/brahmkshatriya/echo/player/library/LocalLibraryRepository.kt:216:44 Unresolved reference 'Clock'.
e: file:///Users/runner/work/echo-nightly/echo-nightly/composeApp/src/commonMain/kotlin/dev/brahmkshatriya/echo/player/library/SearchRepository.kt:3:47 Unresolved reference 'Feed'.
e: file:///Users/runner/work/echo-nightly/echo-nightly/composeApp/src/commonMain/kotlin/dev/brahmkshatriya/echo/player/library/SearchRepository.kt:39:13 Not enough information to infer type argument for 'K'.
e: file:///Users/runner/work/echo-nightly/echo-nightly/composeApp/src/commonMain/kotlin/dev/brahmkshatriya/echo/player/library/SearchRepository.kt:40:17 Cannot infer type for this parameter. Specify it explicitly.
e: file:///Users/runner/work/echo-nightly/echo-nightly/composeApp/src/commonMain/kotlin/dev/brahmkshatriya/echo/player/library/SearchRepository.kt:40:36 Unresolved reference 'loadAll'.
e: file:///Users/runner/work/echo-nightly/echo-nightly/composeApp/src/commonMain/kotlin/dev/brahmkshatriya/echo/player/library/SearchRepository.kt:41:22 Cannot infer type for this parameter. Specify it explicitly.
e: file:///Users/runner/work/echo-nightly/echo-nightly/composeApp/src/commonMain/kotlin/dev/brahmkshatriya/echo/player/library/SearchRepository.kt:41:22 Not enough information to infer type argument for 'T'.
e: file:///Users/runner/work/echo-nightly/echo-nightly/composeApp/src/commonMain/kotlin/dev/brahmkshatriya/echo/player/library/SearchRepository.kt:41:32 Cannot infer type for this parameter. Specify it explicitly.
e: file:///Users/runner/work/echo-nightly/echo-nightly/composeApp/src/commonMain/kotlin/dev/brahmkshatriya/echo/player/library/SearchRepository.kt:42:22 Cannot infer type for this parameter. Specify it explicitly.
e: file:///Users/runner/work/echo-nightly/echo-nightly/composeApp/src/commonMain/kotlin/dev/brahmkshatriya/echo/player/library/SearchRepository.kt:42:22 Not enough information to infer type argument for 'T'.
e: file:///Users/runner/work/echo-nightly/echo-nightly/composeApp/src/commonMain/kotlin/dev/brahmkshatriya/echo/player/library/SearchRepository.kt:52:17 Cannot infer type for this parameter. Specify it explicitly.
e: file:///Users/runner/work/echo-nightly/echo-nightly/composeApp/src/commonMain/kotlin/dev/brahmkshatriya/echo/player/library/SearchRepository.kt:53:25 Unresolved reference 'HomeFeedClient'.
e: file:///Users/runner/work/echo-nightly/echo-nightly/composeApp/src/commonMain/kotlin/dev/brahmkshatriya/echo/player/library/SearchRepository.kt:53:42 Unresolved reference 'loadHomeFeed'.
e: file:///Users/runner/work/echo-nightly/echo-nightly/composeApp/src/commonMain/kotlin/dev/brahmkshatriya/echo/player/library/SearchRepository.kt:54:11 Cannot infer type for this parameter. Specify it explicitly.
e: file:///Users/runner/work/echo-nightly/echo-nightly/composeApp/src/commonMain/kotlin/dev/brahmkshatriya/echo/player/library/SearchRepository.kt:54:11 Not enough information to infer type argument for 'R'.
e: file:///Users/runner/work/echo-nightly/echo-nightly/composeApp/src/commonMain/kotlin/dev/brahmkshatriya/echo/player/library/SearchRepository.kt:54:11 Not enough information to infer type argument for 'T'.
e: file:///Users/runner/work/echo-nightly/echo-nightly/composeApp/src/commonMain/kotlin/dev/brahmkshatriya/echo/player/library/SearchRepository.kt:54:25 Cannot infer type for this parameter. Specify it explicitly.
e: file:///Users/runner/work/echo-nightly/echo-nightly/composeApp/src/commonMain/kotlin/dev/brahmkshatriya/echo/player/library/SearchRepository.kt:55:19 Unresolved reference 'loadAll'.
e: file:///Users/runner/work/echo-nightly/echo-nightly/composeApp/src/commonMain/kotlin/dev/brahmkshatriya/echo/player/library/SearchRepository.kt:55:32 Cannot infer type for this parameter. Specify it explicitly.
e: file:///Users/runner/work/echo-nightly/echo-nightly/composeApp/src/commonMain/kotlin/dev/brahmkshatriya/echo/player/library/SearchRepository.kt:55:32 Not enough information to infer type argument for 'T'.
e: file:///Users/runner/work/echo-nightly/echo-nightly/composeApp/src/commonMain/kotlin/dev/brahmkshatriya/echo/player/ui/App.kt:43:37 Unresolved reference 'LocalConfiguration'.
e: file:///Users/runner/work/echo-nightly/echo-nightly/composeApp/src/commonMain/kotlin/dev/brahmkshatriya/echo/player/ui/App.kt:105:29 Unresolved reference 'LocalConfiguration'.
e: file:///Users/runner/work/echo-nightly/echo-nightly/composeApp/src/commonMain/kotlin/dev/brahmkshatriya/echo/player/ui/Artwork.kt:45:34 This type is final, so it cannot be extended.
e: file:///Users/runner/work/echo-nightly/echo-nightly/composeApp/src/commonMain/kotlin/dev/brahmkshatriya/echo/player/ui/Artwork.kt:45:34 Cannot access 'constructor<K, V>(keysArray: Array<K>, valuesArray: Array<V>?, presenceArray: IntArray, hashArray: IntArray, maxProbeDistance: Int, length: Int): HashMap<K, V>': it is private in 'kotlin/collections/HashMap'.
e: file:///Users/runner/work/echo-nightly/echo-nightly/composeApp/src/commonMain/kotlin/dev/brahmkshatriya/echo/player/ui/Artwork.kt:46:9 'removeEldestEntry' overrides nothing.
e: file:///Users/runner/work/echo-nightly/echo-nightly/composeApp/src/commonMain/kotlin/dev/brahmkshatriya/echo/player/ui/Artwork.kt:47:27 Unresolved reference 'MAX_ENTRIES'.
e: file:///Users/runner/work/echo-nightly/echo-nightly/composeApp/src/commonMain/kotlin/dev/brahmkshatriya/echo/player/ui/Artwork.kt:51:42 Unresolved reference 'synchronized'.
e: file:///Users/runner/work/echo-nightly/echo-nightly/composeApp/src/commonMain/kotlin/dev/brahmkshatriya/echo/player/ui/Artwork.kt:54:9 Unresolved reference 'synchronized'.
e: file:///Users/runner/work/echo-nightly/echo-nightly/composeApp/src/commonMain/kotlin/dev/brahmkshatriya/echo/player/ui/Artwork.kt:76:17 Cannot infer type for this parameter. Specify it explicitly.
e: file:///Users/runner/work/echo-nightly/echo-nightly/composeApp/src/commonMain/kotlin/dev/brahmkshatriya/echo/player/ui/Artwork.kt:76:46 Unresolved reference 'bytes'.
e: file:///Users/runner/work/echo-nightly/echo-nightly/composeApp/src/commonMain/kotlin/dev/brahmkshatriya/echo/player/ui/Artwork.kt:90:20 Cannot infer type for this parameter. Specify it explicitly.
e: file:///Users/runner/work/echo-nightly/echo-nightly/composeApp/src/commonMain/kotlin/dev/brahmkshatriya/echo/player/ui/Artwork.kt:90:49 Unresolved reference 'bytes'.
e: file:///Users/runner/work/echo-nightly/echo-nightly/composeApp/src/commonMain/kotlin/dev/brahmkshatriya/echo/player/ui/screens/ExtensionsScreen.kt:55:38 'val' cannot be reassigned.
e: file:///Users/runner/work/echo-nightly/echo-nightly/composeApp/src/commonMain/kotlin/dev/brahmkshatriya/echo/player/ui/screens/PlayerScreen.kt:72:54 Unresolved reference 'LocalConfiguration'.
e: file:///Users/runner/work/echo-nightly/echo-nightly/composeApp/src/commonMain/kotlin/dev/brahmkshatriya/echo/player/ui/screens/PlayerScreen.kt:138:35 No value passed for parameter 'onDrag'.
e: file:///Users/runner/work/echo-nightly/echo-nightly/composeApp/src/commonMain/kotlin/dev/brahmkshatriya/echo/player/ui/screens/SearchScreen.kt:138:9 Unresolved reference 'ArtworkImage'.
e: file:///Users/runner/work/echo-nightly/echo-nightly/composeApp/src/commonMain/kotlin/dev/brahmkshatriya/echo/player/ui/screens/SearchScreen.kt:161:9 Unresolved reference 'ArtworkImage'.
e: file:///Users/runner/work/echo-nightly/echo-nightly/composeApp/src/iosMain/kotlin/dev/brahmkshatriya/echo/player/MainView.kt:104:9 Return type mismatch: expected 'String', actual 'CharCategory'.
e: file:///Users/runner/work/echo-nightly/echo-nightly/composeApp/src/iosMain/kotlin/dev/brahmkshatriya/echo/player/MainView.kt:104:31 Unresolved reference 'AVAudioSession'.
e: file:///Users/runner/work/echo-nightly/echo-nightly/composeApp/src/iosMain/kotlin/dev/brahmkshatriya/echo/player/audio/IosAudioPlayer.kt:65:55 Unresolved reference 'NSObjectProtocol'.
e: file:///Users/runner/work/echo-nightly/echo-nightly/composeApp/src/iosMain/kotlin/dev/brahmkshatriya/echo/player/audio/IosAudioPlayer.kt:87:23 Unresolved reference 'AVAudioSession'.
e: file:///Users/runner/work/echo-nightly/echo-nightly/composeApp/src/iosMain/kotlin/dev/brahmkshatriya/echo/player/audio/IosAudioPlayer.kt:88:49 Unresolved reference 'AVAudioSessionCategoryPlayback'.
e: file:///Users/runner/work/echo-nightly/echo-nightly/composeApp/src/iosMain/kotlin/dev/brahmkshatriya/echo/player/audio/IosAudioPlayer.kt:90:79 Unresolved reference 'localizedDescription'.
e: file:///Users/runner/work/echo-nightly/echo-nightly/composeApp/src/iosMain/kotlin/dev/brahmkshatriya/echo/player/audio/IosAudioPlayer.kt:95:23 Unresolved reference 'AVAudioSession'.
e: file:///Users/runner/work/echo-nightly/echo-nightly/composeApp/src/iosMain/kotlin/dev/brahmkshatriya/echo/player/audio/IosAudioPlayer.kt:98:72 Unresolved reference 'localizedDescription'.
e: file:///Users/runner/work/echo-nightly/echo-nightly/composeApp/src/iosMain/kotlin/dev/brahmkshatriya/echo/player/audio/IosAudioPlayer.kt:104:20 Unresolved reference 'AVAudioSessionInterruptionNotification'.
e: file:///Users/runner/work/echo-nightly/echo-nightly/composeApp/src/iosMain/kotlin/dev/brahmkshatriya/echo/player/audio/IosAudioPlayer.kt:108:40 Only safe (?.) or non-null asserted (!!.) calls are allowed on a nullable receiver of type 'NSNotification?'.
e: file:///Users/runner/work/echo-nightly/echo-nightly/composeApp/src/iosMain/kotlin/dev/brahmkshatriya/echo/player/audio/IosAudioPlayer.kt:109:39 Unresolved reference 'AVAudioSessionInterruptionTypeKey'.
e: file:///Users/runner/work/echo-nightly/echo-nightly/composeApp/src/iosMain/kotlin/dev/brahmkshatriya/echo/player/audio/IosAudioPlayer.kt:118:50 Unresolved reference 'AVAudioSessionInterruptionOptionKey'.
e: file:///Users/runner/work/echo-nightly/echo-nightly/composeApp/src/iosMain/kotlin/dev/brahmkshatriya/echo/player/audio/IosAudioPlayer.kt:130:20 Unresolved reference 'AVAudioSessionRouteChangeNotification'.
e: file:///Users/runner/work/echo-nightly/echo-nightly/composeApp/src/iosMain/kotlin/dev/brahmkshatriya/echo/player/audio/IosAudioPlayer.kt:134:39 Only safe (?.) or non-null asserted (!!.) calls are allowed on a nullable receiver of type 'NSNotification?'.
e: file:///Users/runner/work/echo-nightly/echo-nightly/composeApp/src/iosMain/kotlin/dev/brahmkshatriya/echo/player/audio/IosAudioPlayer.kt:134:54 Unresolved reference 'AVAudioSessionRouteChangeReasonKey'.
e: file:///Users/runner/work/echo-nightly/echo-nightly/composeApp/src/iosMain/kotlin/dev/brahmkshatriya/echo/player/audio/IosAudioPlayer.kt:176:31 This declaration needs opt-in. Its usage must be marked with '@kotlinx.cinterop.ExperimentalForeignApi' or '@OptIn(kotlinx.cinterop.ExperimentalForeignApi::class)'
e: file:///Users/runner/work/echo-nightly/echo-nightly/composeApp/src/iosMain/kotlin/dev/brahmkshatriya/echo/player/audio/IosAudioPlayer.kt:176:42 This declaration needs opt-in. Its usage must be marked with '@kotlinx.cinterop.ExperimentalForeignApi' or '@OptIn(kotlinx.cinterop.ExperimentalForeignApi::class)'
e: file:///Users/runner/work/echo-nightly/echo-nightly/composeApp/src/iosMain/kotlin/dev/brahmkshatriya/echo/player/audio/IosAudioPlayer.kt:191:26 Type mismatch: inferred type is 'EchoError.Playback', but 'Throwable' was expected.
e: file:///Users/runner/work/echo-nightly/echo-nightly/composeApp/src/iosMain/kotlin/dev/brahmkshatriya/echo/player/audio/IosAudioPlayer.kt:199:26 Unresolved reference 'AnyObject'.
e: file:///Users/runner/work/echo-nightly/echo-nightly/composeApp/src/iosMain/kotlin/dev/brahmkshatriya/echo/player/audio/IosAudioPlayer.kt:235:20 This declaration needs opt-in. Its usage must be marked with '@kotlinx.cinterop.ExperimentalForeignApi' or '@OptIn(kotlinx.cinterop.ExperimentalForeignApi::class)'
e: file:///Users/runner/work/echo-nightly/echo-nightly/composeApp/src/iosMain/kotlin/dev/brahmkshatriya/echo/player/audio/IosAudioPlayer.kt:236:17 This declaration needs opt-in. Its usage must be marked with '@kotlinx.cinterop.ExperimentalForeignApi' or '@OptIn(kotlinx.cinterop.ExperimentalForeignApi::class)'
e: file:///Users/runner/work/echo-nightly/echo-nightly/composeApp/src/iosMain/kotlin/dev/brahmkshatriya/echo/player/audio/IosAudioPlayer.kt:236:28 This declaration needs opt-in. Its usage must be marked with '@kotlinx.cinterop.ExperimentalForeignApi' or '@OptIn(kotlinx.cinterop.ExperimentalForeignApi::class)'
e: file:///Users/runner/work/echo-nightly/echo-nightly/composeApp/src/iosMain/kotlin/dev/brahmkshatriya/echo/player/audio/IosAudioPlayer.kt:282:31 Cannot infer type for this parameter. Specify it explicitly.
e: file:///Users/runner/work/echo-nightly/echo-nightly/composeApp/src/iosMain/kotlin/dev/brahmkshatriya/echo/player/audio/IosAudioPlayer.kt:282:31 Not enough information to infer type argument for 'T'.
e: file:///Users/runner/work/echo-nightly/echo-nightly/composeApp/src/iosMain/kotlin/dev/brahmkshatriya/echo/player/audio/IosAudioPlayer.kt:282:39 Cannot infer type for this parameter. Specify it explicitly.
e: file:///Users/runner/work/echo-nightly/echo-nightly/composeApp/src/iosMain/kotlin/dev/brahmkshatriya/echo/player/audio/IosAudioPlayer.kt:291:37 This declaration needs opt-in. Its usage must be marked with '@kotlinx.cinterop.ExperimentalForeignApi' or '@OptIn(kotlinx.cinterop.ExperimentalForeignApi::class)'
e: file:///Users/runner/work/echo-nightly/echo-nightly/composeApp/src/iosMain/kotlin/dev/brahmkshatriya/echo/player/audio/IosAudioPlayer.kt:292:24 This declaration needs opt-in. Its usage must be marked with '@kotlinx.cinterop.ExperimentalForeignApi' or '@OptIn(kotlinx.cinterop.ExperimentalForeignApi::class)'
e: file:///Users/runner/work/echo-nightly/echo-nightly/composeApp/src/iosMain/kotlin/dev/brahmkshatriya/echo/player/audio/IosAudioPlayer.kt:305:41 Argument type mismatch: actual type is 'CValue<CMTime>', but 'CMTime' was expected.
e: file:///Users/runner/work/echo-nightly/echo-nightly/composeApp/src/iosMain/kotlin/dev/brahmkshatriya/echo/player/audio/IosAudioPlayer.kt:305:49 This declaration needs opt-in. Its usage must be marked with '@kotlinx.cinterop.ExperimentalForeignApi' or '@OptIn(kotlinx.cinterop.ExperimentalForeignApi::class)'
e: file:///Users/runner/work/echo-nightly/echo-nightly/composeApp/src/iosMain/kotlin/dev/brahmkshatriya/echo/player/audio/IosAudioPlayer.kt:306:41 Argument type mismatch: actual type is 'CValue<CMTime>', but 'CMTime' was expected.
e: file:///Users/runner/work/echo-nightly/echo-nightly/composeApp/src/iosMain/kotlin/dev/brahmkshatriya/echo/player/audio/IosAudioPlayer.kt:306:46 This declaration needs opt-in. Its usage must be marked with '@kotlinx.cinterop.ExperimentalForeignApi' or '@OptIn(kotlinx.cinterop.ExperimentalForeignApi::class)'
e: file:///Users/runner/work/echo-nightly/echo-nightly/composeApp/src/iosMain/kotlin/dev/brahmkshatriya/echo/player/audio/IosAudioPlayer.kt:312:44 This declaration needs opt-in. Its usage must be marked with '@kotlinx.cinterop.ExperimentalForeignApi' or '@OptIn(kotlinx.cinterop.ExperimentalForeignApi::class)'
e: file:///Users/runner/work/echo-nightly/echo-nightly/composeApp/src/iosMain/kotlin/dev/brahmkshatriya/echo/player/audio/IosAudioPlayer.kt:312:44 Argument type mismatch: actual type is 'CValue<CMTime>', but 'CMTime' was expected.
e: file:///Users/runner/work/echo-nightly/echo-nightly/composeApp/src/iosMain/kotlin/dev/brahmkshatriya/echo/player/audio/IosAudioPlayer.kt:312:68 Unresolved reference 'timeRangeValue'.
e: file:///Users/runner/work/echo-nightly/echo-nightly/composeApp/src/iosMain/kotlin/dev/brahmkshatriya/echo/player/audio/IosAudioPlayer.kt:357:32 Unresolved reference 'AnyObject'.
e: file:///Users/runner/work/echo-nightly/echo-nightly/composeApp/src/iosMain/kotlin/dev/brahmkshatriya/echo/player/audio/IosAudioPlayer.kt:358:13 Argument type mismatch: actual type is 'Pair<String, String>', but 'Pair<uninferred K (of fun <K, V> mutableMapOf), Any?>' was expected.
e: file:///Users/runner/work/echo-nightly/echo-nightly/composeApp/src/iosMain/kotlin/dev/brahmkshatriya/echo/player/audio/IosAudioPlayer.kt:359:13 Argument type mismatch: actual type is 'Pair<String, String>', but 'Pair<uninferred K (of fun <K, V> mutableMapOf), Any?>' was expected.
e: file:///Users/runner/work/echo-nightly/echo-nightly/composeApp/src/iosMain/kotlin/dev/brahmkshatriya/echo/player/audio/IosAudioPlayer.kt:360:13 Argument type mismatch: actual type is 'Pair<String, Double>', but 'Pair<uninferred K (of fun <K, V> mutableMapOf), Any?>' was expected.
e: file:///Users/runner/work/echo-nightly/echo-nightly/composeApp/src/iosMain/kotlin/dev/brahmkshatriya/echo/player/audio/IosAudioPlayer.kt:361:13 Argument type mismatch: actual type is 'Pair<String, Double>', but 'Pair<uninferred K (of fun <K, V> mutableMapOf), Any?>' was expected.
e: file:///Users/runner/work/echo-nightly/echo-nightly/composeApp/src/iosMain/kotlin/dev/brahmkshatriya/echo/player/audio/IosAudioPlayer.kt:362:13 Argument type mismatch: actual type is 'Pair<String, Double>', but 'Pair<uninferred K (of fun <K, V> mutableMapOf), Any?>' was expected.
e: file:///Users/runner/work/echo-nightly/echo-nightly/composeApp/src/iosMain/kotlin/dev/brahmkshatriya/echo/player/audio/IosAudioPlayer.kt:366:68 This declaration needs opt-in. Its usage must be marked with '@kotlinx.cinterop.ExperimentalForeignApi' or '@OptIn(kotlinx.cinterop.ExperimentalForeignApi::class)'
e: file:///Users/runner/work/echo-nightly/echo-nightly/composeApp/src/iosMain/kotlin/dev/brahmkshatriya/echo/player/audio/IosAudioPlayer.kt:367:30 This declaration needs opt-in. Its usage must be marked with '@kotlinx.cinterop.ExperimentalForeignApi' or '@OptIn(kotlinx.cinterop.ExperimentalForeignApi::class)'
e: file:///Users/runner/work/echo-nightly/echo-nightly/composeApp/src/iosMain/kotlin/dev/brahmkshatriya/echo/player/platform/IosPlatform.kt:12:30 Unresolved reference 'AVMetadataCommonKeyAlbum'.
e: file:///Users/runner/work/echo-nightly/echo-nightly/composeApp/src/iosMain/kotlin/dev/brahmkshatriya/echo/player/platform/IosPlatform.kt:13:30 Unresolved reference 'AVMetadataCommonKeyAlbumArtist'.
e: file:///Users/runner/work/echo-nightly/echo-nightly/composeApp/src/iosMain/kotlin/dev/brahmkshatriya/echo/player/platform/IosPlatform.kt:29:28 Unresolved reference 'httpBody'.
e: file:///Users/runner/work/echo-nightly/echo-nightly/composeApp/src/iosMain/kotlin/dev/brahmkshatriya/echo/player/platform/IosPlatform.kt:30:28 Unresolved reference 'httpMethod'.
e: file:///Users/runner/work/echo-nightly/echo-nightly/composeApp/src/iosMain/kotlin/dev/brahmkshatriya/echo/player/platform/IosPlatform.kt:47:30 Type mismatch: inferred type is 'EchoError.Network', but 'Throwable' was expected.
e: file:///Users/runner/work/echo-nightly/echo-nightly/composeApp/src/iosMain/kotlin/dev/brahmkshatriya/echo/player/platform/IosPlatform.kt:49:34 None of the following candidates is applicable:
constructor(uRL: NSURL): NSMutableURLRequest
constructor(uRL: NSURL, cachePolicy: ULong, timeoutInterval: Double): NSMutableURLRequest
constructor(): NSMutableURLRequest
constructor(coder: NSCoder): NSMutableURLRequest
e: file:///Users/runner/work/echo-nightly/echo-nightly/composeApp/src/iosMain/kotlin/dev/brahmkshatriya/echo/player/platform/IosPlatform.kt:50:28 Unresolved reference 'httpMethod'.
e: file:///Users/runner/work/echo-nightly/echo-nightly/composeApp/src/iosMain/kotlin/dev/brahmkshatriya/echo/player/platform/IosPlatform.kt:54:48 Unresolved reference 'httpBody'.
e: file:///Users/runner/work/echo-nightly/echo-nightly/composeApp/src/iosMain/kotlin/dev/brahmkshatriya/echo/player/platform/IosPlatform.kt:60:33 Argument type mismatch: actual type is 'EchoError.Network', but 'Throwable' was expected.
e: file:///Users/runner/work/echo-nightly/echo-nightly/composeApp/src/iosMain/kotlin/dev/brahmkshatriya/echo/player/platform/IosPlatform.kt:80:25 Argument type mismatch: actual type is 'EchoError', but 'Throwable' was expected.
e: file:///Users/runner/work/echo-nightly/echo-nightly/composeApp/src/iosMain/kotlin/dev/brahmkshatriya/echo/player/platform/IosPlatform.kt:94:26 Type mismatch: inferred type is 'EchoError.Network', but 'Throwable' was expected.
e: file:///Users/runner/work/echo-nightly/echo-nightly/composeApp/src/iosMain/kotlin/dev/brahmkshatriya/echo/player/platform/IosPlatform.kt:102:30 None of the following candidates is applicable:
constructor(uRL: NSURL): NSMutableURLRequest
constructor(uRL: NSURL, cachePolicy: ULong, timeoutInterval: Double): NSMutableURLRequest
constructor(): NSMutableURLRequest
constructor(coder: NSCoder): NSMutableURLRequest
e: file:///Users/runner/work/echo-nightly/echo-nightly/composeApp/src/iosMain/kotlin/dev/brahmkshatriya/echo/player/platform/IosPlatform.kt:103:24 Unresolved reference 'httpMethod'.
e: file:///Users/runner/work/echo-nightly/echo-nightly/composeApp/src/iosMain/kotlin/dev/brahmkshatriya/echo/player/platform/IosPlatform.kt:119:21 Argument type mismatch: actual type is 'EchoError', but 'Throwable' was expected.
e: file:///Users/runner/work/echo-nightly/echo-nightly/composeApp/src/iosMain/kotlin/dev/brahmkshatriya/echo/player/platform/IosPlatform.kt:136:9 Class 'DownloadDelegate' is not abstract and does not implement abstract member:
fun URLSession(session: NSURLSession, downloadTask: NSURLSessionDownloadTask, didFinishDownloadingToURL: NSURL): Unit
e: file:///Users/runner/work/echo-nightly/echo-nightly/composeApp/src/iosMain/kotlin/dev/brahmkshatriya/echo/player/platform/IosPlatform.kt:140:49 Unresolved reference 'CancellableContinuation'.
e: file:///Users/runner/work/echo-nightly/echo-nightly/composeApp/src/iosMain/kotlin/dev/brahmkshatriya/echo/player/platform/IosPlatform.kt:161:5 'URLSession' overrides nothing. Potential signatures for overriding:
fun URLSession(session: NSURLSession, downloadTask: NSURLSessionDownloadTask, didFinishDownloadingToURL: NSURL): Unit
fun URLSession(session: NSURLSession, downloadTask: NSURLSessionDownloadTask, didResumeAtOffset: Long, expectedTotalBytes: Long): Unit
fun URLSession(session: NSURLSession, didCreateTask: NSURLSessionTask): Unit
fun URLSession(session: NSURLSession, task: NSURLSessionTask, willBeginDelayedRequest: NSURLRequest, completionHandler: (Long, NSURLRequest?) -> Unit): Unit
fun URLSession(session: NSURLSession, taskIsWaitingForConnectivity: NSURLSessionTask): Unit
fun URLSession(session: NSURLSession, task: NSURLSessionTask, willPerformHTTPRedirection: NSHTTPURLResponse, newRequest: NSURLRequest, completionHandler: (NSURLRequest?) -> Unit): Unit
fun URLSession(session: NSURLSession, task: NSURLSessionTask, didReceiveChallenge: NSURLAuthenticationChallenge, completionHandler: (Long, NSURLCredential?) -> Unit): Unit
fun URLSession(session: NSURLSession, task: NSURLSessionTask, needNewBodyStream: (NSInputStream?) -> Unit): Unit
fun URLSession(session: NSURLSession, task: NSURLSessionTask, needNewBodyStreamFromOffset: Long, completionHandler: (NSInputStream?) -> Unit): Unit
fun URLSession(session: NSURLSession, task: NSURLSessionTask, didSendBodyData: Long, totalBytesSent: Long, totalBytesExpectedToSend: Long): Unit
fun URLSession(session: NSURLSession, task: NSURLSessionTask, didReceiveInformationalResponse: NSHTTPURLResponse): Unit
fun URLSession(session: NSURLSession, task: NSURLSessionTask, didFinishCollectingMetrics: NSURLSessionTaskMetrics): Unit
fun URLSession(session: NSURLSession, task: NSURLSessionTask, didCompleteWithError: NSError?): Unit
fun URLSession(session: NSURLSession, didBecomeInvalidWithError: NSError?): Unit
fun URLSession(session: NSURLSession, didReceiveChallenge: NSURLAuthenticationChallenge, completionHandler: (Long, NSURLCredential?) -> Unit): Unit
e: file:///Users/runner/work/echo-nightly/echo-nightly/composeApp/src/iosMain/kotlin/dev/brahmkshatriya/echo/player/platform/IosPlatform.kt:164:9 An explicit type is required on a value parameter.
e: file:///Users/runner/work/echo-nightly/echo-nightly/composeApp/src/iosMain/kotlin/dev/brahmkshatriya/echo/player/platform/IosPlatform.kt:164:34 Syntax error: Expecting comma or ')'.
e: file:///Users/runner/work/echo-nightly/echo-nightly/composeApp/src/iosMain/kotlin/dev/brahmkshatriya/echo/player/platform/IosPlatform.kt:170:55 Type mismatch: inferred type is 'EchoError.Storage', but 'Throwable' was expected.
e: file:///Users/runner/work/echo-nightly/echo-nightly/composeApp/src/iosMain/kotlin/dev/brahmkshatriya/echo/player/platform/IosPlatform.kt:172:30 Type mismatch: inferred type is 'EchoError.Storage', but 'Throwable' was expected.
e: file:///Users/runner/work/echo-nightly/echo-nightly/composeApp/src/iosMain/kotlin/dev/brahmkshatriya/echo/player/platform/IosPlatform.kt:173:43 Unresolved reference 'fileHandleForWritingAtPath'.
e: file:///Users/runner/work/echo-nightly/echo-nightly/composeApp/src/iosMain/kotlin/dev/brahmkshatriya/echo/player/platform/IosPlatform.kt:174:30 Type mismatch: inferred type is 'EchoError.Storage', but 'Throwable' was expected.
e: file:///Users/runner/work/echo-nightly/echo-nightly/composeApp/src/iosMain/kotlin/dev/brahmkshatriya/echo/player/platform/IosPlatform.kt:179:25 This declaration needs opt-in. Its usage must be marked with '@kotlinx.cinterop.ExperimentalForeignApi' or '@OptIn(kotlinx.cinterop.ExperimentalForeignApi::class)'
e: file:///Users/runner/work/echo-nightly/echo-nightly/composeApp/src/iosMain/kotlin/dev/brahmkshatriya/echo/player/platform/IosPlatform.kt:184:30 This declaration needs opt-in. Its usage must be marked with '@kotlinx.cinterop.ExperimentalForeignApi' or '@OptIn(kotlinx.cinterop.ExperimentalForeignApi::class)'
e: file:///Users/runner/work/echo-nightly/echo-nightly/composeApp/src/iosMain/kotlin/dev/brahmkshatriya/echo/player/platform/IosPlatform.kt:185:27 Type mismatch: inferred type is 'EchoError.Storage', but 'Throwable' was expected.
e: file:///Users/runner/work/echo-nightly/echo-nightly/composeApp/src/iosMain/kotlin/dev/brahmkshatriya/echo/player/platform/IosPlatform.kt:189:30 Unresolved reference 'isActive'.
e: file:///Users/runner/work/echo-nightly/echo-nightly/composeApp/src/iosMain/kotlin/dev/brahmkshatriya/echo/player/platform/IosPlatform.kt:191:30 Unresolved reference 'isActive'.
e: file:///Users/runner/work/echo-nightly/echo-nightly/composeApp/src/iosMain/kotlin/dev/brahmkshatriya/echo/player/platform/IosPlatform.kt:192:30 Cannot infer type for this parameter. Specify it explicitly.
e: file:///Users/runner/work/echo-nightly/echo-nightly/composeApp/src/iosMain/kotlin/dev/brahmkshatriya/echo/player/platform/IosPlatform.kt:193:21 Argument type mismatch: actual type is 'EchoError', but 'Throwable' was expected.
e: file:///Users/runner/work/echo-nightly/echo-nightly/composeApp/src/iosMain/kotlin/dev/brahmkshatriya/echo/player/platform/IosPlatform.kt:199:5 'URLSession' overrides nothing. Potential signatures for overriding:
fun URLSession(session: NSURLSession, downloadTask: NSURLSessionDownloadTask, didFinishDownloadingToURL: NSURL): Unit
fun URLSession(session: NSURLSession, downloadTask: NSURLSessionDownloadTask, didResumeAtOffset: Long, expectedTotalBytes: Long): Unit
fun URLSession(session: NSURLSession, didCreateTask: NSURLSessionTask): Unit
fun URLSession(session: NSURLSession, task: NSURLSessionTask, willBeginDelayedRequest: NSURLRequest, completionHandler: (Long, NSURLRequest?) -> Unit): Unit
fun URLSession(session: NSURLSession, taskIsWaitingForConnectivity: NSURLSessionTask): Unit
fun URLSession(session: NSURLSession, task: NSURLSessionTask, willPerformHTTPRedirection: NSHTTPURLResponse, newRequest: NSURLRequest, completionHandler: (NSURLRequest?) -> Unit): Unit
fun URLSession(session: NSURLSession, task: NSURLSessionTask, didReceiveChallenge: NSURLAuthenticationChallenge, completionHandler: (Long, NSURLCredential?) -> Unit): Unit
fun URLSession(session: NSURLSession, task: NSURLSessionTask, needNewBodyStream: (NSInputStream?) -> Unit): Unit
fun URLSession(session: NSURLSession, task: NSURLSessionTask, needNewBodyStreamFromOffset: Long, completionHandler: (NSInputStream?) -> Unit): Unit
fun URLSession(session: NSURLSession, task: NSURLSessionTask, didSendBodyData: Long, totalBytesSent: Long, totalBytesExpectedToSend: Long): Unit
fun URLSession(session: NSURLSession, task: NSURLSessionTask, didReceiveInformationalResponse: NSHTTPURLResponse): Unit
fun URLSession(session: NSURLSession, task: NSURLSessionTask, didFinishCollectingMetrics: NSURLSessionTaskMetrics): Unit
fun URLSession(session: NSURLSession, task: NSURLSessionTask, didCompleteWithError: NSError?): Unit
fun URLSession(session: NSURLSession, didBecomeInvalidWithError: NSError?): Unit
fun URLSession(session: NSURLSession, didReceiveChallenge: NSURLAuthenticationChallenge, completionHandler: (Long, NSURLCredential?) -> Unit): Unit
e: file:///Users/runner/work/echo-nightly/echo-nightly/composeApp/src/iosMain/kotlin/dev/brahmkshatriya/echo/player/platform/IosPlatform.kt:202:31 Unresolved reference 'NSError'.
e: file:///Users/runner/work/echo-nightly/echo-nightly/composeApp/src/iosMain/kotlin/dev/brahmkshatriya/echo/player/platform/IosPlatform.kt:205:58 Unresolved reference 'isActive'.
e: file:///Users/runner/work/echo-nightly/echo-nightly/composeApp/src/iosMain/kotlin/dev/brahmkshatriya/echo/player/platform/IosPlatform.kt:206:26 Cannot infer type for this parameter. Specify it explicitly.
e: file:///Users/runner/work/echo-nightly/echo-nightly/composeApp/src/iosMain/kotlin/dev/brahmkshatriya/echo/player/platform/IosPlatform.kt:207:17 Argument type mismatch: actual type is 'EchoError.Network', but 'Throwable' was expected.
e: file:///Users/runner/work/echo-nightly/echo-nightly/composeApp/src/iosMain/kotlin/dev/brahmkshatriya/echo/player/platform/IosPlatform.kt:207:56 Unresolved reference 'localizedDescription'.
e: file:///Users/runner/work/echo-nightly/echo-nightly/composeApp/src/iosMain/kotlin/dev/brahmkshatriya/echo/player/platform/IosPlatform.kt:263:26 Unresolved reference 'resolve'.
e: file:///Users/runner/work/echo-nightly/echo-nightly/composeApp/src/iosMain/kotlin/dev/brahmkshatriya/echo/player/platform/IosPlatform.kt:268:22 This declaration needs opt-in. Its usage must be marked with '@kotlinx.cinterop.ExperimentalForeignApi' or '@OptIn(kotlinx.cinterop.ExperimentalForeignApi::class)'
e: file:///Users/runner/work/echo-nightly/echo-nightly/composeApp/src/iosMain/kotlin/dev/brahmkshatriya/echo/player/platform/IosPlatform.kt:270:26 Type mismatch: inferred type is 'EchoError.Storage', but 'Throwable' was expected.
e: file:///Users/runner/work/echo-nightly/echo-nightly/composeApp/src/iosMain/kotlin/dev/brahmkshatriya/echo/player/platform/IosPlatform.kt:283:34 Unresolved reference 'commonMetadata'.
e: file:///Users/runner/work/echo-nightly/echo-nightly/composeApp/src/iosMain/kotlin/dev/brahmkshatriya/echo/player/platform/IosPlatform.kt:286:40 Unresolved reference 'it'.
e: file:///Users/runner/work/echo-nightly/echo-nightly/composeApp/src/iosMain/kotlin/dev/brahmkshatriya/echo/player/platform/IosPlatform.kt:286:63 Unresolved reference 'stringValue'.
e: file:///Users/runner/work/echo-nightly/echo-nightly/composeApp/src/iosMain/kotlin/dev/brahmkshatriya/echo/player/platform/IosPlatform.kt:286:76 Cannot infer type for this parameter. Specify it explicitly.
e: file:///Users/runner/work/echo-nightly/echo-nightly/composeApp/src/iosMain/kotlin/dev/brahmkshatriya/echo/player/platform/IosPlatform.kt:286:83 Cannot infer type for this parameter. Specify it explicitly.
e: file:///Users/runner/work/echo-nightly/echo-nightly/composeApp/src/iosMain/kotlin/dev/brahmkshatriya/echo/player/platform/IosPlatform.kt:288:54 Unresolved reference 'it'.
e: file:///Users/runner/work/echo-nightly/echo-nightly/composeApp/src/iosMain/kotlin/dev/brahmkshatriya/echo/player/platform/IosPlatform.kt:288:100 Unresolved reference 'dataValue'.
e: file:///Users/runner/work/echo-nightly/echo-nightly/composeApp/src/iosMain/kotlin/dev/brahmkshatriya/echo/player/platform/IosPlatform.kt:290:36 This declaration needs opt-in. Its usage must be marked with '@kotlinx.cinterop.ExperimentalForeignApi' or '@OptIn(kotlinx.cinterop.ExperimentalForeignApi::class)'
e: file:///Users/runner/work/echo-nightly/echo-nightly/composeApp/src/iosMain/kotlin/dev/brahmkshatriya/echo/player/platform/IosPlatform.kt:292:21 This declaration needs opt-in. Its usage must be marked with '@kotlinx.cinterop.ExperimentalForeignApi' or '@OptIn(kotlinx.cinterop.ExperimentalForeignApi::class)'
e: file:///Users/runner/work/echo-nightly/echo-nightly/composeApp/src/iosMain/kotlin/dev/brahmkshatriya/echo/player/platform/IosPlatform.kt:292:32 Unresolved reference 'timescale'.
e: file:///Users/runner/work/echo-nightly/echo-nightly/composeApp/src/iosMain/kotlin/dev/brahmkshatriya/echo/player/platform/IosPlatform.kt:293:22 This declaration needs opt-in. Its usage must be marked with '@kotlinx.cinterop.ExperimentalForeignApi' or '@OptIn(kotlinx.cinterop.ExperimentalForeignApi::class)'
e: file:///Users/runner/work/echo-nightly/echo-nightly/composeApp/src/iosMain/kotlin/dev/brahmkshatriya/echo/player/platform/IosPlatform.kt:293:33 Unresolved reference 'value'.
e: file:///Users/runner/work/echo-nightly/echo-nightly/composeApp/src/iosMain/kotlin/dev/brahmkshatriya/echo/player/platform/IosPlatform.kt:293:52 This declaration needs opt-in. Its usage must be marked with '@kotlinx.cinterop.ExperimentalForeignApi' or '@OptIn(kotlinx.cinterop.ExperimentalForeignApi::class)'
e: file:///Users/runner/work/echo-nightly/echo-nightly/composeApp/src/iosMain/kotlin/dev/brahmkshatriya/echo/player/platform/IosPlatform.kt:293:63 Unresolved reference 'timescale'.
e: file:///Users/runner/work/echo-nightly/echo-nightly/composeApp/src/iosMain/kotlin/dev/brahmkshatriya/echo/player/platform/IosPlatform.kt:295:33 Argument type mismatch: actual type is 'String?', but 'String' was expected.
e: file:///Users/runner/work/echo-nightly/echo-nightly/composeApp/src/iosMain/kotlin/dev/brahmkshatriya/echo/player/platform/IosPlatform.kt:298:30 Argument type mismatch: actual type is 'String?', but 'String' was expected.
e: file:///Users/runner/work/echo-nightly/echo-nightly/composeApp/src/iosMain/kotlin/dev/brahmkshatriya/echo/player/platform/IosPlatform.kt:299:31 Argument type mismatch: actual type is 'String?', but 'String' was expected.
e: file:///Users/runner/work/echo-nightly/echo-nightly/composeApp/src/iosMain/kotlin/dev/brahmkshatriya/echo/player/platform/IosPlatform.kt:300:30 Unresolved reference 'AVMetadataCommonKeyAlbum'.
e: file:///Users/runner/work/echo-nightly/echo-nightly/composeApp/src/iosMain/kotlin/dev/brahmkshatriya/echo/player/platform/IosPlatform.kt:301:36 Unresolved reference 'AVMetadataCommonKeyAlbumArtist'.
e: file:///Users/runner/work/echo-nightly/echo-nightly/composeApp/src/iosMain/kotlin/dev/brahmkshatriya/echo/player/ui/IosUiActuals.kt:17:18 Unresolved reference 'UIDocumentPickerModeImport'.
e: file:///Users/runner/work/echo-nightly/echo-nightly/composeApp/src/iosMain/kotlin/dev/brahmkshatriya/echo/player/ui/IosUiActuals.kt:41:46 Unresolved reference 'UIWindowSceneActivationStateForegroundActive'.
e: file:///Users/runner/work/echo-nightly/echo-nightly/composeApp/src/iosMain/kotlin/dev/brahmkshatriya/echo/player/ui/IosUiActuals.kt:43:43 Unresolved reference 'isKeyWindow'.
e: file:///Users/runner/work/echo-nightly/echo-nightly/composeApp/src/iosMain/kotlin/dev/brahmkshatriya/echo/player/ui/IosUiActuals.kt:43:58 Unresolved reference 'rootViewController'.
gradle/actions: Writing build results to /Users/runner/work/_temp/.gradle-actions/build-results/__run_4-1788682078864.json

FAILURE: Build completed with 3 failures.

1: Task failed with an exception.
-----------
* What went wrong:
Execution failed for task ':composeApp:compileKotlinIosArm64'.
> Compilation finished with errors

* Try:
> Run with --info or --debug option to get more log output.
> Run with --scan to generate a Build Scan (Powered by Develocity).
> Get more help at https://help.gradle.org.

* Exception is:
org.gradle.api.tasks.TaskExecutionException: Execution failed for task ':composeApp:compileKotlinIosArm64'.
	at org.gradle.api.internal.tasks.execution.ExecuteActionsTaskExecuter.lambda$executeIfValid$1(ExecuteActionsTaskExecuter.java:135)
	at org.gradle.internal.Try$Failure.ifSuccessfulOrElse(Try.java:288)
	at org.gradle.api.internal.tasks.execution.ExecuteActionsTaskExecuter.executeIfValid(ExecuteActionsTaskExecuter.java:133)
	at org.gradle.api.internal.tasks.execution.ExecuteActionsTaskExecuter.execute(ExecuteActionsTaskExecuter.java:121)
	at org.gradle.api.internal.tasks.execution.ProblemsTaskPathTrackingTaskExecuter.execute(ProblemsTaskPathTrackingTaskExecuter.java:41)
	at org.gradle.api.internal.tasks.execution.FinalizePropertiesTaskExecuter.execute(FinalizePropertiesTaskExecuter.java:46)
	at org.gradle.api.internal.tasks.execution.ResolveTaskExecutionModeExecuter.execute(ResolveTaskExecutionModeExecuter.java:51)
	at org.gradle.api.internal.tasks.execution.SkipTaskWithNoActionsExecuter.execute(SkipTaskWithNoActionsExecuter.java:57)
	at org.gradle.api.internal.tasks.execution.SkipOnlyIfTaskExecuter.execute(SkipOnlyIfTaskExecuter.java:74)
	at org.gradle.api.internal.tasks.execution.CatchExceptionTaskExecuter.execute(CatchExceptionTaskExecuter.java:36)
	at org.gradle.api.internal.tasks.execution.EventFiringTaskExecuter$1.executeTask(EventFiringTaskExecuter.java:77)
	at org.gradle.api.internal.tasks.execution.EventFiringTaskExecuter$1.call(EventFiringTaskExecuter.java:55)
	at org.gradle.api.internal.tasks.execution.EventFiringTaskExecuter$1.call(EventFiringTaskExecuter.java:52)
	at org.gradle.internal.operations.DefaultBuildOperationRunner$CallableBuildOperationWorker.execute(DefaultBuildOperationRunner.java:209)
	at org.gradle.internal.operations.DefaultBuildOperationRunner$CallableBuildOperationWorker.execute(DefaultBuildOperationRunner.java:204)
	at org.gradle.internal.operations.DefaultBuildOperationRunner$2.execute(DefaultBuildOperationRunner.java:66)
	at org.gradle.internal.operations.DefaultBuildOperationRunner$2.execute(DefaultBuildOperationRunner.java:59)
	at org.gradle.internal.operations.DefaultBuildOperationRunner.execute(DefaultBuildOperationRunner.java:166)
	at org.gradle.internal.operations.DefaultBuildOperationRunner.execute(DefaultBuildOperationRunner.java:59)
	at org.gradle.internal.operations.DefaultBuildOperationRunner.call(DefaultBuildOperationRunner.java:53)
	at org.gradle.api.internal.tasks.execution.EventFiringTaskExecuter.execute(EventFiringTaskExecuter.java:52)
	at org.gradle.execution.plan.LocalTaskNodeExecutor.execute(LocalTaskNodeExecutor.java:45)
	at org.gradle.execution.taskgraph.DefaultTaskExecutionGraph$InvokeNodeExecutorsAction.execute(DefaultTaskExecutionGraph.java:347)
	at org.gradle.execution.taskgraph.DefaultTaskExecutionGraph$InvokeNodeExecutorsAction.execute(DefaultTaskExecutionGraph.java:334)
	at org.gradle.execution.taskgraph.DefaultTaskExecutionGraph$BuildOperationAwareExecutionAction.lambda$execute$0(DefaultTaskExecutionGraph.java:330)
	at org.gradle.internal.operations.CurrentBuildOperationRef.with(CurrentBuildOperationRef.java:84)
	at org.gradle.execution.taskgraph.DefaultTaskExecutionGraph$BuildOperationAwareExecutionAction.execute(DefaultTaskExecutionGraph.java:330)
	at org.gradle.execution.taskgraph.DefaultTaskExecutionGraph$BuildOperationAwareExecutionAction.execute(DefaultTaskExecutionGraph.java:319)
	at org.gradle.execution.plan.DefaultPlanExecutor$ExecutorWorker.execute(DefaultPlanExecutor.java:459)
	at org.gradle.execution.plan.DefaultPlanExecutor$ExecutorWorker.run(DefaultPlanExecutor.java:376)
	at org.gradle.internal.concurrent.ExecutorPolicy$CatchAndRecordFailures.onExecute(ExecutorPolicy.java:64)
	at org.gradle.internal.concurrent.AbstractManagedExecutor$1.run(AbstractManagedExecutor.java:47)
Caused by: org.jetbrains.kotlin.backend.konan.KonanCompilationException: Compilation finished with errors
	at org.jetbrains.kotlin.cli.bc.K2Native$Companion.mainNoExitWithRenderer$lambda$2(K2Native.kt:220)
	at org.jetbrains.kotlin.util.UtilKt.profileIf(Util.kt:22)
	at org.jetbrains.kotlin.util.UtilKt.profile(Util.kt:16)
	at org.jetbrains.kotlin.cli.bc.K2Native$Companion.mainNoExitWithRenderer(K2Native.kt:218)
	at org.jetbrains.kotlin.cli.bc.K2NativeKt.mainNoExitWithGradleRenderer(K2Native.kt:236)
	at org.jetbrains.kotlin.cli.utilities.MainKt$daemonMain$1.invoke(main.kt:50)
	at org.jetbrains.kotlin.cli.utilities.MainKt$daemonMain$1.invoke(main.kt:50)
	at org.jetbrains.kotlin.cli.utilities.MainKt.mainImpl(main.kt:20)
	at org.jetbrains.kotlin.cli.utilities.MainKt.inProcessMain(main.kt:57)
	at org.jetbrains.kotlin.cli.utilities.MainKt.daemonMain(main.kt:50)
	at org.jetbrains.kotlin.internal.compilerRunner.native.KotlinNativeToolRunner.runInProcess(KotlinNativeToolRunner.kt:151)
	at org.jetbrains.kotlin.internal.compilerRunner.native.KotlinNativeToolRunner.runTool(KotlinNativeToolRunner.kt:52)
	at org.jetbrains.kotlin.gradle.tasks.KotlinNativeCompile$compile$1.invoke(KotlinNativeTasks.kt:608)
	at org.jetbrains.kotlin.gradle.tasks.KotlinNativeCompile$compile$1.invoke(KotlinNativeTasks.kt:592)
	at org.jetbrains.kotlin.compilerRunner.ReportUtilsKt.addBuildMetricsForTaskAction(reportUtils.kt:260)
	at org.jetbrains.kotlin.gradle.tasks.KotlinNativeCompile.compile(KotlinNativeTasks.kt:592)
	at org.gradle.internal.reflect.JavaMethod.invoke(JavaMethod.java:125)
	at org.gradle.api.internal.project.taskfactory.StandardTaskAction.doExecute(StandardTaskAction.java:58)
	at org.gradle.api.internal.project.taskfactory.StandardTaskAction.execute(StandardTaskAction.java:51)
	at org.gradle.api.internal.project.taskfactory.StandardTaskAction.execute(StandardTaskAction.java:29)
	at org.gradle.api.internal.tasks.execution.TaskExecution$3.run(TaskExecution.java:252)
	at org.gradle.internal.operations.DefaultBuildOperationRunner$1.execute(DefaultBuildOperationRunner.java:29)
	at org.gradle.internal.operations.DefaultBuildOperationRunner$1.execute(DefaultBuildOperationRunner.java:26)
	at org.gradle.internal.operations.DefaultBuildOperationRunner$2.execute(DefaultBuildOperationRunner.java:66)
	at org.gradle.internal.operations.DefaultBuildOperationRunner$2.execute(DefaultBuildOperationRunner.java:59)
	at org.gradle.internal.operations.DefaultBuildOperationRunner.execute(DefaultBuildOperationRunner.java:166)
	at org.gradle.internal.operations.DefaultBuildOperationRunner.execute(DefaultBuildOperationRunner.java:59)
	at org.gradle.internal.operations.DefaultBuildOperationRunner.run(DefaultBuildOperationRunner.java:47)
	at org.gradle.api.internal.tasks.execution.TaskExecution.executeAction(TaskExecution.java:237)
	at org.gradle.api.internal.tasks.execution.TaskExecution.executeActions(TaskExecution.java:220)
	at org.gradle.api.internal.tasks.execution.TaskExecution.executeWithPreviousOutputFiles(TaskExecution.java:203)
	at org.gradle.api.internal.tasks.execution.TaskExecution.execute(TaskExecution.java:170)
	at org.gradle.internal.execution.steps.ExecuteStep.executeInternal(ExecuteStep.java:105)
	at org.gradle.internal.execution.steps.ExecuteStep.access$000(ExecuteStep.java:44)
	at org.gradle.internal.execution.steps.ExecuteStep$1.call(ExecuteStep.java:59)
	at org.gradle.internal.execution.steps.ExecuteStep$1.call(ExecuteStep.java:56)
	at org.gradle.internal.operations.DefaultBuildOperationRunner$CallableBuildOperationWorker.execute(DefaultBuildOperationRunner.java:209)
	at org.gradle.internal.operations.DefaultBuildOperationRunner$CallableBuildOperationWorker.execute(DefaultBuildOperationRunner.java:204)
	at org.gradle.internal.operations.DefaultBuildOperationRunner$2.execute(DefaultBuildOperationRunner.java:66)
	at org.gradle.internal.operations.DefaultBuildOperationRunner$2.execute(DefaultBuildOperationRunner.java:59)
	at org.gradle.internal.operations.DefaultBuildOperationRunner.execute(DefaultBuildOperationRunner.java:166)
	at org.gradle.internal.operations.DefaultBuildOperationRunner.execute(DefaultBuildOperationRunner.java:59)
	at org.gradle.internal.operations.DefaultBuildOperationRunner.call(DefaultBuildOperationRunner.java:53)
	at org.gradle.internal.execution.steps.ExecuteStep.execute(ExecuteStep.java:56)
	at org.gradle.internal.execution.steps.ExecuteStep.execute(ExecuteStep.java:44)
	at org.gradle.internal.execution.steps.CancelExecutionStep.execute(CancelExecutionStep.java:42)
	at org.gradle.internal.execution.steps.TimeoutStep.executeWithoutTimeout(TimeoutStep.java:75)
	at org.gradle.internal.execution.steps.TimeoutStep.execute(TimeoutStep.java:55)
	at org.gradle.internal.execution.steps.PreCreateOutputParentsStep.execute(PreCreateOutputParentsStep.java:50)
	at org.gradle.internal.execution.steps.PreCreateOutputParentsStep.execute(PreCreateOutputParentsStep.java:28)
	at org.gradle.internal.execution.steps.RemovePreviousOutputsStep.execute(RemovePreviousOutputsStep.java:68)
	at org.gradle.internal.execution.steps.RemovePreviousOutputsStep.execute(RemovePreviousOutputsStep.java:38)
	at org.gradle.internal.execution.steps.BroadcastChangingOutputsStep.execute(BroadcastChangingOutputsStep.java:61)
	at org.gradle.internal.execution.steps.BroadcastChangingOutputsStep.execute(BroadcastChangingOutputsStep.java:26)
	at org.gradle.internal.execution.steps.CaptureOutputsAfterExecutionStep.execute(CaptureOutputsAfterExecutionStep.java:69)
	at org.gradle.internal.execution.steps.CaptureOutputsAfterExecutionStep.execute(CaptureOutputsAfterExecutionStep.java:46)
	at org.gradle.internal.execution.steps.ResolveInputChangesStep.execute(ResolveInputChangesStep.java:39)
	at org.gradle.internal.execution.steps.ResolveInputChangesStep.execute(ResolveInputChangesStep.java:28)
	at org.gradle.internal.execution.steps.BuildCacheStep.executeWithoutCache(BuildCacheStep.java:189)
	at org.gradle.internal.execution.steps.BuildCacheStep.executeAndStoreInCache(BuildCacheStep.java:145)
	at org.gradle.internal.execution.steps.BuildCacheStep.lambda$executeWithCache$4(BuildCacheStep.java:101)
	at org.gradle.internal.execution.steps.BuildCacheStep.lambda$executeWithCache$5(BuildCacheStep.java:101)
	at org.gradle.internal.Try$Success.map(Try.java:170)
	at org.gradle.internal.execution.steps.BuildCacheStep.executeWithCache(BuildCacheStep.java:85)
	at org.gradle.internal.execution.steps.BuildCacheStep.lambda$execute$0(BuildCacheStep.java:74)
	at org.gradle.internal.Either$Left.fold(Either.java:116)
	at org.gradle.internal.execution.caching.CachingState.fold(CachingState.java:62)
	at org.gradle.internal.execution.steps.BuildCacheStep.execute(BuildCacheStep.java:73)
	at org.gradle.internal.execution.steps.BuildCacheStep.execute(BuildCacheStep.java:48)
	at org.gradle.internal.execution.steps.StoreExecutionStateStep.execute(StoreExecutionStateStep.java:46)
	at org.gradle.internal.execution.steps.StoreExecutionStateStep.execute(StoreExecutionStateStep.java:35)
	at org.gradle.internal.execution.steps.SkipUpToDateStep.executeBecause(SkipUpToDateStep.java:75)
	at org.gradle.internal.execution.steps.SkipUpToDateStep.lambda$execute$2(SkipUpToDateStep.java:53)
	at org.gradle.internal.execution.steps.SkipUpToDateStep.execute(SkipUpToDateStep.java:53)
	at org.gradle.internal.execution.steps.SkipUpToDateStep.execute(SkipUpToDateStep.java:35)
	at org.gradle.internal.execution.steps.legacy.MarkSnapshottingInputsFinishedStep.execute(MarkSnapshottingInputsFinishedStep.java:37)
	at org.gradle.internal.execution.steps.legacy.MarkSnapshottingInputsFinishedStep.execute(MarkSnapshottingInputsFinishedStep.java:27)
	at org.gradle.internal.execution.steps.ResolveIncrementalCachingStateStep.executeDelegate(ResolveIncrementalCachingStateStep.java:49)
	at org.gradle.internal.execution.steps.ResolveIncrementalCachingStateStep.executeDelegate(ResolveIncrementalCachingStateStep.java:27)
	at org.gradle.internal.execution.steps.AbstractResolveCachingStateStep.execute(AbstractResolveCachingStateStep.java:71)
	at org.gradle.internal.execution.steps.AbstractResolveCachingStateStep.execute(AbstractResolveCachingStateStep.java:39)
	at org.gradle.internal.execution.steps.ResolveChangesStep.execute(ResolveChangesStep.java:64)
	at org.gradle.internal.execution.steps.ResolveChangesStep.execute(ResolveChangesStep.java:35)
	at org.gradle.internal.execution.steps.ValidateStep.execute(ValidateStep.java:62)
	at org.gradle.internal.execution.steps.ValidateStep.execute(ValidateStep.java:40)
	at org.gradle.internal.execution.steps.AbstractCaptureStateBeforeExecutionStep.execute(AbstractCaptureStateBeforeExecutionStep.java:76)
	at org.gradle.internal.execution.steps.AbstractCaptureStateBeforeExecutionStep.execute(AbstractCaptureStateBeforeExecutionStep.java:45)
	at org.gradle.internal.execution.steps.AbstractSkipEmptyWorkStep.executeWithNonEmptySources(AbstractSkipEmptyWorkStep.java:136)
	at org.gradle.internal.execution.steps.AbstractSkipEmptyWorkStep.execute(AbstractSkipEmptyWorkStep.java:66)
	at org.gradle.internal.execution.steps.AbstractSkipEmptyWorkStep.execute(AbstractSkipEmptyWorkStep.java:38)
	at org.gradle.internal.execution.steps.legacy.MarkSnapshottingInputsStartedStep.execute(MarkSnapshottingInputsStartedStep.java:38)
	at org.gradle.internal.execution.steps.LoadPreviousExecutionStateStep.execute(LoadPreviousExecutionStateStep.java:36)
	at org.gradle.internal.execution.steps.LoadPreviousExecutionStateStep.execute(LoadPreviousExecutionStateStep.java:23)
	at org.gradle.internal.execution.steps.HandleStaleOutputsStep.execute(HandleStaleOutputsStep.java:75)
	at org.gradle.internal.execution.steps.HandleStaleOutputsStep.execute(HandleStaleOutputsStep.java:41)
	at org.gradle.internal.execution.steps.AssignMutableWorkspaceStep.lambda$execute$0(AssignMutableWorkspaceStep.java:35)
	at org.gradle.api.internal.tasks.execution.TaskExecution$4.withWorkspace(TaskExecution.java:297)
	at org.gradle.internal.execution.steps.AssignMutableWorkspaceStep.execute(AssignMutableWorkspaceStep.java:31)
	at org.gradle.internal.execution.steps.AssignMutableWorkspaceStep.execute(AssignMutableWorkspaceStep.java:22)
	at org.gradle.internal.execution.steps.ChoosePipelineStep.execute(ChoosePipelineStep.java:40)
	at org.gradle.internal.execution.steps.ChoosePipelineStep.execute(ChoosePipelineStep.java:23)
	at org.gradle.internal.execution.steps.ExecuteWorkBuildOperationFiringStep.lambda$execute$2(ExecuteWorkBuildOperationFiringStep.java:67)
	at org.gradle.internal.execution.steps.ExecuteWorkBuildOperationFiringStep.execute(ExecuteWorkBuildOperationFiringStep.java:67)
	at org.gradle.internal.execution.steps.ExecuteWorkBuildOperationFiringStep.execute(ExecuteWorkBuildOperationFiringStep.java:39)
	at org.gradle.internal.execution.steps.IdentityCacheStep.execute(IdentityCacheStep.java:46)
	at org.gradle.internal.execution.steps.IdentityCacheStep.execute(IdentityCacheStep.java:34)
	at org.gradle.internal.execution.steps.IdentifyStep.execute(IdentifyStep.java:47)
	at org.gradle.internal.execution.steps.IdentifyStep.execute(IdentifyStep.java:34)
	at org.gradle.internal.execution.impl.DefaultExecutionEngine$1.execute(DefaultExecutionEngine.java:64)
	at org.gradle.api.internal.tasks.execution.ExecuteActionsTaskExecuter.executeIfValid(ExecuteActionsTaskExecuter.java:132)
	... 29 more

==============================================================================

2: Task failed with an exception.
-----------
* What went wrong:
Execution failed for task ':composeApp:compileKotlinIosSimulatorArm64'.
> Compilation finished with errors

* Try:
> Run with --info or --debug option to get more log output.
> Run with --scan to generate a Build Scan (Powered by Develocity).
> Get more help at https://help.gradle.org.

* Exception is:
org.gradle.api.tasks.TaskExecutionException: Execution failed for task ':composeApp:compileKotlinIosSimulatorArm64'.
	at org.gradle.api.internal.tasks.execution.ExecuteActionsTaskExecuter.lambda$executeIfValid$1(ExecuteActionsTaskExecuter.java:135)
	at org.gradle.internal.Try$Failure.ifSuccessfulOrElse(Try.java:288)
	at org.gradle.api.internal.tasks.execution.ExecuteActionsTaskExecuter.executeIfValid(ExecuteActionsTaskExecuter.java:133)
	at org.gradle.api.internal.tasks.execution.ExecuteActionsTaskExecuter.execute(ExecuteActionsTaskExecuter.java:121)
	at org.gradle.api.internal.tasks.execution.ProblemsTaskPathTrackingTaskExecuter.execute(ProblemsTaskPathTrackingTaskExecuter.java:41)
	at org.gradle.api.internal.tasks.execution.FinalizePropertiesTaskExecuter.execute(FinalizePropertiesTaskExecuter.java:46)
	at org.gradle.api.internal.tasks.execution.ResolveTaskExecutionModeExecuter.execute(ResolveTaskExecutionModeExecuter.java:51)
	at org.gradle.api.internal.tasks.execution.SkipTaskWithNoActionsExecuter.execute(SkipTaskWithNoActionsExecuter.java:57)
	at org.gradle.api.internal.tasks.execution.SkipOnlyIfTaskExecuter.execute(SkipOnlyIfTaskExecuter.java:74)
	at org.gradle.api.internal.tasks.execution.CatchExceptionTaskExecuter.execute(CatchExceptionTaskExecuter.java:36)
	at org.gradle.api.internal.tasks.execution.EventFiringTaskExecuter$1.executeTask(EventFiringTaskExecuter.java:77)
	at org.gradle.api.internal.tasks.execution.EventFiringTaskExecuter$1.call(EventFiringTaskExecuter.java:55)
	at org.gradle.api.internal.tasks.execution.EventFiringTaskExecuter$1.call(EventFiringTaskExecuter.java:52)
	at org.gradle.internal.operations.DefaultBuildOperationRunner$CallableBuildOperationWorker.execute(DefaultBuildOperationRunner.java:209)
	at org.gradle.internal.operations.DefaultBuildOperationRunner$CallableBuildOperationWorker.execute(DefaultBuildOperationRunner.java:204)
	at org.gradle.internal.operations.DefaultBuildOperationRunner$2.execute(DefaultBuildOperationRunner.java:66)
	at org.gradle.internal.operations.DefaultBuildOperationRunner$2.execute(DefaultBuildOperationRunner.java:59)
	at org.gradle.internal.operations.DefaultBuildOperationRunner.execute(DefaultBuildOperationRunner.java:166)
	at org.gradle.internal.operations.DefaultBuildOperationRunner.execute(DefaultBuildOperationRunner.java:59)
	at org.gradle.internal.operations.DefaultBuildOperationRunner.call(DefaultBuildOperationRunner.java:53)
	at org.gradle.api.internal.tasks.execution.EventFiringTaskExecuter.execute(EventFiringTaskExecuter.java:52)
	at org.gradle.execution.plan.LocalTaskNodeExecutor.execute(LocalTaskNodeExecutor.java:45)
	at org.gradle.execution.taskgraph.DefaultTaskExecutionGraph$InvokeNodeExecutorsAction.execute(DefaultTaskExecutionGraph.java:347)
	at org.gradle.execution.taskgraph.DefaultTaskExecutionGraph$InvokeNodeExecutorsAction.execute(DefaultTaskExecutionGraph.java:334)
	at org.gradle.execution.taskgraph.DefaultTaskExecutionGraph$BuildOperationAwareExecutionAction.lambda$execute$0(DefaultTaskExecutionGraph.java:330)
	at org.gradle.internal.operations.CurrentBuildOperationRef.with(CurrentBuildOperationRef.java:84)
	at org.gradle.execution.taskgraph.DefaultTaskExecutionGraph$BuildOperationAwareExecutionAction.execute(DefaultTaskExecutionGraph.java:330)
	at org.gradle.execution.taskgraph.DefaultTaskExecutionGraph$BuildOperationAwareExecutionAction.execute(DefaultTaskExecutionGraph.java:319)
	at org.gradle.execution.plan.DefaultPlanExecutor$ExecutorWorker.execute(DefaultPlanExecutor.java:459)
	at org.gradle.execution.plan.DefaultPlanExecutor$ExecutorWorker.run(DefaultPlanExecutor.java:376)
	at org.gradle.execution.plan.DefaultPlanExecutor.process(DefaultPlanExecutor.java:111)
	at org.gradle.execution.taskgraph.DefaultTaskExecutionGraph.executeWithServices(DefaultTaskExecutionGraph.java:144)
	at org.gradle.execution.taskgraph.DefaultTaskExecutionGraph.execute(DefaultTaskExecutionGraph.java:129)
	at org.gradle.execution.SelectedTaskExecutionAction.execute(SelectedTaskExecutionAction.java:35)
	at org.gradle.execution.DryRunBuildExecutionAction.execute(DryRunBuildExecutionAction.java:51)
	at org.gradle.execution.BuildOperationFiringBuildWorkerExecutor$ExecuteTasks.call(BuildOperationFiringBuildWorkerExecutor.java:54)
	at org.gradle.execution.BuildOperationFiringBuildWorkerExecutor$ExecuteTasks.call(BuildOperationFiringBuildWorkerExecutor.java:43)
	at org.gradle.internal.operations.DefaultBuildOperationRunner$CallableBuildOperationWorker.execute(DefaultBuildOperationRunner.java:209)
	at org.gradle.internal.operations.DefaultBuildOperationRunner$CallableBuildOperationWorker.execute(DefaultBuildOperationRunner.java:204)
	at org.gradle.internal.operations.DefaultBuildOperationRunner$2.execute(DefaultBuildOperationRunner.java:66)
	at org.gradle.internal.operations.DefaultBuildOperationRunner$2.execute(DefaultBuildOperationRunner.java:59)
	at org.gradle.internal.operations.DefaultBuildOperationRunner.execute(DefaultBuildOperationRunner.java:166)
	at org.gradle.internal.operations.DefaultBuildOperationRunner.execute(DefaultBuildOperationRunner.java:59)
	at org.gradle.internal.operations.DefaultBuildOperationRunner.call(DefaultBuildOperationRunner.java:53)
	at org.gradle.execution.BuildOperationFiringBuildWorkerExecutor.execute(BuildOperationFiringBuildWorkerExecutor.java:40)
	at org.gradle.internal.build.DefaultBuildLifecycleController.lambda$executeTasks$10(DefaultBuildLifecycleController.java:313)
	at org.gradle.internal.model.StateTransitionController.doTransition(StateTransitionController.java:266)
	at org.gradle.internal.model.StateTransitionController.lambda$tryTransition$8(StateTransitionController.java:177)
	at org.gradle.internal.work.DefaultSynchronizer.withLock(DefaultSynchronizer.java:45)
	at org.gradle.internal.model.StateTransitionController.tryTransition(StateTransitionController.java:177)
	at org.gradle.internal.build.DefaultBuildLifecycleController.executeTasks(DefaultBuildLifecycleController.java:304)
	at org.gradle.internal.build.DefaultBuildWorkGraphController$DefaultBuildWorkGraph.runWork(DefaultBuildWorkGraphController.java:220)
	at org.gradle.internal.work.DefaultWorkerLeaseService.withLocks(DefaultWorkerLeaseService.java:263)
	at org.gradle.internal.work.DefaultWorkerLeaseService.runAsWorkerThread(DefaultWorkerLeaseService.java:127)
	at org.gradle.composite.internal.DefaultBuildController.doRun(DefaultBuildController.java:181)
	at org.gradle.composite.internal.DefaultBuildController.access$000(DefaultBuildController.java:50)
	at org.gradle.composite.internal.DefaultBuildController$BuildOpRunnable.lambda$run$0(DefaultBuildController.java:198)
	at org.gradle.internal.operations.CurrentBuildOperationRef.with(CurrentBuildOperationRef.java:84)
	at org.gradle.composite.internal.DefaultBuildController$BuildOpRunnable.run(DefaultBuildController.java:198)
	at java.base/java.util.concurrent.Executors$RunnableAdapter.call(Executors.java:539)
	at java.base/java.util.concurrent.FutureTask.run(FutureTask.java:264)
	at org.gradle.internal.concurrent.ExecutorPolicy$CatchAndRecordFailures.onExecute(ExecutorPolicy.java:64)
	at org.gradle.internal.concurrent.AbstractManagedExecutor$1.run(AbstractManagedExecutor.java:47)
	at java.base/java.util.concurrent.ThreadPoolExecutor.runWorker(ThreadPoolExecutor.java:1136)
	at java.base/java.util.concurrent.ThreadPoolExecutor$Worker.run(ThreadPoolExecutor.java:635)
	at java.base/java.lang.Thread.run(Thread.java:840)
Caused by: org.jetbrains.kotlin.backend.konan.KonanCompilationException: Compilation finished with errors
	at org.jetbrains.kotlin.cli.bc.K2Native$Companion.mainNoExitWithRenderer$lambda$2(K2Native.kt:220)
	at org.jetbrains.kotlin.util.UtilKt.profileIf(Util.kt:22)
	at org.jetbrains.kotlin.util.UtilKt.profile(Util.kt:16)
	at org.jetbrains.kotlin.cli.bc.K2Native$Companion.mainNoExitWithRenderer(K2Native.kt:218)
	at org.jetbrains.kotlin.cli.bc.K2NativeKt.mainNoExitWithGradleRenderer(K2Native.kt:236)
	at org.jetbrains.kotlin.cli.utilities.MainKt$daemonMain$1.invoke(main.kt:50)
	at org.jetbrains.kotlin.cli.utilities.MainKt$daemonMain$1.invoke(main.kt:50)
	at org.jetbrains.kotlin.cli.utilities.MainKt.mainImpl(main.kt:20)
	at org.jetbrains.kotlin.cli.utilities.MainKt.inProcessMain(main.kt:57)
	at org.jetbrains.kotlin.cli.utilities.MainKt.daemonMain(main.kt:50)
	at java.base/jdk.internal.reflect.NativeMethodAccessorImpl.invoke0(Native Method)
	at java.base/jdk.internal.reflect.NativeMethodAccessorImpl.invoke(NativeMethodAccessorImpl.java:77)
	at java.base/jdk.internal.reflect.DelegatingMethodAccessorImpl.invoke(DelegatingMethodAccessorImpl.java:43)
	at java.base/java.lang.reflect.Method.invoke(Method.java:569)
	at org.jetbrains.kotlin.internal.compilerRunner.native.KotlinNativeToolRunner.runInProcess(KotlinNativeToolRunner.kt:151)
	at org.jetbrains.kotlin.internal.compilerRunner.native.KotlinNativeToolRunner.runTool(KotlinNativeToolRunner.kt:52)
	at org.jetbrains.kotlin.gradle.tasks.KotlinNativeCompile$compile$1.invoke(KotlinNativeTasks.kt:608)
	at org.jetbrains.kotlin.gradle.tasks.KotlinNativeCompile$compile$1.invoke(KotlinNativeTasks.kt:592)
	at org.jetbrains.kotlin.compilerRunner.ReportUtilsKt.addBuildMetricsForTaskAction(reportUtils.kt:260)
	at org.jetbrains.kotlin.gradle.tasks.KotlinNativeCompile.compile(KotlinNativeTasks.kt:592)
	at java.base/jdk.internal.reflect.NativeMethodAccessorImpl.invoke0(Native Method)
	at java.base/jdk.internal.reflect.NativeMethodAccessorImpl.invoke(NativeMethodAccessorImpl.java:77)
	at java.base/jdk.internal.reflect.DelegatingMethodAccessorImpl.invoke(DelegatingMethodAccessorImpl.java:43)
	at java.base/java.lang.reflect.Method.invoke(Method.java:569)
	at org.gradle.internal.reflect.JavaMethod.invoke(JavaMethod.java:125)
	at org.gradle.api.internal.project.taskfactory.StandardTaskAction.doExecute(StandardTaskAction.java:58)
	at org.gradle.api.internal.project.taskfactory.StandardTaskAction.execute(StandardTaskAction.java:51)
	at org.gradle.api.internal.project.taskfactory.StandardTaskAction.execute(StandardTaskAction.java:29)
	at org.gradle.api.internal.tasks.execution.TaskExecution$3.run(TaskExecution.java:252)
	at org.gradle.internal.operations.DefaultBuildOperationRunner$1.execute(DefaultBuildOperationRunner.java:29)
	at org.gradle.internal.operations.DefaultBuildOperationRunner$1.execute(DefaultBuildOperationRunner.java:26)
	at org.gradle.internal.operations.DefaultBuildOperationRunner$2.execute(DefaultBuildOperationRunner.java:66)
	at org.gradle.internal.operations.DefaultBuildOperationRunner$2.execute(DefaultBuildOperationRunner.java:59)
	at org.gradle.internal.operations.DefaultBuildOperationRunner.execute(DefaultBuildOperationRunner.java:166)
	at org.gradle.internal.operations.DefaultBuildOperationRunner.execute(DefaultBuildOperationRunner.java:59)
	at org.gradle.internal.operations.DefaultBuildOperationRunner.run(DefaultBuildOperationRunner.java:47)
	at org.gradle.api.internal.tasks.execution.TaskExecution.executeAction(TaskExecution.java:237)
	at org.gradle.api.internal.tasks.execution.TaskExecution.executeActions(TaskExecution.java:220)
	at org.gradle.api.internal.tasks.execution.TaskExecution.executeWithPreviousOutputFiles(TaskExecution.java:203)
	at org.gradle.api.internal.tasks.execution.TaskExecution.execute(TaskExecution.java:170)
	at org.gradle.internal.execution.steps.ExecuteStep.executeInternal(ExecuteStep.java:105)
	at org.gradle.internal.execution.steps.ExecuteStep.access$000(ExecuteStep.java:44)
	at org.gradle.internal.execution.steps.ExecuteStep$1.call(ExecuteStep.java:59)
	at org.gradle.internal.execution.steps.ExecuteStep$1.call(ExecuteStep.java:56)
	at org.gradle.internal.operations.DefaultBuildOperationRunner$CallableBuildOperationWorker.execute(DefaultBuildOperationRunner.java:209)
	at org.gradle.internal.operations.DefaultBuildOperationRunner$CallableBuildOperationWorker.execute(DefaultBuildOperationRunner.java:204)
	at org.gradle.internal.operations.DefaultBuildOperationRunner$2.execute(DefaultBuildOperationRunner.java:66)
	at org.gradle.internal.operations.DefaultBuildOperationRunner$2.execute(DefaultBuildOperationRunner.java:59)
	at org.gradle.internal.operations.DefaultBuildOperationRunner.execute(DefaultBuildOperationRunner.java:166)
	at org.gradle.internal.operations.DefaultBuildOperationRunner.execute(DefaultBuildOperationRunner.java:59)
	at org.gradle.internal.operations.DefaultBuildOperationRunner.call(DefaultBuildOperationRunner.java:53)
	at org.gradle.internal.execution.steps.ExecuteStep.execute(ExecuteStep.java:56)
	at org.gradle.internal.execution.steps.ExecuteStep.execute(ExecuteStep.java:44)
	at org.gradle.internal.execution.steps.CancelExecutionStep.execute(CancelExecutionStep.java:42)
	at org.gradle.internal.execution.steps.TimeoutStep.executeWithoutTimeout(TimeoutStep.java:75)
	at org.gradle.internal.execution.steps.TimeoutStep.execute(TimeoutStep.java:55)
	at org.gradle.internal.execution.steps.PreCreateOutputParentsStep.execute(PreCreateOutputParentsStep.java:50)
	at org.gradle.internal.execution.steps.PreCreateOutputParentsStep.execute(PreCreateOutputParentsStep.java:28)
	at org.gradle.internal.execution.steps.RemovePreviousOutputsStep.execute(RemovePreviousOutputsStep.java:68)
	at org.gradle.internal.execution.steps.RemovePreviousOutputsStep.execute(RemovePreviousOutputsStep.java:38)
	at org.gradle.internal.execution.steps.BroadcastChangingOutputsStep.execute(BroadcastChangingOutputsStep.java:61)
	at org.gradle.internal.execution.steps.BroadcastChangingOutputsStep.execute(BroadcastChangingOutputsStep.java:26)
	at org.gradle.internal.execution.steps.CaptureOutputsAfterExecutionStep.execute(CaptureOutputsAfterExecutionStep.java:69)
	at org.gradle.internal.execution.steps.CaptureOutputsAfterExecutionStep.execute(CaptureOutputsAfterExecutionStep.java:46)
	at org.gradle.internal.execution.steps.ResolveInputChangesStep.execute(ResolveInputChangesStep.java:39)
	at org.gradle.internal.execution.steps.ResolveInputChangesStep.execute(ResolveInputChangesStep.java:28)
	at org.gradle.internal.execution.steps.BuildCacheStep.executeWithoutCache(BuildCacheStep.java:189)
	at org.gradle.internal.execution.steps.BuildCacheStep.executeAndStoreInCache(BuildCacheStep.java:145)
	at org.gradle.internal.execution.steps.BuildCacheStep.lambda$executeWithCache$4(BuildCacheStep.java:101)
	at java.base/java.util.Optional.orElseGet(Optional.java:364)
	at org.gradle.internal.execution.steps.BuildCacheStep.lambda$executeWithCache$5(BuildCacheStep.java:101)
	at org.gradle.internal.Try$Success.map(Try.java:170)
	at org.gradle.internal.execution.steps.BuildCacheStep.executeWithCache(BuildCacheStep.java:85)
	at org.gradle.internal.execution.steps.BuildCacheStep.lambda$execute$0(BuildCacheStep.java:74)
	at org.gradle.internal.Either$Left.fold(Either.java:116)
	at org.gradle.internal.execution.caching.CachingState.fold(CachingState.java:62)
	at org.gradle.internal.execution.steps.BuildCacheStep.execute(BuildCacheStep.java:73)
	at org.gradle.internal.execution.steps.BuildCacheStep.execute(BuildCacheStep.java:48)
	at org.gradle.internal.execution.steps.StoreExecutionStateStep.execute(StoreExecutionStateStep.java:46)
	at org.gradle.internal.execution.steps.StoreExecutionStateStep.execute(StoreExecutionStateStep.java:35)
	at org.gradle.internal.execution.steps.SkipUpToDateStep.executeBecause(SkipUpToDateStep.java:75)
	at org.gradle.internal.execution.steps.SkipUpToDateStep.lambda$execute$2(SkipUpToDateStep.java:53)
	at java.base/java.util.Optional.orElseGet(Optional.java:364)
	at org.gradle.internal.execution.steps.SkipUpToDateStep.execute(SkipUpToDateStep.java:53)
	at org.gradle.internal.execution.steps.SkipUpToDateStep.execute(SkipUpToDateStep.java:35)
	at org.gradle.internal.execution.steps.legacy.MarkSnapshottingInputsFinishedStep.execute(MarkSnapshottingInputsFinishedStep.java:37)
	at org.gradle.internal.execution.steps.legacy.MarkSnapshottingInputsFinishedStep.execute(MarkSnapshottingInputsFinishedStep.java:27)
	at org.gradle.internal.execution.steps.ResolveIncrementalCachingStateStep.executeDelegate(ResolveIncrementalCachingStateStep.java:49)
	at org.gradle.internal.execution.steps.ResolveIncrementalCachingStateStep.executeDelegate(ResolveIncrementalCachingStateStep.java:27)
	at org.gradle.internal.execution.steps.AbstractResolveCachingStateStep.execute(AbstractResolveCachingStateStep.java:71)
	at org.gradle.internal.execution.steps.AbstractResolveCachingStateStep.execute(AbstractResolveCachingStateStep.java:39)
	at org.gradle.internal.execution.steps.ResolveChangesStep.execute(ResolveChangesStep.java:64)
	at org.gradle.internal.execution.steps.ResolveChangesStep.execute(ResolveChangesStep.java:35)
	at org.gradle.internal.execution.steps.ValidateStep.execute(ValidateStep.java:62)
	at org.gradle.internal.execution.steps.ValidateStep.execute(ValidateStep.java:40)
	at org.gradle.internal.execution.steps.AbstractCaptureStateBeforeExecutionStep.execute(AbstractCaptureStateBeforeExecutionStep.java:76)
	at org.gradle.internal.execution.steps.AbstractCaptureStateBeforeExecutionStep.execute(AbstractCaptureStateBeforeExecutionStep.java:45)
	at org.gradle.internal.execution.steps.AbstractSkipEmptyWorkStep.executeWithNonEmptySources(AbstractSkipEmptyWorkStep.java:136)
	at org.gradle.internal.execution.steps.AbstractSkipEmptyWorkStep.execute(AbstractSkipEmptyWorkStep.java:66)
	at org.gradle.internal.execution.steps.AbstractSkipEmptyWorkStep.execute(AbstractSkipEmptyWorkStep.java:38)
	at org.gradle.internal.execution.steps.legacy.MarkSnapshottingInputsStartedStep.execute(MarkSnapshottingInputsStartedStep.java:38)
	at org.gradle.internal.execution.steps.LoadPreviousExecutionStateStep.execute(LoadPreviousExecutionStateStep.java:36)
	at org.gradle.internal.execution.steps.LoadPreviousExecutionStateStep.execute(LoadPreviousExecutionStateStep.java:23)
	at org.gradle.internal.execution.steps.HandleStaleOutputsStep.execute(HandleStaleOutputsStep.java:75)
	at org.gradle.internal.execution.steps.HandleStaleOutputsStep.execute(HandleStaleOutputsStep.java:41)
	at org.gradle.internal.execution.steps.AssignMutableWorkspaceStep.lambda$execute$0(AssignMutableWorkspaceStep.java:35)
	at org.gradle.api.internal.tasks.execution.TaskExecution$4.withWorkspace(TaskExecution.java:297)
	at org.gradle.internal.execution.steps.AssignMutableWorkspaceStep.execute(AssignMutableWorkspaceStep.java:31)
	at org.gradle.internal.execution.steps.AssignMutableWorkspaceStep.execute(AssignMutableWorkspaceStep.java:22)
	at org.gradle.internal.execution.steps.ChoosePipelineStep.execute(ChoosePipelineStep.java:40)
	at org.gradle.internal.execution.steps.ChoosePipelineStep.execute(ChoosePipelineStep.java:23)
	at org.gradle.internal.execution.steps.ExecuteWorkBuildOperationFiringStep.lambda$execute$2(ExecuteWorkBuildOperationFiringStep.java:67)
	at java.base/java.util.Optional.orElseGet(Optional.java:364)
	at org.gradle.internal.execution.steps.ExecuteWorkBuildOperationFiringStep.execute(ExecuteWorkBuildOperationFiringStep.java:67)
	at org.gradle.internal.execution.steps.ExecuteWorkBuildOperationFiringStep.execute(ExecuteWorkBuildOperationFiringStep.java:39)
	at org.gradle.internal.execution.steps.IdentityCacheStep.execute(IdentityCacheStep.java:46)
	at org.gradle.internal.execution.steps.IdentityCacheStep.execute(IdentityCacheStep.java:34)
	at org.gradle.internal.execution.steps.IdentifyStep.execute(IdentifyStep.java:47)
	at org.gradle.internal.execution.steps.IdentifyStep.execute(IdentifyStep.java:34)
	at org.gradle.internal.execution.impl.DefaultExecutionEngine$1.execute(DefaultExecutionEngine.java:64)
	at org.gradle.api.internal.tasks.execution.ExecuteActionsTaskExecuter.executeIfValid(ExecuteActionsTaskExecuter.java:132)
	... 63 more

==============================================================================

3: Task failed with an exception.
-----------
* What went wrong:
Execution failed for task ':composeApp:compileKotlinIosX64'.
> Compilation finished with errors

* Try:
> Run with --info or --debug option to get more log output.
> Run with --scan to generate a Build Scan (Powered by Develocity).
> Get more help at https://help.gradle.org.

* Exception is:
org.gradle.api.tasks.TaskExecutionException: Execution failed for task ':composeApp:compileKotlinIosX64'.
	at org.gradle.api.internal.tasks.execution.ExecuteActionsTaskExecuter.lambda$executeIfValid$1(ExecuteActionsTaskExecuter.java:135)
	at org.gradle.internal.Try$Failure.ifSuccessfulOrElse(Try.java:288)
	at org.gradle.api.internal.tasks.execution.ExecuteActionsTaskExecuter.executeIfValid(ExecuteActionsTaskExecuter.java:133)
	at org.gradle.api.internal.tasks.execution.ExecuteActionsTaskExecuter.execute(ExecuteActionsTaskExecuter.java:121)
	at org.gradle.api.internal.tasks.execution.ProblemsTaskPathTrackingTaskExecuter.execute(ProblemsTaskPathTrackingTaskExecuter.java:41)
	at org.gradle.api.internal.tasks.execution.FinalizePropertiesTaskExecuter.execute(FinalizePropertiesTaskExecuter.java:46)
	at org.gradle.api.internal.tasks.execution.ResolveTaskExecutionModeExecuter.execute(ResolveTaskExecutionModeExecuter.java:51)
	at org.gradle.api.internal.tasks.execution.SkipTaskWithNoActionsExecuter.execute(SkipTaskWithNoActionsExecuter.java:57)
	at org.gradle.api.internal.tasks.execution.SkipOnlyIfTaskExecuter.execute(SkipOnlyIfTaskExecuter.java:74)
	at org.gradle.api.internal.tasks.execution.CatchExceptionTaskExecuter.execute(CatchExceptionTaskExecuter.java:36)
	at org.gradle.api.internal.tasks.execution.EventFiringTaskExecuter$1.executeTask(EventFiringTaskExecuter.java:77)
	at org.gradle.api.internal.tasks.execution.EventFiringTaskExecuter$1.call(EventFiringTaskExecuter.java:55)
	at org.gradle.api.internal.tasks.execution.EventFiringTaskExecuter$1.call(EventFiringTaskExecuter.java:52)
	at org.gradle.internal.operations.DefaultBuildOperationRunner$CallableBuildOperationWorker.execute(DefaultBuildOperationRunner.java:209)
	at org.gradle.internal.operations.DefaultBuildOperationRunner$CallableBuildOperationWorker.execute(DefaultBuildOperationRunner.java:204)
	at org.gradle.internal.operations.DefaultBuildOperationRunner$2.execute(DefaultBuildOperationRunner.java:66)
	at org.gradle.internal.operations.DefaultBuildOperationRunner$2.execute(DefaultBuildOperationRunner.java:59)
	at org.gradle.internal.operations.DefaultBuildOperationRunner.execute(DefaultBuildOperationRunner.java:166)
	at org.gradle.internal.operations.DefaultBuildOperationRunner.execute(DefaultBuildOperationRunner.java:59)
	at org.gradle.internal.operations.DefaultBuildOperationRunner.call(DefaultBuildOperationRunner.java:53)
	at org.gradle.api.internal.tasks.execution.EventFiringTaskExecuter.execute(EventFiringTaskExecuter.java:52)
	at org.gradle.execution.plan.LocalTaskNodeExecutor.execute(LocalTaskNodeExecutor.java:45)
	at org.gradle.execution.taskgraph.DefaultTaskExecutionGraph$InvokeNodeExecutorsAction.execute(DefaultTaskExecutionGraph.java:347)
	at org.gradle.execution.taskgraph.DefaultTaskExecutionGraph$InvokeNodeExecutorsAction.execute(DefaultTaskExecutionGraph.java:334)
	at org.gradle.execution.taskgraph.DefaultTaskExecutionGraph$BuildOperationAwareExecutionAction.lambda$execute$0(DefaultTaskExecutionGraph.java:330)
	at org.gradle.internal.operations.CurrentBuildOperationRef.with(CurrentBuildOperationRef.java:84)
	at org.gradle.execution.taskgraph.DefaultTaskExecutionGraph$BuildOperationAwareExecutionAction.execute(DefaultTaskExecutionGraph.java:330)
	at org.gradle.execution.taskgraph.DefaultTaskExecutionGraph$BuildOperationAwareExecutionAction.execute(DefaultTaskExecutionGraph.java:319)
	at org.gradle.execution.plan.DefaultPlanExecutor$ExecutorWorker.execute(DefaultPlanExecutor.java:459)
	at org.gradle.execution.plan.DefaultPlanExecutor$ExecutorWorker.run(DefaultPlanExecutor.java:376)
	at org.gradle.internal.concurrent.ExecutorPolicy$CatchAndRecordFailures.onExecute(ExecutorPolicy.java:64)
	at org.gradle.internal.concurrent.AbstractManagedExecutor$1.run(AbstractManagedExecutor.java:47)
	at java.base/java.util.concurrent.ThreadPoolExecutor.runWorker(ThreadPoolExecutor.java:1136)
	at java.base/java.util.concurrent.ThreadPoolExecutor$Worker.run(ThreadPoolExecutor.java:635)
	at java.base/java.lang.Thread.run(Thread.java:840)
Caused by: org.jetbrains.kotlin.backend.konan.KonanCompilationException: Compilation finished with errors
	at org.jetbrains.kotlin.cli.bc.K2Native$Companion.mainNoExitWithRenderer$lambda$2(K2Native.kt:220)
	at org.jetbrains.kotlin.util.UtilKt.profileIf(Util.kt:22)
	at org.jetbrains.kotlin.util.UtilKt.profile(Util.kt:16)
	at org.jetbrains.kotlin.cli.bc.K2Native$Companion.mainNoExitWithRenderer(K2Native.kt:218)
	at org.jetbrains.kotlin.cli.bc.K2NativeKt.mainNoExitWithGradleRenderer(K2Native.kt:236)
	at org.jetbrains.kotlin.cli.utilities.MainKt$daemonMain$1.invoke(main.kt:50)
	at org.jetbrains.kotlin.cli.utilities.MainKt$daemonMain$1.invoke(main.kt:50)
	at org.jetbrains.kotlin.cli.utilities.MainKt.mainImpl(main.kt:20)
	at org.jetbrains.kotlin.cli.utilities.MainKt.inProcessMain(main.kt:57)
	at org.jetbrains.kotlin.cli.utilities.MainKt.daemonMain(main.kt:50)
	at java.base/jdk.internal.reflect.NativeMethodAccessorImpl.invoke0(Native Method)
	at java.base/jdk.internal.reflect.NativeMethodAccessorImpl.invoke(NativeMethodAccessorImpl.java:77)
	at java.base/jdk.internal.reflect.DelegatingMethodAccessorImpl.invoke(DelegatingMethodAccessorImpl.java:43)
	at java.base/java.lang.reflect.Method.invoke(Method.java:569)
	at org.jetbrains.kotlin.internal.compilerRunner.native.KotlinNativeToolRunner.runInProcess(KotlinNativeToolRunner.kt:151)
	at org.jetbrains.kotlin.internal.compilerRunner.native.KotlinNativeToolRunner.runTool(KotlinNativeToolRunner.kt:52)
	at org.jetbrains.kotlin.gradle.tasks.KotlinNativeCompile$compile$1.invoke(KotlinNativeTasks.kt:608)
	at org.jetbrains.kotlin.gradle.tasks.KotlinNativeCompile$compile$1.invoke(KotlinNativeTasks.kt:592)
	at org.jetbrains.kotlin.compilerRunner.ReportUtilsKt.addBuildMetricsForTaskAction(reportUtils.kt:260)
	at org.jetbrains.kotlin.gradle.tasks.KotlinNativeCompile.compile(KotlinNativeTasks.kt:592)
	at java.base/jdk.internal.reflect.NativeMethodAccessorImpl.invoke0(Native Method)
	at java.base/jdk.internal.reflect.NativeMethodAccessorImpl.invoke(NativeMethodAccessorImpl.java:77)
	at java.base/jdk.internal.reflect.DelegatingMethodAccessorImpl.invoke(DelegatingMethodAccessorImpl.java:43)
	at java.base/java.lang.reflect.Method.invoke(Method.java:569)
	at org.gradle.internal.reflect.JavaMethod.invoke(JavaMethod.java:125)
	at org.gradle.api.internal.project.taskfactory.StandardTaskAction.doExecute(StandardTaskAction.java:58)
	at org.gradle.api.internal.project.taskfactory.StandardTaskAction.execute(StandardTaskAction.java:51)
	at org.gradle.api.internal.project.taskfactory.StandardTaskAction.execute(StandardTaskAction.java:29)
	at org.gradle.api.internal.tasks.execution.TaskExecution$3.run(TaskExecution.java:252)
	at org.gradle.internal.operations.DefaultBuildOperationRunner$1.execute(DefaultBuildOperationRunner.java:29)
	at org.gradle.internal.operations.DefaultBuildOperationRunner$1.execute(DefaultBuildOperationRunner.java:26)
	at org.gradle.internal.operations.DefaultBuildOperationRunner$2.execute(DefaultBuildOperationRunner.java:66)
	at org.gradle.internal.operations.DefaultBuildOperationRunner$2.execute(DefaultBuildOperationRunner.java:59)
	at org.gradle.internal.operations.DefaultBuildOperationRunner.execute(DefaultBuildOperationRunner.java:166)
	at org.gradle.internal.operations.DefaultBuildOperationRunner.execute(DefaultBuildOperationRunner.java:59)
	at org.gradle.internal.operations.DefaultBuildOperationRunner.run(DefaultBuildOperationRunner.java:47)
	at org.gradle.api.internal.tasks.execution.TaskExecution.executeAction(TaskExecution.java:237)
	at org.gradle.api.internal.tasks.execution.TaskExecution.executeActions(TaskExecution.java:220)
	at org.gradle.api.internal.tasks.execution.TaskExecution.executeWithPreviousOutputFiles(TaskExecution.java:203)
	at org.gradle.api.internal.tasks.execution.TaskExecution.execute(TaskExecution.java:170)
	at org.gradle.internal.execution.steps.ExecuteStep.executeInternal(ExecuteStep.java:105)
	at org.gradle.internal.execution.steps.ExecuteStep.access$000(ExecuteStep.java:44)
	at org.gradle.internal.execution.steps.ExecuteStep$1.call(ExecuteStep.java:59)
	at org.gradle.internal.execution.steps.ExecuteStep$1.call(ExecuteStep.java:56)
	at org.gradle.internal.operations.DefaultBuildOperationRunner$CallableBuildOperationWorker.execute(DefaultBuildOperationRunner.java:209)
	at org.gradle.internal.operations.DefaultBuildOperationRunner$CallableBuildOperationWorker.execute(DefaultBuildOperationRunner.java:204)
	at org.gradle.internal.operations.DefaultBuildOperationRunner$2.execute(DefaultBuildOperationRunner.java:66)
	at org.gradle.internal.operations.DefaultBuildOperationRunner$2.execute(DefaultBuildOperationRunner.java:59)
	at org.gradle.internal.operations.DefaultBuildOperationRunner.execute(DefaultBuildOperationRunner.java:166)
	at org.gradle.internal.operations.DefaultBuildOperationRunner.execute(DefaultBuildOperationRunner.java:59)
	at org.gradle.internal.operations.DefaultBuildOperationRunner.call(DefaultBuildOperationRunner.java:53)
	at org.gradle.internal.execution.steps.ExecuteStep.execute(ExecuteStep.java:56)
	at org.gradle.internal.execution.steps.ExecuteStep.execute(ExecuteStep.java:44)
	at org.gradle.internal.execution.steps.CancelExecutionStep.execute(CancelExecutionStep.java:42)
	at org.gradle.internal.execution.steps.TimeoutStep.executeWithoutTimeout(TimeoutStep.java:75)
	at org.gradle.internal.execution.steps.TimeoutStep.execute(TimeoutStep.java:55)
	at org.gradle.internal.execution.steps.PreCreateOutputParentsStep.execute(PreCreateOutputParentsStep.java:50)
	at org.gradle.internal.execution.steps.PreCreateOutputParentsStep.execute(PreCreateOutputParentsStep.java:28)
	at org.gradle.internal.execution.steps.RemovePreviousOutputsStep.execute(RemovePreviousOutputsStep.java:68)
	at org.gradle.internal.execution.steps.RemovePreviousOutputsStep.execute(RemovePreviousOutputsStep.java:38)
	at org.gradle.internal.execution.steps.BroadcastChangingOutputsStep.execute(BroadcastChangingOutputsStep.java:61)
	at org.gradle.internal.execution.steps.BroadcastChangingOutputsStep.execute(BroadcastChangingOutputsStep.java:26)
	at org.gradle.internal.execution.steps.CaptureOutputsAfterExecutionStep.execute(CaptureOutputsAfterExecutionStep.java:69)
	at org.gradle.internal.execution.steps.CaptureOutputsAfterExecutionStep.execute(CaptureOutputsAfterExecutionStep.java:46)
	at org.gradle.internal.execution.steps.ResolveInputChangesStep.execute(ResolveInputChangesStep.java:39)
	at org.gradle.internal.execution.steps.ResolveInputChangesStep.execute(ResolveInputChangesStep.java:28)
	at org.gradle.internal.execution.steps.BuildCacheStep.executeWithoutCache(BuildCacheStep.java:189)
	at org.gradle.internal.execution.steps.BuildCacheStep.executeAndStoreInCache(BuildCacheStep.java:145)
	at org.gradle.internal.execution.steps.BuildCacheStep.lambda$executeWithCache$4(BuildCacheStep.java:101)
	at java.base/java.util.Optional.orElseGet(Optional.java:364)
	at org.gradle.internal.execution.steps.BuildCacheStep.lambda$executeWithCache$5(BuildCacheStep.java:101)
	at org.gradle.internal.Try$Success.map(Try.java:170)
	at org.gradle.internal.execution.steps.BuildCacheStep.executeWithCache(BuildCacheStep.java:85)
	at org.gradle.internal.execution.steps.BuildCacheStep.lambda$execute$0(BuildCacheStep.java:74)
	at org.gradle.internal.Either$Left.fold(Either.java:116)
	at org.gradle.internal.execution.caching.CachingState.fold(CachingState.java:62)
	at org.gradle.internal.execution.steps.BuildCacheStep.execute(BuildCacheStep.java:73)
	at org.gradle.internal.execution.steps.BuildCacheStep.execute(BuildCacheStep.java:48)
	at org.gradle.internal.execution.steps.StoreExecutionStateStep.execute(StoreExecutionStateStep.java:46)
	at org.gradle.internal.execution.steps.StoreExecutionStateStep.execute(StoreExecutionStateStep.java:35)
	at org.gradle.internal.execution.steps.SkipUpToDateStep.executeBecause(SkipUpToDateStep.java:75)
	at org.gradle.internal.execution.steps.SkipUpToDateStep.lambda$execute$2(SkipUpToDateStep.java:53)
	at java.base/java.util.Optional.orElseGet(Optional.java:364)
	at org.gradle.internal.execution.steps.SkipUpToDateStep.execute(SkipUpToDateStep.java:53)
	at org.gradle.internal.execution.steps.SkipUpToDateStep.execute(SkipUpToDateStep.java:35)
	at org.gradle.internal.execution.steps.legacy.MarkSnapshottingInputsFinishedStep.execute(MarkSnapshottingInputsFinishedStep.java:37)
	at org.gradle.internal.execution.steps.legacy.MarkSnapshottingInputsFinishedStep.execute(MarkSnapshottingInputsFinishedStep.java:27)
	at org.gradle.internal.execution.steps.ResolveIncrementalCachingStateStep.executeDelegate(ResolveIncrementalCachingStateStep.java:49)
	at org.gradle.internal.execution.steps.ResolveIncrementalCachingStateStep.executeDelegate(ResolveIncrementalCachingStateStep.java:27)
	at org.gradle.internal.execution.steps.AbstractResolveCachingStateStep.execute(AbstractResolveCachingStateStep.java:71)
	at org.gradle.internal.execution.steps.AbstractResolveCachingStateStep.execute(AbstractResolveCachingStateStep.java:39)
	at org.gradle.internal.execution.steps.ResolveChangesStep.execute(ResolveChangesStep.java:64)
	at org.gradle.internal.execution.steps.ResolveChangesStep.execute(ResolveChangesStep.java:35)
	at org.gradle.internal.execution.steps.ValidateStep.execute(ValidateStep.java:62)
	at org.gradle.internal.execution.steps.ValidateStep.execute(ValidateStep.java:40)
	at org.gradle.internal.execution.steps.AbstractCaptureStateBeforeExecutionStep.execute(AbstractCaptureStateBeforeExecutionStep.java:76)
	at org.gradle.internal.execution.steps.AbstractCaptureStateBeforeExecutionStep.execute(AbstractCaptureStateBeforeExecutionStep.java:45)
	at org.gradle.internal.execution.steps.AbstractSkipEmptyWorkStep.executeWithNonEmptySources(AbstractSkipEmptyWorkStep.java:136)
	at org.gradle.internal.execution.steps.AbstractSkipEmptyWorkStep.execute(AbstractSkipEmptyWorkStep.java:66)
	at org.gradle.internal.execution.steps.AbstractSkipEmptyWorkStep.execute(AbstractSkipEmptyWorkStep.java:38)
	at org.gradle.internal.execution.steps.legacy.MarkSnapshottingInputsStartedStep.execute(MarkSnapshottingInputsStartedStep.java:38)
	at org.gradle.internal.execution.steps.LoadPreviousExecutionStateStep.execute(LoadPreviousExecutionStateStep.java:36)
	at org.gradle.internal.execution.steps.LoadPreviousExecutionStateStep.execute(LoadPreviousExecutionStateStep.java:23)
	at org.gradle.internal.execution.steps.HandleStaleOutputsStep.execute(HandleStaleOutputsStep.java:75)
	at org.gradle.internal.execution.steps.HandleStaleOutputsStep.execute(HandleStaleOutputsStep.java:41)
	at org.gradle.internal.execution.steps.AssignMutableWorkspaceStep.lambda$execute$0(AssignMutableWorkspaceStep.java:35)
	at org.gradle.api.internal.tasks.execution.TaskExecution$4.withWorkspace(TaskExecution.java:297)
	at org.gradle.internal.execution.steps.AssignMutableWorkspaceStep.execute(AssignMutableWorkspaceStep.java:31)
	at org.gradle.internal.execution.steps.AssignMutableWorkspaceStep.execute(AssignMutableWorkspaceStep.java:22)
	at org.gradle.internal.execution.steps.ChoosePipelineStep.execute(ChoosePipelineStep.java:40)
	at org.gradle.internal.execution.steps.ChoosePipelineStep.execute(ChoosePipelineStep.java:23)
	at org.gradle.internal.execution.steps.ExecuteWorkBuildOperationFiringStep.lambda$execute$2(ExecuteWorkBuildOperationFiringStep.java:67)
	at java.base/java.util.Optional.orElseGet(Optional.java:364)
	at org.gradle.internal.execution.steps.ExecuteWorkBuildOperationFiringStep.execute(ExecuteWorkBuildOperationFiringStep.java:67)
	at org.gradle.internal.execution.steps.ExecuteWorkBuildOperationFiringStep.execute(ExecuteWorkBuildOperationFiringStep.java:39)
	at org.gradle.internal.execution.steps.IdentityCacheStep.execute(IdentityCacheStep.java:46)
	at org.gradle.internal.execution.steps.IdentityCacheStep.execute(IdentityCacheStep.java:34)
	at org.gradle.internal.execution.steps.IdentifyStep.execute(IdentifyStep.java:47)
	at org.gradle.internal.execution.steps.IdentifyStep.execute(IdentifyStep.java:34)
	at org.gradle.internal.execution.impl.DefaultExecutionEngine$1.execute(DefaultExecutionEngine.java:64)
	at org.gradle.api.internal.tasks.execution.ExecuteActionsTaskExecuter.executeIfValid(ExecuteActionsTaskExecuter.java:132)
	... 32 more

==============================================================================

BUILD FAILED in 3m 28s
6 actionable tasks: 6 executed
Configuration cache entry stored.
